# SMART (Meadows & Crisp 1996) line-by-line TOA outgoing longwave spectrum for
# the early-Mars column of Kopparapu et al. (2013) Figure 1: Mars-mass planet,
# 2 bar 95% CO2 / 5% N2, Ts = 250 K, 167 K isothermal stratosphere.
#
# Provided by R. Kopparapu as smart_earlymars_thermal_newcia_toa.rad (the
# "new CIA" update of the calculation shown in their Figure 1; the companion
# heating-rate file smart_earlymars_thermal_newcia.hrt carries the P-T profile
# used here, and its TOA up-thermal flux is 88.456 W/m2).
#
# Original file columns are wavelength [um], wavenumber [cm-1], solar flux,
# upward thermal flux [W/m2/um], then radiances.  Converted below to spectral
# density per wavenumber, F_nu = F_lambda * lambda^2 * 1e-4.
#
# Integrated flux: 88.474 W/m2 over 11-9883 cm-1
#                  88.453 W/m2 over 11-2000 cm-1
#
# columns: wavenumber_cm-1   F_nu_W/m2/cm-1
     11.00   5.522348e-04
     12.00   6.212123e-04
     13.00   7.215320e-04
     14.00   8.292168e-04
     15.00   9.427890e-04
     16.00   1.067722e-03
     17.00   1.192276e-03
     18.00   1.328136e-03
     19.00   1.475291e-03
     20.00   1.610030e-03
     21.00   1.774694e-03
     22.00   1.943744e-03
     23.00   2.096510e-03
     24.00   2.291070e-03
     25.00   2.459280e-03
     26.00   2.633803e-03
     27.00   2.860419e-03
     28.00   3.031386e-03
     29.00   3.237940e-03
     30.00   3.462169e-03
     31.00   3.645717e-03
     32.00   3.902402e-03
     33.00   4.123848e-03
     34.00   4.319961e-03
     35.00   4.589568e-03
     36.00   4.835616e-03
     37.00   5.071017e-03
     38.00   5.329259e-03
     39.00   5.583241e-03
     40.00   5.841263e-03
     41.00   6.109397e-03
     42.00   6.393002e-03
     43.00   6.662940e-03
     44.00   6.952772e-03
     45.00   7.235431e-03
     46.00   7.522693e-03
     47.00   7.895232e-03
     48.00   8.148691e-03
     49.00   8.378627e-03
     50.00   8.762136e-03
     51.00   9.058905e-03
     52.00   9.291299e-03
     53.00   9.613452e-03
     54.00   9.971939e-03
     55.00   1.030031e-02
     56.00   1.063102e-02
     57.00   1.098596e-02
     58.00   1.130269e-02
     59.00   1.164717e-02
     60.00   1.199922e-02
     61.00   1.236147e-02
     62.00   1.268852e-02
     63.00   1.300648e-02
     64.00   1.339726e-02
     65.00   1.378125e-02
     66.00   1.412927e-02
     67.00   1.448066e-02
     68.00   1.484983e-02
     69.00   1.525138e-02
     70.00   1.560794e-02
     71.00   1.598360e-02
     72.00   1.634116e-02
     73.00   1.673631e-02
     74.00   1.713862e-02
     75.00   1.750883e-02
     76.00   1.789169e-02
     77.00   1.829173e-02
     78.00   1.869823e-02
     79.00   1.905670e-02
     80.00   1.947873e-02
     81.00   1.994417e-02
     82.00   2.039703e-02
     83.00   2.078244e-02
     84.00   2.110359e-02
     85.00   2.141967e-02
     86.00   2.180660e-02
     87.00   2.228605e-02
     88.00   2.283546e-02
     89.00   2.324385e-02
     90.00   2.356655e-02
     91.00   2.401963e-02
     92.00   2.437976e-02
     93.00   2.477116e-02
     94.00   2.530241e-02
     95.00   2.571839e-02
     96.00   2.615414e-02
     97.00   2.659603e-02
     98.00   2.703328e-02
     99.00   2.747065e-02
    100.00   2.788698e-02
    101.00   2.843073e-02
    102.00   2.876370e-02
    103.00   2.913870e-02
    104.00   2.971906e-02
    105.00   3.011794e-02
    106.00   3.057153e-02
    107.00   3.104055e-02
    108.00   3.148455e-02
    109.00   3.195375e-02
    110.00   3.242591e-02
    111.00   3.310123e-02
    112.00   3.356779e-02
    113.00   3.377864e-02
    114.00   3.419105e-02
    115.00   3.481370e-02
    116.00   3.509461e-02
    117.00   3.548630e-02
    118.00   3.605528e-02
    119.00   3.654891e-02
    120.00   3.703185e-02
    121.00   3.743195e-02
    122.00   3.799868e-02
    123.00   3.845948e-02
    124.00   3.898206e-02
    125.00   3.945142e-02
    126.00   3.990351e-02
    127.00   4.031852e-02
    128.00   4.085057e-02
    129.00   4.141402e-02
    130.00   4.185876e-02
    131.00   4.234059e-02
    132.00   4.279864e-02
    133.00   4.326548e-02
    134.00   4.381047e-02
    135.00   4.447009e-02
    136.00   4.495247e-02
    137.00   4.529733e-02
    138.00   4.573313e-02
    139.00   4.619125e-02
    140.00   4.671202e-02
    141.00   4.764559e-02
    142.00   4.801058e-02
    143.00   4.820415e-02
    144.00   4.878284e-02
    145.00   4.920414e-02
    146.00   4.975394e-02
    147.00   5.043112e-02
    148.00   5.083556e-02
    149.00   5.121910e-02
    150.00   5.163368e-02
    151.00   5.223131e-02
    152.00   5.285322e-02
    153.00   5.358438e-02
    154.00   5.404222e-02
    155.00   5.441370e-02
    156.00   5.499079e-02
    157.00   5.546347e-02
    158.00   5.599335e-02
    159.00   5.679993e-02
    160.00   5.725797e-02
    161.00   5.760480e-02
    162.00   5.817889e-02
    163.00   5.889028e-02
    164.00   5.931324e-02
    165.00   5.974130e-02
    166.00   6.039798e-02
    167.00   6.082151e-02
    168.00   6.144948e-02
    169.00   6.189696e-02
    170.00   6.217208e-02
    171.00   6.272042e-02
    172.00   6.359200e-02
    173.00   6.423573e-02
    174.00   6.458623e-02
    175.00   6.517699e-02
    176.00   6.579074e-02
    177.00   6.612559e-02
    178.00   6.676639e-02
    179.00   6.748462e-02
    180.00   6.817745e-02
    181.00   6.873383e-02
    182.00   6.937431e-02
    183.00   6.997193e-02
    184.00   7.034600e-02
    185.00   7.094132e-02
    186.00   7.164366e-02
    187.00   7.217085e-02
    188.00   7.293377e-02
    189.00   7.354359e-02
    190.00   7.403618e-02
    191.00   7.485609e-02
    192.00   7.535334e-02
    193.00   7.586327e-02
    194.00   7.663224e-02
    195.00   7.716720e-02
    196.00   7.784499e-02
    197.00   7.883599e-02
    198.00   7.939968e-02
    199.00   7.990517e-02
    200.00   8.062185e-02
    201.00   8.088603e-02
    202.00   8.035874e-02
    203.00   8.109177e-02
    204.00   8.300455e-02
    205.00   8.413676e-02
    206.00   8.487421e-02
    207.00   8.533117e-02
    208.00   8.569946e-02
    209.00   8.654296e-02
    210.00   8.775951e-02
    211.00   8.892233e-02
    212.00   8.969448e-02
    213.00   9.052233e-02
    214.00   9.130347e-02
    215.00   9.226988e-02
    216.00   9.392290e-02
    217.00   9.451866e-02
    218.00   9.503767e-02
    219.00   9.603853e-02
    220.00   9.672184e-02
    221.00   9.700195e-02
    222.00   9.745660e-02
    223.00   9.886750e-02
    224.00   1.003659e-01
    225.00   1.009770e-01
    226.00   1.009989e-01
    227.00   1.007249e-01
    228.00   1.016038e-01
    229.00   1.044622e-01
    230.00   1.069022e-01
    231.00   1.080762e-01
    232.00   1.096699e-01
    233.00   1.106412e-01
    234.00   1.113920e-01
    235.00   1.128000e-01
    236.00   1.136573e-01
    237.00   1.153219e-01
    238.00   1.161576e-01
    239.00   1.167928e-01
    240.00   1.185477e-01
    241.00   1.198526e-01
    242.00   1.206457e-01
    243.00   1.214092e-01
    244.00   1.223957e-01
    245.00   1.220240e-01
    246.00   1.227655e-01
    247.00   1.236102e-01
    248.00   1.241322e-01
    249.00   1.273732e-01
    250.00   1.307091e-01
    251.00   1.321312e-01
    252.00   1.329148e-01
    253.00   1.302485e-01
    254.00   1.281576e-01
    255.00   1.331135e-01
    256.00   1.388285e-01
    257.00   1.401281e-01
    258.00   1.421161e-01
    259.00   1.433658e-01
    260.00   1.439187e-01
    261.00   1.453285e-01
    262.00   1.470708e-01
    263.00   1.478708e-01
    264.00   1.488870e-01
    265.00   1.504460e-01
    266.00   1.511807e-01
    267.00   1.532411e-01
    268.00   1.551155e-01
    269.00   1.564645e-01
    270.00   1.576165e-01
    271.00   1.585624e-01
    272.00   1.600564e-01
    273.00   1.616060e-01
    274.00   1.629611e-01
    275.00   1.635129e-01
    276.00   1.636927e-01
    277.00   1.623103e-01
    278.00   1.596969e-01
    279.00   1.621766e-01
    280.00   1.673935e-01
    281.00   1.680440e-01
    282.00   1.672174e-01
    283.00   1.708025e-01
    284.00   1.751032e-01
    285.00   1.771247e-01
    286.00   1.784471e-01
    287.00   1.796590e-01
    288.00   1.796161e-01
    289.00   1.784274e-01
    290.00   1.797885e-01
    291.00   1.843501e-01
    292.00   1.860455e-01
    293.00   1.868228e-01
    294.00   1.883635e-01
    295.00   1.891740e-01
    296.00   1.900948e-01
    297.00   1.916711e-01
    298.00   1.928193e-01
    299.00   1.937468e-01
    300.00   1.947058e-01
    301.00   1.944386e-01
    302.00   1.895123e-01
    303.00   1.864424e-01
    304.00   1.930740e-01
    305.00   1.998771e-01
    306.00   2.013570e-01
    307.00   2.021753e-01
    308.00   2.032176e-01
    309.00   2.042945e-01
    310.00   2.049761e-01
    311.00   2.062578e-01
    312.00   2.071246e-01
    313.00   2.075557e-01
    314.00   2.079931e-01
    315.00   2.082237e-01
    316.00   2.110644e-01
    317.00   2.119336e-01
    318.00   2.120633e-01
    319.00   2.132265e-01
    320.00   2.140643e-01
    321.00   2.144029e-01
    322.00   2.142087e-01
    323.00   2.113141e-01
    324.00   2.105126e-01
    325.00   2.151140e-01
    326.00   2.176552e-01
    327.00   2.157425e-01
    328.00   2.156641e-01
    329.00   2.191008e-01
    330.00   2.217233e-01
    331.00   2.225093e-01
    332.00   2.232043e-01
    333.00   2.237036e-01
    334.00   2.221956e-01
    335.00   2.213924e-01
    336.00   2.243226e-01
    337.00   2.261524e-01
    338.00   2.265770e-01
    339.00   2.271439e-01
    340.00   2.275900e-01
    341.00   2.280018e-01
    342.00   2.288538e-01
    343.00   2.296011e-01
    344.00   2.299746e-01
    345.00   2.308373e-01
    346.00   2.311168e-01
    347.00   2.313596e-01
    348.00   2.318252e-01
    349.00   2.309069e-01
    350.00   2.304548e-01
    351.00   2.312824e-01
    352.00   2.320355e-01
    353.00   2.329740e-01
    354.00   2.338814e-01
    355.00   2.343746e-01
    356.00   2.344136e-01
    357.00   2.340240e-01
    358.00   2.355558e-01
    359.00   2.366887e-01
    360.00   2.371276e-01
    361.00   2.378799e-01
    362.00   2.382749e-01
    363.00   2.381651e-01
    364.00   2.379374e-01
    365.00   2.379116e-01
    366.00   2.378154e-01
    367.00   2.377172e-01
    368.00   2.373320e-01
    369.00   2.367514e-01
    370.00   2.363003e-01
    371.00   2.364718e-01
    372.00   2.369163e-01
    373.00   2.366259e-01
    374.00   2.359403e-01
    375.00   2.356719e-01
    376.00   2.358708e-01
    377.00   2.361484e-01
    378.00   2.361860e-01
    379.00   2.356812e-01
    380.00   2.355739e-01
    381.00   2.354608e-01
    382.00   2.351405e-01
    383.00   2.349216e-01
    384.00   2.339930e-01
    385.00   2.339055e-01
    386.00   2.339570e-01
    387.00   2.338708e-01
    388.00   2.339145e-01
    389.00   2.338063e-01
    390.00   2.332773e-01
    391.00   2.329563e-01
    392.00   2.328927e-01
    393.00   2.324491e-01
    394.00   2.321718e-01
    395.00   2.316418e-01
    396.00   2.309245e-01
    397.00   2.301854e-01
    398.00   2.300247e-01
    399.00   2.302643e-01
    400.00   2.301461e-01
    401.00   2.295457e-01
    402.00   2.289449e-01
    403.00   2.284834e-01
    404.00   2.282407e-01
    405.00   2.276684e-01
    406.00   2.268340e-01
    407.00   2.261469e-01
    408.00   2.256387e-01
    409.00   2.250167e-01
    410.00   2.243978e-01
    411.00   2.237825e-01
    412.00   2.231703e-01
    413.00   2.225640e-01
    414.00   2.219260e-01
    415.00   2.211446e-01
    416.00   2.203063e-01
    417.00   2.193268e-01
    418.00   2.178953e-01
    419.00   2.163191e-01
    420.00   2.158728e-01
    421.00   2.157618e-01
    422.00   2.152526e-01
    423.00   2.144834e-01
    424.00   2.134587e-01
    425.00   2.119210e-01
    426.00   2.100252e-01
    427.00   2.081849e-01
    428.00   2.066948e-01
    429.00   2.053302e-01
    430.00   2.038486e-01
    431.00   2.023783e-01
    432.00   2.011819e-01
    433.00   2.000304e-01
    434.00   1.987739e-01
    435.00   1.974213e-01
    436.00   1.956198e-01
    437.00   1.932347e-01
    438.00   1.904345e-01
    439.00   1.876451e-01
    440.00   1.850736e-01
    441.00   1.823642e-01
    442.00   1.798568e-01
    443.00   1.776324e-01
    444.00   1.754120e-01
    445.00   1.732975e-01
    446.00   1.711062e-01
    447.00   1.689443e-01
    448.00   1.668143e-01
    449.00   1.645252e-01
    450.00   1.623029e-01
    451.00   1.601475e-01
    452.00   1.580269e-01
    453.00   1.559815e-01
    454.00   1.539865e-01
    455.00   1.521523e-01
    456.00   1.503173e-01
    457.00   1.483954e-01
    458.00   1.467150e-01
    459.00   1.452317e-01
    460.00   1.435907e-01
    461.00   1.418767e-01
    462.00   1.400476e-01
    463.00   1.382765e-01
    464.00   1.366819e-01
    465.00   1.349719e-01
    466.00   1.334584e-01
    467.00   1.320838e-01
    468.00   1.306458e-01
    469.00   1.292559e-01
    470.00   1.272784e-01
    471.00   1.249835e-01
    472.00   1.238135e-01
    473.00   1.232736e-01
    474.00   1.220842e-01
    475.00   1.204593e-01
    476.00   1.188916e-01
    477.00   1.174105e-01
    478.00   1.159930e-01
    479.00   1.146574e-01
    480.00   1.133859e-01
    481.00   1.121870e-01
    482.00   1.110467e-01
    483.00   1.099303e-01
    484.00   1.087688e-01
    485.00   1.074402e-01
    486.00   1.059759e-01
    487.00   1.045410e-01
    488.00   1.032084e-01
    489.00   1.019717e-01
    490.00   1.008169e-01
    491.00   9.973205e-02
    492.00   9.872791e-02
    493.00   9.776815e-02
    494.00   9.687336e-02
    495.00   9.604342e-02
    496.00   9.520364e-02
    497.00   9.433761e-02
    498.00   9.345973e-02
    499.00   9.260818e-02
    500.00   9.180064e-02
    501.00   9.103095e-02
    502.00   9.030187e-02
    503.00   8.960808e-02
    504.00   8.893794e-02
    505.00   8.829111e-02
    506.00   8.766431e-02
    507.00   8.689814e-02
    508.00   8.602700e-02
    509.00   8.539658e-02
    510.00   8.491251e-02
    511.00   8.429577e-02
    512.00   8.363178e-02
    513.00   8.295512e-02
    514.00   8.225853e-02
    515.00   8.163910e-02
    516.00   8.100707e-02
    517.00   8.031360e-02
    518.00   7.973752e-02
    519.00   7.915409e-02
    520.00   7.844379e-02
    521.00   7.782838e-02
    522.00   7.713067e-02
    523.00   7.626508e-02
    524.00   7.562832e-02
    525.00   7.495355e-02
    526.00   7.396528e-02
    527.00   7.328506e-02
    528.00   7.284945e-02
    529.00   7.227271e-02
    530.00   7.191559e-02
    531.00   7.144973e-02
    532.00   7.077391e-02
    533.00   7.044197e-02
    534.00   6.993273e-02
    535.00   6.905673e-02
    536.00   6.854463e-02
    537.00   6.825186e-02
    538.00   6.791562e-02
    539.00   6.768839e-02
    540.00   6.728852e-02
    541.00   6.687863e-02
    542.00   6.663356e-02
    543.00   6.538502e-02
    544.00   6.224780e-02
    545.00   6.007034e-02
    546.00   6.128444e-02
    547.00   6.301461e-02
    548.00   6.329812e-02
    549.00   6.298107e-02
    550.00   6.244857e-02
    551.00   6.200711e-02
    552.00   6.157286e-02
    553.00   6.105587e-02
    554.00   6.071103e-02
    555.00   6.030122e-02
    556.00   5.983375e-02
    557.00   5.947254e-02
    558.00   5.900055e-02
    559.00   5.853781e-02
    560.00   5.810850e-02
    561.00   5.762163e-02
    562.00   5.720400e-02
    563.00   5.675861e-02
    564.00   5.630340e-02
    565.00   5.589152e-02
    566.00   5.546180e-02
    567.00   5.504574e-02
    568.00   5.463361e-02
    569.00   5.422810e-02
    570.00   5.382312e-02
    571.00   5.344837e-02
    572.00   5.305732e-02
    573.00   5.265419e-02
    574.00   5.231302e-02
    575.00   5.186698e-02
    576.00   5.138249e-02
    577.00   5.102783e-02
    578.00   5.072369e-02
    579.00   5.045891e-02
    580.00   5.017613e-02
    581.00   4.985994e-02
    582.00   4.960312e-02
    583.00   4.937245e-02
    584.00   4.914432e-02
    585.00   4.893171e-02
    586.00   4.871669e-02
    587.00   4.851562e-02
    588.00   4.832629e-02
    589.00   4.813589e-02
    590.00   4.795382e-02
    591.00   4.777452e-02
    592.00   4.759720e-02
    593.00   4.742313e-02
    594.00   4.724902e-02
    595.00   4.707618e-02
    596.00   4.690488e-02
    597.00   4.673429e-02
    598.00   4.656426e-02
    599.00   4.639440e-02
    600.00   4.622488e-02
    601.00   4.605558e-02
    602.00   4.588652e-02
    603.00   4.571772e-02
    604.00   4.554920e-02
    605.00   4.538091e-02
    606.00   4.521297e-02
    607.00   4.504523e-02
    608.00   4.487782e-02
    609.00   4.471064e-02
    610.00   4.454376e-02
    611.00   4.437716e-02
    612.00   4.421086e-02
    613.00   4.404481e-02
    614.00   4.387914e-02
    615.00   4.371365e-02
    616.00   4.354852e-02
    617.00   4.338363e-02
    618.00   4.321910e-02
    619.00   4.305486e-02
    620.00   4.289091e-02
    621.00   4.272728e-02
    622.00   4.256394e-02
    623.00   4.240091e-02
    624.00   4.223822e-02
    625.00   4.207583e-02
    626.00   4.191374e-02
    627.00   4.175198e-02
    628.00   4.159057e-02
    629.00   4.142942e-02
    630.00   4.126865e-02
    631.00   4.110817e-02
    632.00   4.094802e-02
    633.00   4.078825e-02
    634.00   4.062877e-02
    635.00   4.046963e-02
    636.00   4.031083e-02
    637.00   4.015239e-02
    638.00   3.999425e-02
    639.00   3.983647e-02
    640.00   3.967903e-02
    641.00   3.952191e-02
    642.00   3.936518e-02
    643.00   3.920880e-02
    644.00   3.905275e-02
    645.00   3.889706e-02
    646.00   3.874172e-02
    647.00   3.858670e-02
    648.00   3.843208e-02
    649.00   3.827778e-02
    650.00   3.812383e-02
    651.00   3.797028e-02
    652.00   3.781708e-02
    653.00   3.766428e-02
    654.00   3.751181e-02
    655.00   3.735971e-02
    656.00   3.720794e-02
    657.00   3.705657e-02
    658.00   3.690557e-02
    659.00   3.675495e-02
    660.00   3.660468e-02
    661.00   3.645477e-02
    662.00   3.630525e-02
    663.00   3.615614e-02
    664.00   3.600733e-02
    665.00   3.585894e-02
    666.00   3.571091e-02
    667.00   3.556330e-02
    668.00   3.541605e-02
    669.00   3.526917e-02
    670.00   3.512269e-02
    671.00   3.497658e-02
    672.00   3.483085e-02
    673.00   3.468552e-02
    674.00   3.454054e-02
    675.00   3.439598e-02
    676.00   3.425182e-02
    677.00   3.410804e-02
    678.00   3.396462e-02
    679.00   3.382161e-02
    680.00   3.367899e-02
    681.00   3.353677e-02
    682.00   3.339494e-02
    683.00   3.325348e-02
    684.00   3.311240e-02
    685.00   3.297175e-02
    686.00   3.283148e-02
    687.00   3.269161e-02
    688.00   3.255212e-02
    689.00   3.241307e-02
    690.00   3.227436e-02
    691.00   3.213608e-02
    692.00   3.199820e-02
    693.00   3.186068e-02
    694.00   3.172360e-02
    695.00   3.158692e-02
    696.00   3.145063e-02
    697.00   3.131470e-02
    698.00   3.117925e-02
    699.00   3.104414e-02
    700.00   3.090943e-02
    701.00   3.077517e-02
    702.00   3.064125e-02
    703.00   3.050778e-02
    704.00   3.037470e-02
    705.00   3.024203e-02
    706.00   3.010976e-02
    707.00   2.997785e-02
    708.00   2.984637e-02
    709.00   2.971532e-02
    710.00   2.958468e-02
    711.00   2.945441e-02
    712.00   2.932452e-02
    713.00   2.919511e-02
    714.00   2.906603e-02
    715.00   2.893738e-02
    716.00   2.880916e-02
    717.00   2.868133e-02
    718.00   2.855391e-02
    719.00   2.842690e-02
    720.00   2.830027e-02
    721.00   2.817408e-02
    722.00   2.804826e-02
    723.00   2.792285e-02
    724.00   2.779784e-02
    725.00   2.767325e-02
    726.00   2.754910e-02
    727.00   2.742530e-02
    728.00   2.730190e-02
    729.00   2.717895e-02
    730.00   2.705639e-02
    731.00   2.693422e-02
    732.00   2.681245e-02
    733.00   2.669109e-02
    734.00   2.657018e-02
    735.00   2.644962e-02
    736.00   2.632950e-02
    737.00   2.620976e-02
    738.00   2.609044e-02
    739.00   2.597150e-02
    740.00   2.585296e-02
    741.00   2.573487e-02
    742.00   2.561726e-02
    743.00   2.550025e-02
    744.00   2.538375e-02
    745.00   2.526842e-02
    746.00   2.515453e-02
    747.00   2.504126e-02
    748.00   2.493173e-02
    749.00   2.482530e-02
    750.00   2.471805e-02
    751.00   2.461992e-02
    752.00   2.452765e-02
    753.00   2.443288e-02
    754.00   2.435464e-02
    755.00   2.428078e-02
    756.00   2.419264e-02
    757.00   2.413502e-02
    758.00   2.410056e-02
    759.00   2.405302e-02
    760.00   2.403634e-02
    761.00   2.402862e-02
    762.00   2.399357e-02
    763.00   2.398122e-02
    764.00   2.395812e-02
    765.00   2.390076e-02
    766.00   2.388572e-02
    767.00   2.387636e-02
    768.00   2.383042e-02
    769.00   2.381990e-02
    770.00   2.378186e-02
    771.00   2.371222e-02
    772.00   2.373174e-02
    773.00   2.375595e-02
    774.00   2.375655e-02
    775.00   2.376869e-02
    776.00   2.373906e-02
    777.00   2.373234e-02
    778.00   2.373050e-02
    779.00   2.369800e-02
    780.00   2.372586e-02
    781.00   2.371767e-02
    782.00   2.368193e-02
    783.00   2.373501e-02
    784.00   2.374767e-02
    785.00   2.376038e-02
    786.00   2.382832e-02
    787.00   2.385082e-02
    788.00   2.390583e-02
    789.00   2.388870e-02
    790.00   2.345936e-02
    791.00   2.239769e-02
    792.00   2.173142e-02
    793.00   2.245537e-02
    794.00   2.335717e-02
    795.00   2.364867e-02
    796.00   2.365583e-02
    797.00   2.355407e-02
    798.00   2.361079e-02
    799.00   2.359406e-02
    800.00   2.348670e-02
    801.00   2.358184e-02
    802.00   2.356424e-02
    803.00   2.350367e-02
    804.00   2.360733e-02
    805.00   2.358954e-02
    806.00   2.362650e-02
    807.00   2.374659e-02
    808.00   2.373988e-02
    809.00   2.387532e-02
    810.00   2.400176e-02
    811.00   2.400559e-02
    812.00   2.418883e-02
    813.00   2.428096e-02
    814.00   2.427887e-02
    815.00   2.445768e-02
    816.00   2.454596e-02
    817.00   2.459536e-02
    818.00   2.475473e-02
    819.00   2.484295e-02
    820.00   2.495776e-02
    821.00   2.511241e-02
    822.00   2.521264e-02
    823.00   2.536068e-02
    824.00   2.547476e-02
    825.00   2.551857e-02
    826.00   2.559939e-02
    827.00   2.552614e-02
    828.00   2.535242e-02
    829.00   2.546463e-02
    830.00   2.572456e-02
    831.00   2.585596e-02
    832.00   2.591719e-02
    833.00   2.597887e-02
    834.00   2.605297e-02
    835.00   2.612898e-02
    836.00   2.619147e-02
    837.00   2.624426e-02
    838.00   2.629583e-02
    839.00   2.635355e-02
    840.00   2.641647e-02
    841.00   2.649820e-02
    842.00   2.660140e-02
    843.00   2.670763e-02
    844.00   2.683091e-02
    845.00   2.696843e-02
    846.00   2.711637e-02
    847.00   2.728139e-02
    848.00   2.742865e-02
    849.00   2.755637e-02
    850.00   2.767994e-02
    851.00   2.781071e-02
    852.00   2.797154e-02
    853.00   2.814527e-02
    854.00   2.833502e-02
    855.00   2.854921e-02
    856.00   2.878537e-02
    857.00   2.905097e-02
    858.00   2.935018e-02
    859.00   2.967902e-02
    860.00   2.997744e-02
    861.00   3.019382e-02
    862.00   3.033060e-02
    863.00   3.014659e-02
    864.00   2.985043e-02
    865.00   3.024683e-02
    866.00   3.102764e-02
    867.00   3.151158e-02
    868.00   3.179125e-02
    869.00   3.208281e-02
    870.00   3.240228e-02
    871.00   3.272951e-02
    872.00   3.307196e-02
    873.00   3.335340e-02
    874.00   3.360652e-02
    875.00   3.392365e-02
    876.00   3.424404e-02
    877.00   3.457517e-02
    878.00   3.496630e-02
    879.00   3.534796e-02
    880.00   3.576415e-02
    881.00   3.619726e-02
    882.00   3.662815e-02
    883.00   3.708570e-02
    884.00   3.755453e-02
    885.00   3.793354e-02
    886.00   3.832308e-02
    887.00   3.875836e-02
    888.00   3.912182e-02
    889.00   3.955218e-02
    890.00   3.986388e-02
    891.00   4.025327e-02
    892.00   4.058357e-02
    893.00   4.100870e-02
    894.00   4.138335e-02
    895.00   4.173809e-02
    896.00   4.217393e-02
    897.00   4.215232e-02
    898.00   4.237144e-02
    899.00   4.231458e-02
    900.00   4.240350e-02
    901.00   4.235136e-02
    902.00   4.191601e-02
    903.00   4.199238e-02
    904.00   4.171543e-02
    905.00   4.192853e-02
    906.00   4.211518e-02
    907.00   4.197665e-02
    908.00   4.291467e-02
    909.00   4.346075e-02
    910.00   4.395953e-02
    911.00   4.478123e-02
    912.00   4.500088e-02
    913.00   4.516700e-02
    914.00   4.433954e-02
    915.00   4.313415e-02
    916.00   4.192272e-02
    917.00   4.090012e-02
    918.00   4.038941e-02
    919.00   3.910321e-02
    920.00   3.752662e-02
    921.00   3.697598e-02
    922.00   3.667348e-02
    923.00   3.661756e-02
    924.00   3.652030e-02
    925.00   3.536537e-02
    926.00   3.447877e-02
    927.00   3.491815e-02
    928.00   3.492184e-02
    929.00   3.274857e-02
    930.00   3.074636e-02
    931.00   3.010691e-02
    932.00   2.938485e-02
    933.00   2.797390e-02
    934.00   2.679889e-02
    935.00   2.593686e-02
    936.00   2.506532e-02
    937.00   2.402469e-02
    938.00   2.318106e-02
    939.00   2.246027e-02
    940.00   2.181092e-02
    941.00   2.110400e-02
    942.00   2.040214e-02
    943.00   1.984627e-02
    944.00   1.931744e-02
    945.00   1.897818e-02
    946.00   1.838656e-02
    947.00   1.814758e-02
    948.00   1.778483e-02
    949.00   1.759094e-02
    950.00   1.737741e-02
    951.00   1.707603e-02
    952.00   1.710151e-02
    953.00   1.682629e-02
    954.00   1.704349e-02
    955.00   1.713436e-02
    956.00   1.726675e-02
    957.00   1.804993e-02
    958.00   1.870644e-02
    959.00   2.112310e-02
    960.00   2.565001e-02
    961.00   2.702068e-02
    962.00   2.321491e-02
    963.00   1.954988e-02
    964.00   1.790481e-02
    965.00   1.641819e-02
    966.00   1.565509e-02
    967.00   1.546453e-02
    968.00   1.487296e-02
    969.00   1.447692e-02
    970.00   1.459126e-02
    971.00   1.443253e-02
    972.00   1.411105e-02
    973.00   1.424533e-02
    974.00   1.452766e-02
    975.00   1.453562e-02
    976.00   1.454190e-02
    977.00   1.491195e-02
    978.00   1.549194e-02
    979.00   1.603079e-02
    980.00   1.655314e-02
    981.00   1.720971e-02
    982.00   1.818820e-02
    983.00   1.957885e-02
    984.00   2.123563e-02
    985.00   2.321744e-02
    986.00   2.555886e-02
    987.00   2.843617e-02
    988.00   3.179230e-02
    989.00   3.577182e-02
    990.00   4.008578e-02
    991.00   4.504405e-02
    992.00   5.028881e-02
    993.00   5.563189e-02
    994.00   6.082252e-02
    995.00   6.504701e-02
    996.00   6.783917e-02
    997.00   6.911921e-02
    998.00   6.989071e-02
    999.00   6.952319e-02
   1000.00   6.920933e-02
   1001.00   6.812472e-02
   1002.00   6.687251e-02
   1003.00   6.527145e-02
   1004.00   6.416623e-02
   1005.00   6.334006e-02
   1006.00   6.226689e-02
   1007.00   6.302605e-02
   1008.00   6.223995e-02
   1009.00   6.098430e-02
   1010.00   5.928103e-02
   1011.00   5.820435e-02
   1012.00   5.834562e-02
   1013.00   5.894527e-02
   1014.00   6.161266e-02
   1015.00   6.303849e-02
   1016.00   6.158474e-02
   1017.00   6.176183e-02
   1018.00   6.022878e-02
   1019.00   5.383615e-02
   1020.00   4.797028e-02
   1021.00   4.451408e-02
   1022.00   4.226757e-02
   1023.00   3.823679e-02
   1024.00   3.425367e-02
   1025.00   3.160948e-02
   1026.00   3.007429e-02
   1027.00   2.893809e-02
   1028.00   2.664356e-02
   1029.00   2.444832e-02
   1030.00   2.325528e-02
   1031.00   2.216878e-02
   1032.00   2.063545e-02
   1033.00   1.968499e-02
   1034.00   1.878581e-02
   1035.00   1.753908e-02
   1036.00   1.651729e-02
   1037.00   1.581018e-02
   1038.00   1.494130e-02
   1039.00   1.414112e-02
   1040.00   1.347911e-02
   1041.00   1.286112e-02
   1042.00   1.232005e-02
   1043.00   1.179402e-02
   1044.00   1.137614e-02
   1045.00   1.094126e-02
   1046.00   1.062486e-02
   1047.00   1.026916e-02
   1048.00   1.002252e-02
   1049.00   9.756606e-03
   1050.00   9.535518e-03
   1051.00   9.348842e-03
   1052.00   9.119384e-03
   1053.00   9.029454e-03
   1054.00   8.819652e-03
   1055.00   8.833768e-03
   1056.00   8.753744e-03
   1057.00   8.716266e-03
   1058.00   8.800449e-03
   1059.00   8.745084e-03
   1060.00   9.077741e-03
   1061.00   9.394264e-03
   1062.00   1.032848e-02
   1063.00   1.202364e-02
   1064.00   1.211019e-02
   1065.00   1.049667e-02
   1066.00   9.170911e-03
   1067.00   8.693080e-03
   1068.00   8.275504e-03
   1069.00   7.827605e-03
   1070.00   7.755442e-03
   1071.00   7.633715e-03
   1072.00   7.379922e-03
   1073.00   7.366415e-03
   1074.00   7.414759e-03
   1075.00   7.266727e-03
   1076.00   7.130489e-03
   1077.00   7.218316e-03
   1078.00   7.358732e-03
   1079.00   7.383664e-03
   1080.00   7.411243e-03
   1081.00   7.551141e-03
   1082.00   7.773781e-03
   1083.00   8.055220e-03
   1084.00   8.363975e-03
   1085.00   8.700580e-03
   1086.00   9.127850e-03
   1087.00   9.664488e-03
   1088.00   1.041401e-02
   1089.00   1.155302e-02
   1090.00   1.311951e-02
   1091.00   1.498766e-02
   1092.00   1.697947e-02
   1093.00   1.932068e-02
   1094.00   2.268301e-02
   1095.00   2.728283e-02
   1096.00   3.246234e-02
   1097.00   3.756694e-02
   1098.00   4.288886e-02
   1099.00   4.880282e-02
   1100.00   5.461485e-02
   1101.00   5.956643e-02
   1102.00   6.370684e-02
   1103.00   6.711029e-02
   1104.00   6.973761e-02
   1105.00   7.169333e-02
   1106.00   7.311406e-02
   1107.00   7.413179e-02
   1108.00   7.485575e-02
   1109.00   7.536522e-02
   1110.00   7.574686e-02
   1111.00   7.608249e-02
   1112.00   7.603215e-02
   1113.00   7.594465e-02
   1114.00   7.587718e-02
   1115.00   7.580155e-02
   1116.00   7.572606e-02
   1117.00   7.565075e-02
   1118.00   7.557557e-02
   1119.00   7.544701e-02
   1120.00   7.520603e-02
   1121.00   7.490018e-02
   1122.00   7.455036e-02
   1123.00   7.425636e-02
   1124.00   7.393493e-02
   1125.00   7.350514e-02
   1126.00   7.310153e-02
   1127.00   7.270836e-02
   1128.00   7.231648e-02
   1129.00   7.190219e-02
   1130.00   7.153300e-02
   1131.00   7.111793e-02
   1132.00   7.046833e-02
   1133.00   6.985988e-02
   1134.00   6.927991e-02
   1135.00   6.875128e-02
   1136.00   6.825401e-02
   1137.00   6.766954e-02
   1138.00   6.713140e-02
   1139.00   6.653138e-02
   1140.00   6.587833e-02
   1141.00   6.525600e-02
   1142.00   6.445580e-02
   1143.00   6.370540e-02
   1144.00   6.300661e-02
   1145.00   6.229842e-02
   1146.00   6.158342e-02
   1147.00   6.089946e-02
   1148.00   6.020104e-02
   1149.00   5.952428e-02
   1150.00   5.872634e-02
   1151.00   5.792088e-02
   1152.00   5.699789e-02
   1153.00   5.610466e-02
   1154.00   5.523403e-02
   1155.00   5.434869e-02
   1156.00   5.357485e-02
   1157.00   5.271544e-02
   1158.00   5.197069e-02
   1159.00   5.111227e-02
   1160.00   5.028093e-02
   1161.00   4.930501e-02
   1162.00   4.821684e-02
   1163.00   4.733761e-02
   1164.00   4.636260e-02
   1165.00   4.522523e-02
   1166.00   4.440168e-02
   1167.00   4.358527e-02
   1168.00   4.257843e-02
   1169.00   4.177650e-02
   1170.00   4.078911e-02
   1171.00   3.934108e-02
   1172.00   3.774159e-02
   1173.00   3.626708e-02
   1174.00   3.484664e-02
   1175.00   3.353611e-02
   1176.00   3.229688e-02
   1177.00   3.105095e-02
   1178.00   2.994930e-02
   1179.00   2.895843e-02
   1180.00   2.783382e-02
   1181.00   2.657933e-02
   1182.00   2.531295e-02
   1183.00   2.425149e-02
   1184.00   2.333029e-02
   1185.00   2.229562e-02
   1186.00   2.131758e-02
   1187.00   2.043146e-02
   1188.00   1.959805e-02
   1189.00   1.883407e-02
   1190.00   1.804664e-02
   1191.00   1.722875e-02
   1192.00   1.642320e-02
   1193.00   1.565633e-02
   1194.00   1.495619e-02
   1195.00   1.430700e-02
   1196.00   1.370696e-02
   1197.00   1.315167e-02
   1198.00   1.263308e-02
   1199.00   1.214384e-02
   1200.00   1.165604e-02
   1201.00   1.114364e-02
   1202.00   1.064063e-02
   1203.00   1.017504e-02
   1204.00   9.748044e-03
   1205.00   9.355109e-03
   1206.00   8.992207e-03
   1207.00   8.654365e-03
   1208.00   8.338259e-03
   1209.00   8.035377e-03
   1210.00   7.719403e-03
   1211.00   7.374234e-03
   1212.00   7.027627e-03
   1213.00   6.710777e-03
   1214.00   6.420400e-03
   1215.00   6.149560e-03
   1216.00   5.903286e-03
   1217.00   5.670836e-03
   1218.00   5.449494e-03
   1219.00   5.245307e-03
   1220.00   5.032254e-03
   1221.00   4.817815e-03
   1222.00   4.625168e-03
   1223.00   4.429159e-03
   1224.00   4.243532e-03
   1225.00   4.076059e-03
   1226.00   3.902822e-03
   1227.00   3.750478e-03
   1228.00   3.608248e-03
   1229.00   3.450932e-03
   1230.00   3.306904e-03
   1231.00   3.167124e-03
   1232.00   3.025344e-03
   1233.00   2.910734e-03
   1234.00   2.805309e-03
   1235.00   2.698551e-03
   1236.00   2.613653e-03
   1237.00   2.531997e-03
   1238.00   2.445172e-03
   1239.00   2.373888e-03
   1240.00   2.298368e-03
   1241.00   2.216870e-03
   1242.00   2.152515e-03
   1243.00   2.090223e-03
   1244.00   2.035000e-03
   1245.00   1.991978e-03
   1246.00   1.940620e-03
   1247.00   1.896876e-03
   1248.00   1.865856e-03
   1249.00   1.834085e-03
   1250.00   1.812740e-03
   1251.00   1.793938e-03
   1252.00   1.770848e-03
   1253.00   1.761447e-03
   1254.00   1.758125e-03
   1255.00   1.755758e-03
   1256.00   1.767704e-03
   1257.00   1.787431e-03
   1258.00   1.821043e-03
   1259.00   1.852540e-03
   1260.00   1.820442e-03
   1261.00   1.739500e-03
   1262.00   1.669706e-03
   1263.00   1.618046e-03
   1264.00   1.580277e-03
   1265.00   1.551929e-03
   1266.00   1.525704e-03
   1267.00   1.506770e-03
   1268.00   1.491989e-03
   1269.00   1.477662e-03
   1270.00   1.466376e-03
   1271.00   1.453504e-03
   1272.00   1.438590e-03
   1273.00   1.422665e-03
   1274.00   1.404602e-03
   1275.00   1.388804e-03
   1276.00   1.375197e-03
   1277.00   1.361956e-03
   1278.00   1.350652e-03
   1279.00   1.339790e-03
   1280.00   1.330495e-03
   1281.00   1.324918e-03
   1282.00   1.319854e-03
   1283.00   1.313607e-03
   1284.00   1.306530e-03
   1285.00   1.298948e-03
   1286.00   1.292586e-03
   1287.00   1.286978e-03
   1288.00   1.280841e-03
   1289.00   1.275224e-03
   1290.00   1.271425e-03
   1291.00   1.269959e-03
   1292.00   1.270463e-03
   1293.00   1.272389e-03
   1294.00   1.275558e-03
   1295.00   1.279790e-03
   1296.00   1.285468e-03
   1297.00   1.292873e-03
   1298.00   1.301760e-03
   1299.00   1.312624e-03
   1300.00   1.323058e-03
   1301.00   1.329685e-03
   1302.00   1.334314e-03
   1303.00   1.339063e-03
   1304.00   1.344535e-03
   1305.00   1.351137e-03
   1306.00   1.358861e-03
   1307.00   1.367727e-03
   1308.00   1.377750e-03
   1309.00   1.388754e-03
   1310.00   1.397430e-03
   1311.00   1.400234e-03
   1312.00   1.399380e-03
   1313.00   1.397901e-03
   1314.00   1.396346e-03
   1315.00   1.395091e-03
   1316.00   1.394010e-03
   1317.00   1.392488e-03
   1318.00   1.390931e-03
   1319.00   1.388915e-03
   1320.00   1.384552e-03
   1321.00   1.377513e-03
   1322.00   1.368057e-03
   1323.00   1.357464e-03
   1324.00   1.347796e-03
   1325.00   1.337466e-03
   1326.00   1.326155e-03
   1327.00   1.316031e-03
   1328.00   1.305103e-03
   1329.00   1.293204e-03
   1330.00   1.282205e-03
   1331.00   1.269026e-03
   1332.00   1.254878e-03
   1333.00   1.244243e-03
   1334.00   1.232506e-03
   1335.00   1.216904e-03
   1336.00   1.199303e-03
   1337.00   1.181657e-03
   1338.00   1.166370e-03
   1339.00   1.151846e-03
   1340.00   1.138764e-03
   1341.00   1.125745e-03
   1342.00   1.110180e-03
   1343.00   1.089812e-03
   1344.00   1.065163e-03
   1345.00   1.042554e-03
   1346.00   1.020589e-03
   1347.00   1.001185e-03
   1348.00   9.853468e-04
   1349.00   9.689918e-04
   1350.00   9.551533e-04
   1351.00   9.407612e-04
   1352.00   9.262194e-04
   1353.00   9.149824e-04
   1354.00   9.024875e-04
   1355.00   8.913468e-04
   1356.00   8.815615e-04
   1357.00   8.700361e-04
   1358.00   8.615491e-04
   1359.00   8.542933e-04
   1360.00   8.461570e-04
   1361.00   8.403224e-04
   1362.00   8.351171e-04
   1363.00   8.316540e-04
   1364.00   8.333933e-04
   1365.00   8.398427e-04
   1366.00   8.377378e-04
   1367.00   8.170482e-04
   1368.00   7.943768e-04
   1369.00   7.800963e-04
   1370.00   7.685535e-04
   1371.00   7.591641e-04
   1372.00   7.521086e-04
   1373.00   7.449484e-04
   1374.00   7.386634e-04
   1375.00   7.343444e-04
   1376.00   7.289097e-04
   1377.00   7.222414e-04
   1378.00   7.165140e-04
   1379.00   7.109492e-04
   1380.00   7.057625e-04
   1381.00   7.015044e-04
   1382.00   6.967701e-04
   1383.00   6.921021e-04
   1384.00   6.882381e-04
   1385.00   6.838990e-04
   1386.00   6.792117e-04
   1387.00   6.750607e-04
   1388.00   6.705531e-04
   1389.00   6.656134e-04
   1390.00   6.617938e-04
   1391.00   6.590711e-04
   1392.00   6.569018e-04
   1393.00   6.556328e-04
   1394.00   6.546137e-04
   1395.00   6.533709e-04
   1396.00   6.524772e-04
   1397.00   6.517022e-04
   1398.00   6.505963e-04
   1399.00   6.497846e-04
   1400.00   6.496842e-04
   1401.00   6.499549e-04
   1402.00   6.508255e-04
   1403.00   6.525341e-04
   1404.00   6.546487e-04
   1405.00   6.573717e-04
   1406.00   6.610109e-04
   1407.00   6.653093e-04
   1408.00   6.703018e-04
   1409.00   6.760675e-04
   1410.00   6.813700e-04
   1411.00   6.848001e-04
   1412.00   6.870887e-04
   1413.00   6.894753e-04
   1414.00   6.921251e-04
   1415.00   6.950962e-04
   1416.00   6.985685e-04
   1417.00   7.025373e-04
   1418.00   7.069329e-04
   1419.00   7.117708e-04
   1420.00   7.167248e-04
   1421.00   7.211289e-04
   1422.00   7.251133e-04
   1423.00   7.292839e-04
   1424.00   7.339830e-04
   1425.00   7.393699e-04
   1426.00   7.454025e-04
   1427.00   7.521718e-04
   1428.00   7.597652e-04
   1429.00   7.679369e-04
   1430.00   7.756502e-04
   1431.00   7.819921e-04
   1432.00   7.874407e-04
   1433.00   7.929120e-04
   1434.00   7.992192e-04
   1435.00   8.058264e-04
   1436.00   8.126364e-04
   1437.00   8.209590e-04
   1438.00   8.311672e-04
   1439.00   8.418101e-04
   1440.00   8.509589e-04
   1441.00   8.572936e-04
   1442.00   8.621459e-04
   1443.00   8.676748e-04
   1444.00   8.729359e-04
   1445.00   8.780694e-04
   1446.00   8.834692e-04
   1447.00   8.901137e-04
   1448.00   8.982588e-04
   1449.00   9.066012e-04
   1450.00   9.149513e-04
   1451.00   9.202115e-04
   1452.00   9.235226e-04
   1453.00   9.276882e-04
   1454.00   9.318150e-04
   1455.00   9.354084e-04
   1456.00   9.388015e-04
   1457.00   9.418032e-04
   1458.00   9.483500e-04
   1459.00   9.583025e-04
   1460.00   9.656342e-04
   1461.00   9.721858e-04
   1462.00   9.764915e-04
   1463.00   9.780944e-04
   1464.00   9.805738e-04
   1465.00   9.848242e-04
   1466.00   9.914198e-04
   1467.00   1.000170e-03
   1468.00   1.007422e-03
   1469.00   1.015892e-03
   1470.00   1.023232e-03
   1471.00   1.029200e-03
   1472.00   1.035098e-03
   1473.00   1.045183e-03
   1474.00   1.058001e-03
   1475.00   1.070883e-03
   1476.00   1.084113e-03
   1477.00   1.098837e-03
   1478.00   1.115562e-03
   1479.00   1.134402e-03
   1480.00   1.151506e-03
   1481.00   1.166027e-03
   1482.00   1.180168e-03
   1483.00   1.196187e-03
   1484.00   1.213608e-03
   1485.00   1.230628e-03
   1486.00   1.249349e-03
   1487.00   1.268478e-03
   1488.00   1.292776e-03
   1489.00   1.320688e-03
   1490.00   1.344582e-03
   1491.00   1.368482e-03
   1492.00   1.396505e-03
   1493.00   1.424063e-03
   1494.00   1.452046e-03
   1495.00   1.475630e-03
   1496.00   1.498687e-03
   1497.00   1.536782e-03
   1498.00   1.578791e-03
   1499.00   1.620283e-03
   1500.00   1.671295e-03
   1501.00   1.719515e-03
   1502.00   1.760920e-03
   1503.00   1.805667e-03
   1504.00   1.840621e-03
   1505.00   1.857527e-03
   1506.00   1.877794e-03
   1507.00   1.940962e-03
   1508.00   2.048600e-03
   1509.00   2.148863e-03
   1510.00   2.231805e-03
   1511.00   2.307916e-03
   1512.00   2.380901e-03
   1513.00   2.463865e-03
   1514.00   2.554280e-03
   1515.00   2.646598e-03
   1516.00   2.727091e-03
   1517.00   2.813835e-03
   1518.00   2.943183e-03
   1519.00   3.090522e-03
   1520.00   3.181128e-03
   1521.00   3.231607e-03
   1522.00   3.331574e-03
   1523.00   3.484522e-03
   1524.00   3.636110e-03
   1525.00   3.759115e-03
   1526.00   3.885613e-03
   1527.00   4.046673e-03
   1528.00   4.199975e-03
   1529.00   4.352160e-03
   1530.00   4.518267e-03
   1531.00   4.647889e-03
   1532.00   4.725938e-03
   1533.00   4.767628e-03
   1534.00   4.872146e-03
   1535.00   5.073611e-03
   1536.00   5.249567e-03
   1537.00   5.363142e-03
   1538.00   5.287583e-03
   1539.00   5.128239e-03
   1540.00   5.295078e-03
   1541.00   5.602180e-03
   1542.00   5.820474e-03
   1543.00   6.153182e-03
   1544.00   6.493308e-03
   1545.00   6.705686e-03
   1546.00   6.920366e-03
   1547.00   7.178290e-03
   1548.00   7.437409e-03
   1549.00   7.664797e-03
   1550.00   7.858160e-03
   1551.00   8.024979e-03
   1552.00   8.164249e-03
   1553.00   8.216646e-03
   1554.00   8.229306e-03
   1555.00   8.374363e-03
   1556.00   8.487276e-03
   1557.00   8.240270e-03
   1558.00   7.962740e-03
   1559.00   8.010904e-03
   1560.00   8.283940e-03
   1561.00   8.816644e-03
   1562.00   9.304961e-03
   1563.00   9.484080e-03
   1564.00   9.501430e-03
   1565.00   9.567695e-03
   1566.00   9.788061e-03
   1567.00   9.941853e-03
   1568.00   9.957122e-03
   1569.00   9.841538e-03
   1570.00   9.902885e-03
   1571.00   1.021557e-02
   1572.00   1.044772e-02
   1573.00   1.055045e-02
   1574.00   1.060459e-02
   1575.00   1.021862e-02
   1576.00   9.734055e-03
   1577.00   1.023080e-02
   1578.00   1.088943e-02
   1579.00   1.109522e-02
   1580.00   1.118397e-02
   1581.00   1.126126e-02
   1582.00   1.134700e-02
   1583.00   1.141621e-02
   1584.00   1.146598e-02
   1585.00   1.153306e-02
   1586.00   1.160532e-02
   1587.00   1.168404e-02
   1588.00   1.174655e-02
   1589.00   1.180347e-02
   1590.00   1.187144e-02
   1591.00   1.192296e-02
   1592.00   1.196808e-02
   1593.00   1.199601e-02
   1594.00   1.202622e-02
   1595.00   1.206120e-02
   1596.00   1.210547e-02
   1597.00   1.216701e-02
   1598.00   1.221931e-02
   1599.00   1.226023e-02
   1600.00   1.229422e-02
   1601.00   1.230858e-02
   1602.00   1.231597e-02
   1603.00   1.233403e-02
   1604.00   1.236650e-02
   1605.00   1.239578e-02
   1606.00   1.241065e-02
   1607.00   1.241775e-02
   1608.00   1.242710e-02
   1609.00   1.244270e-02
   1610.00   1.246556e-02
   1611.00   1.249389e-02
   1612.00   1.251140e-02
   1613.00   1.251250e-02
   1614.00   1.250010e-02
   1615.00   1.224092e-02
   1616.00   1.150203e-02
   1617.00   1.120769e-02
   1618.00   1.193240e-02
   1619.00   1.249170e-02
   1620.00   1.252364e-02
   1621.00   1.250536e-02
   1622.00   1.232385e-02
   1623.00   1.199734e-02
   1624.00   1.197573e-02
   1625.00   1.229014e-02
   1626.00   1.242737e-02
   1627.00   1.223904e-02
   1628.00   1.219886e-02
   1629.00   1.234878e-02
   1630.00   1.242609e-02
   1631.00   1.241730e-02
   1632.00   1.239636e-02
   1633.00   1.233323e-02
   1634.00   1.182436e-02
   1635.00   1.105621e-02
   1636.00   1.107223e-02
   1637.00   1.173035e-02
   1638.00   1.207534e-02
   1639.00   1.218240e-02
   1640.00   1.221948e-02
   1641.00   1.220197e-02
   1642.00   1.217636e-02
   1643.00   1.214610e-02
   1644.00   1.206525e-02
   1645.00   1.161981e-02
   1646.00   1.116052e-02
   1647.00   1.127567e-02
   1648.00   1.152208e-02
   1649.00   1.170143e-02
   1650.00   1.184882e-02
   1651.00   1.142070e-02
   1652.00   1.014076e-02
   1653.00   9.354936e-03
   1654.00   1.015931e-02
   1655.00   1.121900e-02
   1656.00   1.164857e-02
   1657.00   1.171996e-02
   1658.00   1.170148e-02
   1659.00   1.167574e-02
   1660.00   1.163845e-02
   1661.00   1.154167e-02
   1662.00   1.124041e-02
   1663.00   1.100806e-02
   1664.00   1.125304e-02
   1665.00   1.145378e-02
   1666.00   1.142913e-02
   1667.00   1.136976e-02
   1668.00   1.105483e-02
   1669.00   1.063402e-02
   1670.00   1.065053e-02
   1671.00   1.088347e-02
   1672.00   1.100023e-02
   1673.00   1.108724e-02
   1674.00   1.083974e-02
   1675.00   1.044688e-02
   1676.00   1.056842e-02
   1677.00   1.091365e-02
   1678.00   1.098392e-02
   1679.00   1.093661e-02
   1680.00   1.087442e-02
   1681.00   1.083786e-02
   1682.00   1.066293e-02
   1683.00   1.024193e-02
   1684.00   9.583627e-03
   1685.00   9.374181e-03
   1686.00   1.006939e-02
   1687.00   1.058721e-02
   1688.00   1.057730e-02
   1689.00   1.051652e-02
   1690.00   1.045833e-02
   1691.00   1.045236e-02
   1692.00   1.044919e-02
   1693.00   1.040950e-02
   1694.00   1.023459e-02
   1695.00   9.611615e-03
   1696.00   9.201620e-03
   1697.00   9.675208e-03
   1698.00   1.003566e-02
   1699.00   9.433939e-03
   1700.00   8.663793e-03
   1701.00   8.955140e-03
   1702.00   9.735665e-03
   1703.00   9.947802e-03
   1704.00   9.830072e-03
   1705.00   9.680238e-03
   1706.00   9.552236e-03
   1707.00   9.612417e-03
   1708.00   9.768129e-03
   1709.00   9.792617e-03
   1710.00   9.740942e-03
   1711.00   9.714067e-03
   1712.00   9.692268e-03
   1713.00   9.626701e-03
   1714.00   9.460998e-03
   1715.00   9.328247e-03
   1716.00   9.211487e-03
   1717.00   8.924378e-03
   1718.00   8.787197e-03
   1719.00   9.009233e-03
   1720.00   9.276939e-03
   1721.00   9.356754e-03
   1722.00   9.318912e-03
   1723.00   9.274728e-03
   1724.00   9.238437e-03
   1725.00   9.209462e-03
   1726.00   9.175883e-03
   1727.00   9.139083e-03
   1728.00   9.101907e-03
   1729.00   9.037017e-03
   1730.00   8.971600e-03
   1731.00   8.957637e-03
   1732.00   8.852162e-03
   1733.00   8.531625e-03
   1734.00   8.203866e-03
   1735.00   8.258662e-03
   1736.00   8.608434e-03
   1737.00   8.770863e-03
   1738.00   8.692756e-03
   1739.00   8.423697e-03
   1740.00   8.240020e-03
   1741.00   8.433347e-03
   1742.00   8.581203e-03
   1743.00   8.537085e-03
   1744.00   8.511203e-03
   1745.00   8.489490e-03
   1746.00   8.440779e-03
   1747.00   8.371605e-03
   1748.00   8.295303e-03
   1749.00   8.259180e-03
   1750.00   8.225666e-03
   1751.00   8.148287e-03
   1752.00   8.148038e-03
   1753.00   8.196043e-03
   1754.00   8.186656e-03
   1755.00   8.148506e-03
   1756.00   8.086911e-03
   1757.00   8.035805e-03
   1758.00   8.034789e-03
   1759.00   8.027759e-03
   1760.00   7.980930e-03
   1761.00   7.870316e-03
   1762.00   7.787921e-03
   1763.00   7.833764e-03
   1764.00   7.866189e-03
   1765.00   7.835112e-03
   1766.00   7.803643e-03
   1767.00   7.746767e-03
   1768.00   7.685348e-03
   1769.00   7.672531e-03
   1770.00   7.597515e-03
   1771.00   7.392974e-03
   1772.00   7.151269e-03
   1773.00   7.119712e-03
   1774.00   7.364710e-03
   1775.00   7.504575e-03
   1776.00   7.476214e-03
   1777.00   7.455010e-03
   1778.00   7.430063e-03
   1779.00   7.388910e-03
   1780.00   7.329313e-03
   1781.00   7.290881e-03
   1782.00   7.289958e-03
   1783.00   7.277909e-03
   1784.00   7.239060e-03
   1785.00   7.202185e-03
   1786.00   7.182070e-03
   1787.00   7.160867e-03
   1788.00   7.131003e-03
   1789.00   7.099532e-03
   1790.00   7.053565e-03
   1791.00   6.955402e-03
   1792.00   6.764464e-03
   1793.00   6.631677e-03
   1794.00   6.707137e-03
   1795.00   6.816273e-03
   1796.00   6.837950e-03
   1797.00   6.828043e-03
   1798.00   6.782056e-03
   1799.00   6.692784e-03
   1800.00   6.640801e-03
   1801.00   6.640823e-03
   1802.00   6.619130e-03
   1803.00   6.585152e-03
   1804.00   6.545893e-03
   1805.00   6.497905e-03
   1806.00   6.447815e-03
   1807.00   6.384557e-03
   1808.00   6.323921e-03
   1809.00   6.251544e-03
   1810.00   6.159022e-03
   1811.00   6.083392e-03
   1812.00   6.040032e-03
   1813.00   5.983017e-03
   1814.00   5.892528e-03
   1815.00   5.815641e-03
   1816.00   5.731948e-03
   1817.00   5.632352e-03
   1818.00   5.539426e-03
   1819.00   5.445881e-03
   1820.00   5.360291e-03
   1821.00   5.263650e-03
   1822.00   5.179875e-03
   1823.00   5.032804e-03
   1824.00   4.856527e-03
   1825.00   4.848687e-03
   1826.00   4.853200e-03
   1827.00   4.815450e-03
   1828.00   4.790039e-03
   1829.00   4.644913e-03
   1830.00   4.550763e-03
   1831.00   4.572841e-03
   1832.00   4.516233e-03
   1833.00   4.451099e-03
   1834.00   4.419365e-03
   1835.00   4.334325e-03
   1836.00   4.191417e-03
   1837.00   3.857790e-03
   1838.00   3.501144e-03
   1839.00   3.529952e-03
   1840.00   3.700021e-03
   1841.00   3.615507e-03
   1842.00   3.382491e-03
   1843.00   3.151574e-03
   1844.00   2.827521e-03
   1845.00   2.549232e-03
   1846.00   2.434531e-03
   1847.00   2.210952e-03
   1848.00   1.949603e-03
   1849.00   1.823800e-03
   1850.00   1.621372e-03
   1851.00   1.393817e-03
   1852.00   1.271363e-03
   1853.00   1.085745e-03
   1854.00   9.099712e-04
   1855.00   8.208064e-04
   1856.00   6.859153e-04
   1857.00   5.879203e-04
   1858.00   5.417178e-04
   1859.00   4.441628e-04
   1860.00   4.013834e-04
   1861.00   4.082102e-04
   1862.00   3.667392e-04
   1863.00   3.526058e-04
   1864.00   3.555152e-04
   1865.00   3.182867e-04
   1866.00   3.079887e-04
   1867.00   3.047437e-04
   1868.00   2.570024e-04
   1869.00   1.920717e-04
   1870.00   1.417490e-04
   1871.00   1.418872e-04
   1872.00   1.654140e-04
   1873.00   1.594938e-04
   1874.00   1.338610e-04
   1875.00   1.211762e-04
   1876.00   1.149655e-04
   1877.00   9.968272e-05
   1878.00   9.111594e-05
   1879.00   8.685820e-05
   1880.00   7.282096e-05
   1881.00   6.463145e-05
   1882.00   6.835987e-05
   1883.00   6.750653e-05
   1884.00   6.520290e-05
   1885.00   6.577501e-05
   1886.00   6.386431e-05
   1887.00   6.229188e-05
   1888.00   6.070086e-05
   1889.00   5.743650e-05
   1890.00   5.745502e-05
   1891.00   5.742430e-05
   1892.00   5.316672e-05
   1893.00   5.116208e-05
   1894.00   4.990533e-05
   1895.00   4.405107e-05
   1896.00   3.511853e-05
   1897.00   2.821849e-05
   1898.00   2.806168e-05
   1899.00   3.098554e-05
   1900.00   3.229795e-05
   1901.00   2.994105e-05
   1902.00   2.553278e-05
   1903.00   2.425007e-05
   1904.00   2.488746e-05
   1905.00   2.443731e-05
   1906.00   2.377282e-05
   1907.00   2.284981e-05
   1908.00   2.176459e-05
   1909.00   2.127802e-05
   1910.00   2.065363e-05
   1911.00   1.997345e-05
   1912.00   1.965675e-05
   1913.00   1.927195e-05
   1914.00   1.888229e-05
   1915.00   1.871062e-05
   1916.00   1.845643e-05
   1917.00   1.804249e-05
   1918.00   1.780194e-05
   1919.00   1.779589e-05
   1920.00   1.781228e-05
   1921.00   1.780460e-05
   1922.00   1.770473e-05
   1923.00   1.766182e-05
   1924.00   1.775539e-05
   1925.00   1.775074e-05
   1926.00   1.796414e-05
   1927.00   1.840299e-05
   1928.00   1.870157e-05
   1929.00   1.920380e-05
   1930.00   1.924180e-05
   1931.00   1.798305e-05
   1932.00   1.655430e-05
   1933.00   1.589471e-05
   1934.00   1.590024e-05
   1935.00   1.656245e-05
   1936.00   1.832703e-05
   1937.00   2.033827e-05
   1938.00   2.188893e-05
   1939.00   2.428240e-05
   1940.00   2.643132e-05
   1941.00   2.925430e-05
   1942.00   3.494582e-05
   1943.00   4.199473e-05
   1944.00   5.580961e-05
   1945.00   7.748235e-05
   1946.00   9.054116e-05
   1947.00   8.561094e-05
   1948.00   6.875787e-05
   1949.00   5.311997e-05
   1950.00   4.509444e-05
   1951.00   3.831106e-05
   1952.00   3.478946e-05
   1953.00   3.425797e-05
   1954.00   3.243364e-05
   1955.00   3.264266e-05
   1956.00   3.233396e-05
   1957.00   3.194627e-05
   1958.00   3.332907e-05
   1959.00   3.333192e-05
   1960.00   3.494562e-05
   1961.00   3.668486e-05
   1962.00   3.767542e-05
   1963.00   4.151197e-05
   1964.00   4.389192e-05
   1965.00   4.839134e-05
   1966.00   5.469218e-05
   1967.00   6.004920e-05
   1968.00   7.258218e-05
   1969.00   8.269562e-05
   1970.00   9.886302e-05
   1971.00   1.248643e-04
   1972.00   1.427663e-04
   1973.00   1.709318e-04
   1974.00   1.952075e-04
   1975.00   2.285726e-04
   1976.00   2.783532e-04
   1977.00   2.855839e-04
   1978.00   2.890647e-04
   1979.00   2.987720e-04
   1980.00   3.174457e-04
   1981.00   3.525533e-04
   1982.00   3.371988e-04
   1983.00   3.140730e-04
   1984.00   2.939405e-04
   1985.00   2.776818e-04
   1986.00   2.923516e-04
   1987.00   2.934390e-04
   1988.00   2.996394e-04
   1989.00   2.905877e-04
   1990.00   2.597167e-04
   1991.00   2.499907e-04
   1992.00   2.347272e-04
   1993.00   2.282399e-04
   1994.00   2.198905e-04
   1995.00   1.701232e-04
   1996.00   1.428131e-04
   1997.00   1.575117e-04
   1998.00   1.585167e-04
   1999.00   1.514076e-04
   2000.00   1.381585e-04
   2001.00   1.103224e-04
   2002.00   7.909488e-05
   2003.00   4.754598e-05
   2004.00   3.838882e-05
   2005.00   4.382547e-05
   2006.00   3.883320e-05
   2007.00   3.649178e-05
   2008.00   3.800059e-05
   2009.00   3.378466e-05
   2010.00   3.027152e-05
   2011.00   2.784361e-05
   2012.00   2.444296e-05
   2013.00   2.308374e-05
   2014.00   2.148053e-05
   2015.00   1.950632e-05
   2016.00   1.873310e-05
   2017.00   1.727150e-05
   2018.00   1.616987e-05
   2019.00   1.567282e-05
   2020.00   1.457638e-05
   2021.00   1.410758e-05
   2022.00   1.368462e-05
   2023.00   1.292345e-05
   2024.00   1.276302e-05
   2025.00   1.240729e-05
   2026.00   1.202266e-05
   2027.00   1.202702e-05
   2028.00   1.171518e-05
   2029.00   1.155243e-05
   2030.00   1.145699e-05
   2031.00   1.103040e-05
   2032.00   1.104987e-05
   2033.00   1.120580e-05
   2034.00   1.103030e-05
   2035.00   1.064297e-05
   2036.00   9.585820e-06
   2037.00   8.323504e-06
   2038.00   7.985562e-06
   2039.00   8.312810e-06
   2040.00   8.410393e-06
   2041.00   8.304131e-06
   2042.00   8.189762e-06
   2043.00   8.013001e-06
   2044.00   7.910914e-06
   2045.00   7.764663e-06
   2046.00   7.541305e-06
   2047.00   7.402636e-06
   2048.00   7.240821e-06
   2049.00   7.035522e-06
   2050.00   6.905202e-06
   2051.00   6.847534e-06
   2052.00   6.800646e-06
   2053.00   6.746860e-06
   2054.00   6.691730e-06
   2055.00   6.639096e-06
   2056.00   6.590341e-06
   2057.00   6.542199e-06
   2058.00   6.494954e-06
   2059.00   6.448472e-06
   2060.00   6.402343e-06
   2061.00   6.356593e-06
   2062.00   6.311197e-06
   2063.00   6.266144e-06
   2064.00   6.221434e-06
   2065.00   6.177040e-06
   2066.00   6.132949e-06
   2067.00   6.089185e-06
   2068.00   6.045739e-06
   2069.00   6.002606e-06
   2070.00   5.959843e-06
   2071.00   5.917390e-06
   2072.00   5.875404e-06
   2073.00   5.833764e-06
   2074.00   5.792017e-06
   2075.00   5.750301e-06
   2076.00   5.708880e-06
   2077.00   5.667920e-06
   2078.00   5.627430e-06
   2079.00   5.587463e-06
   2080.00   5.548885e-06
   2081.00   5.511424e-06
   2082.00   5.476104e-06
   2083.00   5.442218e-06
   2084.00   5.407016e-06
   2085.00   5.378610e-06
   2086.00   5.355500e-06
   2087.00   5.340871e-06
   2088.00   5.360088e-06
   2089.00   5.394187e-06
   2090.00   5.491994e-06
   2091.00   5.653070e-06
   2092.00   5.686991e-06
   2093.00   5.497909e-06
   2094.00   5.403606e-06
   2095.00   5.903597e-06
   2096.00   6.717727e-06
   2097.00   7.177305e-06
   2098.00   7.296928e-06
   2099.00   7.328603e-06
   2100.00   7.128203e-06
   2101.00   6.689341e-06
   2102.00   6.548598e-06
   2103.00   6.721282e-06
   2104.00   6.874076e-06
   2105.00   6.926276e-06
   2106.00   6.710635e-06
   2107.00   6.617697e-06
   2108.00   6.749536e-06
   2109.00   6.758781e-06
   2110.00   6.869709e-06
   2111.00   6.891119e-06
   2112.00   6.607258e-06
   2113.00   6.565310e-06
   2114.00   6.804293e-06
   2115.00   6.983079e-06
   2116.00   7.152073e-06
   2117.00   7.115727e-06
   2118.00   7.036271e-06
   2119.00   7.234791e-06
   2120.00   7.288581e-06
   2121.00   7.328755e-06
   2122.00   7.577343e-06
   2123.00   7.625816e-06
   2124.00   7.761080e-06
   2125.00   7.953517e-06
   2126.00   7.894263e-06
   2127.00   7.770273e-06
   2128.00   6.820053e-06
   2129.00   5.404086e-06
   2130.00   5.573013e-06
   2131.00   7.211470e-06
   2132.00   8.307678e-06
   2133.00   8.395697e-06
   2134.00   8.389617e-06
   2135.00   8.287887e-06
   2136.00   8.073640e-06
   2137.00   8.122996e-06
   2138.00   8.067100e-06
   2139.00   7.946062e-06
   2140.00   7.978312e-06
   2141.00   7.905385e-06
   2142.00   7.848217e-06
   2143.00   7.829948e-06
   2144.00   7.741225e-06
   2145.00   7.664666e-06
   2146.00   7.568196e-06
   2147.00   7.450385e-06
   2148.00   7.310554e-06
   2149.00   7.143487e-06
   2150.00   6.969245e-06
   2151.00   6.793300e-06
   2152.00   6.633219e-06
   2153.00   6.484201e-06
   2154.00   6.354295e-06
   2155.00   6.224600e-06
   2156.00   6.091324e-06
   2157.00   5.960743e-06
   2158.00   5.825151e-06
   2159.00   5.708362e-06
   2160.00   5.592056e-06
   2161.00   5.474679e-06
   2162.00   5.378549e-06
   2163.00   5.270474e-06
   2164.00   5.099889e-06
   2165.00   4.916174e-06
   2166.00   4.857821e-06
   2167.00   4.870940e-06
   2168.00   4.812662e-06
   2169.00   4.706423e-06
   2170.00   4.602750e-06
   2171.00   4.501776e-06
   2172.00   4.404081e-06
   2173.00   4.313712e-06
   2174.00   4.227320e-06
   2175.00   4.143313e-06
   2176.00   4.063021e-06
   2177.00   3.986456e-06
   2178.00   3.912887e-06
   2179.00   3.839844e-06
   2180.00   3.763187e-06
   2181.00   3.681458e-06
   2182.00   3.600474e-06
   2183.00   3.524142e-06
   2184.00   3.451141e-06
   2185.00   3.381745e-06
   2186.00   3.316373e-06
   2187.00   3.254452e-06
   2188.00   3.195162e-06
   2189.00   3.137714e-06
   2190.00   3.082938e-06
   2191.00   3.030598e-06
   2192.00   2.977479e-06
   2193.00   2.922709e-06
   2194.00   2.868405e-06
   2195.00   2.816960e-06
   2196.00   2.769162e-06
   2197.00   2.722869e-06
   2198.00   2.678542e-06
   2199.00   2.637218e-06
   2200.00   2.598034e-06
   2201.00   2.560172e-06
   2202.00   2.523812e-06
   2203.00   2.488457e-06
   2204.00   2.453953e-06
   2205.00   2.419259e-06
   2206.00   2.384898e-06
   2207.00   2.352288e-06
   2208.00   2.321216e-06
   2209.00   2.292299e-06
   2210.00   2.264426e-06
   2211.00   2.237593e-06
   2212.00   2.211661e-06
   2213.00   2.187189e-06
   2214.00   2.163421e-06
   2215.00   2.139517e-06
   2216.00   2.117079e-06
   2217.00   2.095586e-06
   2218.00   2.074867e-06
   2219.00   2.054641e-06
   2220.00   2.035176e-06
   2221.00   2.017018e-06
   2222.00   1.999763e-06
   2223.00   1.983094e-06
   2224.00   1.966725e-06
   2225.00   1.951098e-06
   2226.00   1.935827e-06
   2227.00   1.920648e-06
   2228.00   1.905914e-06
   2229.00   1.891575e-06
   2230.00   1.877595e-06
   2231.00   1.863825e-06
   2232.00   1.850217e-06
   2233.00   1.836762e-06
   2234.00   1.823423e-06
   2235.00   1.810194e-06
   2236.00   1.797064e-06
   2237.00   1.784033e-06
   2238.00   1.771098e-06
   2239.00   1.758258e-06
   2240.00   1.745510e-06
   2241.00   1.732854e-06
   2242.00   1.720289e-06
   2243.00   1.707814e-06
   2244.00   1.695428e-06
   2245.00   1.683132e-06
   2246.00   1.670923e-06
   2247.00   1.658802e-06
   2248.00   1.646768e-06
   2249.00   1.634820e-06
   2250.00   1.622958e-06
   2251.00   1.611181e-06
   2252.00   1.599488e-06
   2253.00   1.587880e-06
   2254.00   1.576354e-06
   2255.00   1.564912e-06
   2256.00   1.553551e-06
   2257.00   1.542272e-06
   2258.00   1.531074e-06
   2259.00   1.519956e-06
   2260.00   1.508919e-06
   2261.00   1.497960e-06
   2262.00   1.487079e-06
   2263.00   1.476279e-06
   2264.00   1.465555e-06
   2265.00   1.454908e-06
   2266.00   1.444339e-06
   2267.00   1.433843e-06
   2268.00   1.423425e-06
   2269.00   1.413080e-06
   2270.00   1.402810e-06
   2271.00   1.392615e-06
   2272.00   1.382492e-06
   2273.00   1.372442e-06
   2274.00   1.362464e-06
   2275.00   1.352559e-06
   2276.00   1.342722e-06
   2277.00   1.332960e-06
   2278.00   1.323266e-06
   2279.00   1.313641e-06
   2280.00   1.304088e-06
   2281.00   1.294601e-06
   2282.00   1.285183e-06
   2283.00   1.275833e-06
   2284.00   1.266551e-06
   2285.00   1.257336e-06
   2286.00   1.248185e-06
   2287.00   1.239102e-06
   2288.00   1.230083e-06
   2289.00   1.221130e-06
   2290.00   1.212241e-06
   2291.00   1.203417e-06
   2292.00   1.194656e-06
   2293.00   1.185958e-06
   2294.00   1.177322e-06
   2295.00   1.168749e-06
   2296.00   1.160237e-06
   2297.00   1.151787e-06
   2298.00   1.143398e-06
   2299.00   1.135069e-06
   2300.00   1.126800e-06
   2301.00   1.118591e-06
   2302.00   1.110441e-06
   2303.00   1.102350e-06
   2304.00   1.094317e-06
   2305.00   1.086342e-06
   2306.00   1.078424e-06
   2307.00   1.070564e-06
   2308.00   1.062760e-06
   2309.00   1.055013e-06
   2310.00   1.047321e-06
   2311.00   1.039685e-06
   2312.00   1.032105e-06
   2313.00   1.024578e-06
   2314.00   1.017106e-06
   2315.00   1.009688e-06
   2316.00   1.002324e-06
   2317.00   9.950130e-07
   2318.00   9.877545e-07
   2319.00   9.805480e-07
   2320.00   9.733941e-07
   2321.00   9.662918e-07
   2322.00   9.592407e-07
   2323.00   9.522404e-07
   2324.00   9.452908e-07
   2325.00   9.383915e-07
   2326.00   9.315419e-07
   2327.00   9.247419e-07
   2328.00   9.179909e-07
   2329.00   9.112885e-07
   2330.00   9.046348e-07
   2331.00   8.980292e-07
   2332.00   8.914713e-07
   2333.00   8.849605e-07
   2334.00   8.784972e-07
   2335.00   8.720806e-07
   2336.00   8.657101e-07
   2337.00   8.593858e-07
   2338.00   8.531074e-07
   2339.00   8.468743e-07
   2340.00   8.406862e-07
   2341.00   8.345431e-07
   2342.00   8.284442e-07
   2343.00   8.223894e-07
   2344.00   8.163783e-07
   2345.00   8.104106e-07
   2346.00   8.044868e-07
   2347.00   7.986050e-07
   2348.00   7.927664e-07
   2349.00   7.869698e-07
   2350.00   7.812150e-07
   2351.00   7.755021e-07
   2352.00   7.698307e-07
   2353.00   7.642000e-07
   2354.00   7.586101e-07
   2355.00   7.530608e-07
   2356.00   7.475500e-07
   2357.00   7.420832e-07
   2358.00   7.366536e-07
   2359.00   7.312631e-07
   2360.00   7.259137e-07
   2361.00   7.205995e-07
   2362.00   7.153253e-07
   2363.00   7.100900e-07
   2364.00   7.048917e-07
   2365.00   6.997320e-07
   2366.00   6.946092e-07
   2367.00   6.895239e-07
   2368.00   6.844754e-07
   2369.00   6.794627e-07
   2370.00   6.744867e-07
   2371.00   6.695475e-07
   2372.00   6.646439e-07
   2373.00   6.597753e-07
   2374.00   6.549426e-07
   2375.00   6.501442e-07
   2376.00   6.453810e-07
   2377.00   6.406528e-07
   2378.00   6.359587e-07
   2379.00   6.312982e-07
   2380.00   6.266721e-07
   2381.00   6.220792e-07
   2382.00   6.175196e-07
   2383.00   6.129932e-07
   2384.00   6.085000e-07
   2385.00   6.040394e-07
   2386.00   5.996109e-07
   2387.00   5.952100e-07
   2388.00   5.908529e-07
   2389.00   5.865174e-07
   2390.00   5.822347e-07
   2391.00   5.779534e-07
   2392.00   5.736997e-07
   2393.00   5.695095e-07
   2394.00   5.652842e-07
   2395.00   5.611805e-07
   2396.00   5.570158e-07
   2397.00   5.529577e-07
   2398.00   5.489751e-07
   2399.00   5.448960e-07
   2400.00   5.408857e-07
   2401.00   5.369000e-07
   2402.00   5.329953e-07
   2403.00   5.290899e-07
   2404.00   5.251017e-07
   2405.00   5.213222e-07
   2406.00   5.174819e-07
   2407.00   5.136517e-07
   2408.00   5.100520e-07
   2409.00   5.061935e-07
   2410.00   5.024305e-07
   2411.00   4.987713e-07
   2412.00   4.950826e-07
   2413.00   4.914546e-07
   2414.00   4.878482e-07
   2415.00   4.842868e-07
   2416.00   4.807177e-07
   2417.00   4.771722e-07
   2418.00   4.736819e-07
   2419.00   4.701973e-07
   2420.00   4.667406e-07
   2421.00   4.633219e-07
   2422.00   4.599039e-07
   2423.00   4.565253e-07
   2424.00   4.531615e-07
   2425.00   4.498298e-07
   2426.00   4.465315e-07
   2427.00   4.432435e-07
   2428.00   4.399986e-07
   2429.00   4.367540e-07
   2430.00   4.335421e-07
   2431.00   4.303532e-07
   2432.00   4.271817e-07
   2433.00   4.240379e-07
   2434.00   4.209328e-07
   2435.00   4.178416e-07
   2436.00   4.147410e-07
   2437.00   4.117043e-07
   2438.00   4.086684e-07
   2439.00   4.056618e-07
   2440.00   4.026857e-07
   2441.00   3.997211e-07
   2442.00   3.967785e-07
   2443.00   3.938534e-07
   2444.00   3.909583e-07
   2445.00   3.880809e-07
   2446.00   3.852305e-07
   2447.00   3.824027e-07
   2448.00   3.795967e-07
   2449.00   3.768096e-07
   2450.00   3.740472e-07
   2451.00   3.713172e-07
   2452.00   3.686144e-07
   2453.00   3.659411e-07
   2454.00   3.633069e-07
   2455.00   3.607059e-07
   2456.00   3.581332e-07
   2457.00   3.555949e-07
   2458.00   3.531117e-07
   2459.00   3.506714e-07
   2460.00   3.482567e-07
   2461.00   3.458748e-07
   2462.00   3.435323e-07
   2463.00   3.412486e-07
   2464.00   3.390028e-07
   2465.00   3.367982e-07
   2466.00   3.346489e-07
   2467.00   3.325467e-07
   2468.00   3.305070e-07
   2469.00   3.285461e-07
   2470.00   3.265995e-07
   2471.00   3.246846e-07
   2472.00   3.227706e-07
   2473.00   3.208701e-07
   2474.00   3.190750e-07
   2475.00   3.173137e-07
   2476.00   3.156204e-07
   2477.00   3.140408e-07
   2478.00   3.125023e-07
   2479.00   3.110602e-07
   2480.00   3.097351e-07
   2481.00   3.084765e-07
   2482.00   3.073528e-07
   2483.00   3.060395e-07
   2484.00   3.044396e-07
   2485.00   3.028972e-07
   2486.00   3.013435e-07
   2487.00   2.999243e-07
   2488.00   2.986081e-07
   2489.00   2.972380e-07
   2490.00   2.961952e-07
   2491.00   2.951889e-07
   2492.00   2.942805e-07
   2493.00   2.938679e-07
   2494.00   2.933967e-07
   2495.00   2.931143e-07
   2496.00   2.931782e-07
   2497.00   2.933053e-07
   2498.00   2.943063e-07
   2499.00   2.964082e-07
   2500.00   2.993477e-07
   2501.00   3.006854e-07
   2502.00   2.979496e-07
   2503.00   2.944730e-07
   2504.00   2.926279e-07
   2505.00   2.908455e-07
   2506.00   2.895127e-07
   2507.00   2.888933e-07
   2508.00   2.876141e-07
   2509.00   2.865970e-07
   2510.00   2.863896e-07
   2511.00   2.858827e-07
   2512.00   2.859534e-07
   2513.00   2.867476e-07
   2514.00   2.874905e-07
   2515.00   2.890893e-07
   2516.00   2.913181e-07
   2517.00   2.936564e-07
   2518.00   2.970927e-07
   2519.00   3.008605e-07
   2520.00   3.042405e-07
   2521.00   3.085917e-07
   2522.00   3.135238e-07
   2523.00   3.185447e-07
   2524.00   3.240288e-07
   2525.00   3.279669e-07
   2526.00   3.301791e-07
   2527.00   3.330355e-07
   2528.00   3.363897e-07
   2529.00   3.400427e-07
   2530.00   3.445875e-07
   2531.00   3.487983e-07
   2532.00   3.525975e-07
   2533.00   3.572761e-07
   2534.00   3.617083e-07
   2535.00   3.659579e-07
   2536.00   3.716224e-07
   2537.00   3.772505e-07
   2538.00   3.820984e-07
   2539.00   3.877204e-07
   2540.00   3.941982e-07
   2541.00   4.005735e-07
   2542.00   4.071570e-07
   2543.00   4.143971e-07
   2544.00   4.205130e-07
   2545.00   4.250897e-07
   2546.00   4.299587e-07
   2547.00   4.352156e-07
   2548.00   4.405298e-07
   2549.00   4.461070e-07
   2550.00   4.522385e-07
   2551.00   4.588134e-07
   2552.00   4.652193e-07
   2553.00   4.718465e-07
   2554.00   4.791690e-07
   2555.00   4.860731e-07
   2556.00   4.913479e-07
   2557.00   4.956434e-07
   2558.00   4.999602e-07
   2559.00   5.043631e-07
   2560.00   5.087242e-07
   2561.00   5.132472e-07
   2562.00   5.179143e-07
   2563.00   5.226220e-07
   2564.00   5.274818e-07
   2565.00   5.328382e-07
   2566.00   5.385886e-07
   2567.00   5.436602e-07
   2568.00   5.475847e-07
   2569.00   5.508608e-07
   2570.00   5.543481e-07
   2571.00   5.578634e-07
   2572.00   5.608999e-07
   2573.00   5.633399e-07
   2574.00   5.660546e-07
   2575.00   5.706068e-07
   2576.00   5.743515e-07
   2577.00   5.760915e-07
   2578.00   5.792829e-07
   2579.00   5.822308e-07
   2580.00   5.828667e-07
   2581.00   5.831849e-07
   2582.00   5.816682e-07
   2583.00   5.779488e-07
   2584.00   5.727334e-07
   2585.00   5.672864e-07
   2586.00   5.637427e-07
   2587.00   5.551379e-07
   2588.00   5.404004e-07
   2589.00   5.247409e-07
   2590.00   5.007620e-07
   2591.00   4.725586e-07
   2592.00   4.523803e-07
   2593.00   4.291865e-07
   2594.00   3.985324e-07
   2595.00   3.735394e-07
   2596.00   3.501397e-07
   2597.00   3.236569e-07
   2598.00   3.039051e-07
   2599.00   2.884829e-07
   2600.00   2.726419e-07
   2601.00   2.633355e-07
   2602.00   2.585062e-07
   2603.00   2.524167e-07
   2604.00   2.506162e-07
   2605.00   2.517470e-07
   2606.00   2.507236e-07
   2607.00   2.537436e-07
   2608.00   2.588692e-07
   2609.00   2.634150e-07
   2610.00   2.771507e-07
   2611.00   2.998537e-07
   2612.00   3.414757e-07
   2613.00   4.668325e-07
   2614.00   5.948279e-07
   2615.00   5.456637e-07
   2616.00   4.046217e-07
   2617.00   3.153210e-07
   2618.00   2.703844e-07
   2619.00   2.437877e-07
   2620.00   2.232186e-07
   2621.00   2.107093e-07
   2622.00   2.052218e-07
   2623.00   2.042245e-07
   2624.00   2.094528e-07
   2625.00   2.138972e-07
   2626.00   2.171633e-07
   2627.00   2.200542e-07
   2628.00   2.178034e-07
   2629.00   2.158787e-07
   2630.00   2.154576e-07
   2631.00   2.181733e-07
   2632.00   2.296299e-07
   2633.00   2.512402e-07
   2634.00   2.865346e-07
   2635.00   3.282275e-07
   2636.00   3.737055e-07
   2637.00   4.179154e-07
   2638.00   4.599945e-07
   2639.00   5.388832e-07
   2640.00   7.058359e-07
   2641.00   9.290954e-07
   2642.00   1.085206e-06
   2643.00   1.216921e-06
   2644.00   1.427686e-06
   2645.00   1.674828e-06
   2646.00   1.901309e-06
   2647.00   1.996530e-06
   2648.00   1.995752e-06
   2649.00   2.044383e-06
   2650.00   2.117595e-06
   2651.00   2.280518e-06
   2652.00   2.607095e-06
   2653.00   2.963156e-06
   2654.00   3.367808e-06
   2655.00   3.861834e-06
   2656.00   4.318328e-06
   2657.00   4.908147e-06
   2658.00   5.682400e-06
   2659.00   6.509678e-06
   2660.00   7.606694e-06
   2661.00   8.873899e-06
   2662.00   1.030283e-05
   2663.00   1.209778e-05
   2664.00   1.401523e-05
   2665.00   1.619756e-05
   2666.00   1.853426e-05
   2667.00   2.066578e-05
   2668.00   2.278127e-05
   2669.00   2.475726e-05
   2670.00   2.662123e-05
   2671.00   2.845434e-05
   2672.00   3.012515e-05
   2673.00   3.171868e-05
   2674.00   3.311515e-05
   2675.00   3.435013e-05
   2676.00   3.549929e-05
   2677.00   3.647433e-05
   2678.00   3.734593e-05
   2679.00   3.810825e-05
   2680.00   3.877670e-05
   2681.00   3.941263e-05
   2682.00   3.994323e-05
   2683.00   4.042156e-05
   2684.00   4.089606e-05
   2685.00   4.132343e-05
   2686.00   4.181721e-05
   2687.00   4.228066e-05
   2688.00   4.272904e-05
   2689.00   4.336766e-05
   2690.00   4.396125e-05
   2691.00   4.458351e-05
   2692.00   4.545292e-05
   2693.00   4.640147e-05
   2694.00   4.759307e-05
   2695.00   4.896980e-05
   2696.00   5.039738e-05
   2697.00   5.219481e-05
   2698.00   5.420352e-05
   2699.00   5.623209e-05
   2700.00   5.832766e-05
   2701.00   6.015655e-05
   2702.00   6.116773e-05
   2703.00   6.098453e-05
   2704.00   6.010456e-05
   2705.00   5.927295e-05
   2706.00   5.858456e-05
   2707.00   5.795844e-05
   2708.00   5.767738e-05
   2709.00   5.756966e-05
   2710.00   5.747178e-05
   2711.00   5.777116e-05
   2712.00   5.816841e-05
   2713.00   5.859059e-05
   2714.00   5.944808e-05
   2715.00   6.019894e-05
   2716.00   6.081719e-05
   2717.00   6.181309e-05
   2718.00   6.268014e-05
   2719.00   6.327298e-05
   2720.00   6.382568e-05
   2721.00   6.392591e-05
   2722.00   6.365211e-05
   2723.00   6.305669e-05
   2724.00   6.171090e-05
   2725.00   5.956838e-05
   2726.00   5.669885e-05
   2727.00   5.309722e-05
   2728.00   4.865492e-05
   2729.00   4.359608e-05
   2730.00   3.827041e-05
   2731.00   3.293770e-05
   2732.00   2.790884e-05
   2733.00   2.321945e-05
   2734.00   1.889257e-05
   2735.00   1.502657e-05
   2736.00   1.181367e-05
   2737.00   9.207930e-06
   2738.00   7.062631e-06
   2739.00   5.437043e-06
   2740.00   4.242502e-06
   2741.00   3.387260e-06
   2742.00   2.715270e-06
   2743.00   2.206463e-06
   2744.00   1.858650e-06
   2745.00   1.618746e-06
   2746.00   1.487633e-06
   2747.00   1.410615e-06
   2748.00   1.416730e-06
   2749.00   1.457673e-06
   2750.00   1.593009e-06
   2751.00   1.887785e-06
   2752.00   2.420980e-06
   2753.00   3.541947e-06
   2754.00   5.505805e-06
   2755.00   9.584237e-06
   2756.00   1.849276e-05
   2757.00   2.551647e-05
   2758.00   2.092147e-05
   2759.00   1.139937e-05
   2760.00   5.748251e-06
   2761.00   3.297527e-06
   2762.00   2.122130e-06
   2763.00   1.421834e-06
   2764.00   1.076522e-06
   2765.00   9.517690e-07
   2766.00   8.790449e-07
   2767.00   8.397192e-07
   2768.00   8.421044e-07
   2769.00   8.571695e-07
   2770.00   9.263489e-07
   2771.00   1.118776e-06
   2772.00   1.375827e-06
   2773.00   1.633362e-06
   2774.00   1.992829e-06
   2775.00   2.470071e-06
   2776.00   2.937936e-06
   2777.00   3.498911e-06
   2778.00   4.163238e-06
   2779.00   4.551661e-06
   2780.00   4.669050e-06
   2781.00   5.022795e-06
   2782.00   6.061147e-06
   2783.00   7.723057e-06
   2784.00   9.523372e-06
   2785.00   1.146756e-05
   2786.00   1.337172e-05
   2787.00   1.480509e-05
   2788.00   1.653738e-05
   2789.00   1.960571e-05
   2790.00   2.303793e-05
   2791.00   2.550978e-05
   2792.00   2.838725e-05
   2793.00   3.126415e-05
   2794.00   3.135132e-05
   2795.00   2.946979e-05
   2796.00   2.821156e-05
   2797.00   2.791325e-05
   2798.00   2.759532e-05
   2799.00   2.732457e-05
   2800.00   2.718803e-05
   2801.00   2.640355e-05
   2802.00   2.563502e-05
   2803.00   2.575195e-05
   2804.00   2.614477e-05
   2805.00   2.678117e-05
   2806.00   2.796024e-05
   2807.00   2.943389e-05
   2808.00   3.117226e-05
   2809.00   3.308230e-05
   2810.00   3.523861e-05
   2811.00   3.778723e-05
   2812.00   4.037944e-05
   2813.00   4.310146e-05
   2814.00   4.614888e-05
   2815.00   4.876496e-05
   2816.00   5.082180e-05
   2817.00   5.308938e-05
   2818.00   5.529793e-05
   2819.00   5.673997e-05
   2820.00   5.819763e-05
   2821.00   6.021742e-05
   2822.00   6.180339e-05
   2823.00   6.270424e-05
   2824.00   6.327538e-05
   2825.00   6.367372e-05
   2826.00   6.405178e-05
   2827.00   6.429245e-05
   2828.00   6.443065e-05
   2829.00   6.457826e-05
   2830.00   6.467742e-05
   2831.00   6.475934e-05
   2832.00   6.481690e-05
   2833.00   6.476451e-05
   2834.00   6.469624e-05
   2835.00   6.467621e-05
   2836.00   6.462899e-05
   2837.00   6.457798e-05
   2838.00   6.455247e-05
   2839.00   6.448692e-05
   2840.00   6.440412e-05
   2841.00   6.434633e-05
   2842.00   6.425318e-05
   2843.00   6.411336e-05
   2844.00   6.398599e-05
   2845.00   6.387265e-05
   2846.00   6.373570e-05
   2847.00   6.356990e-05
   2848.00   6.337744e-05
   2849.00   6.316294e-05
   2850.00   6.293798e-05
   2851.00   6.270670e-05
   2852.00   6.247095e-05
   2853.00   6.223057e-05
   2854.00   6.198733e-05
   2855.00   6.173694e-05
   2856.00   6.148130e-05
   2857.00   6.123024e-05
   2858.00   6.097878e-05
   2859.00   6.071874e-05
   2860.00   6.045181e-05
   2861.00   6.019154e-05
   2862.00   5.994116e-05
   2863.00   5.968448e-05
   2864.00   5.942199e-05
   2865.00   5.916370e-05
   2866.00   5.890982e-05
   2867.00   5.866090e-05
   2868.00   5.839964e-05
   2869.00   5.813703e-05
   2870.00   5.788393e-05
   2871.00   5.763949e-05
   2872.00   5.738824e-05
   2873.00   5.712841e-05
   2874.00   5.687373e-05
   2875.00   5.661453e-05
   2876.00   5.635844e-05
   2877.00   5.610169e-05
   2878.00   5.584592e-05
   2879.00   5.559263e-05
   2880.00   5.533957e-05
   2881.00   5.508800e-05
   2882.00   5.483605e-05
   2883.00   5.458124e-05
   2884.00   5.432337e-05
   2885.00   5.406402e-05
   2886.00   5.380178e-05
   2887.00   5.353425e-05
   2888.00   5.326745e-05
   2889.00   5.300700e-05
   2890.00   5.274967e-05
   2891.00   5.249067e-05
   2892.00   5.223095e-05
   2893.00   5.197338e-05
   2894.00   5.171672e-05
   2895.00   5.146112e-05
   2896.00   5.121136e-05
   2897.00   5.096765e-05
   2898.00   5.072974e-05
   2899.00   5.049638e-05
   2900.00   5.027236e-05
   2901.00   5.005690e-05
   2902.00   4.984720e-05
   2903.00   4.964423e-05
   2904.00   4.944003e-05
   2905.00   4.923422e-05
   2906.00   4.901587e-05
   2907.00   4.876482e-05
   2908.00   4.853880e-05
   2909.00   4.839176e-05
   2910.00   4.823679e-05
   2911.00   4.800707e-05
   2912.00   4.773880e-05
   2913.00   4.747144e-05
   2914.00   4.721692e-05
   2915.00   4.696852e-05
   2916.00   4.672606e-05
   2917.00   4.649595e-05
   2918.00   4.627136e-05
   2919.00   4.604911e-05
   2920.00   4.583950e-05
   2921.00   4.563838e-05
   2922.00   4.543554e-05
   2923.00   4.523855e-05
   2924.00   4.505326e-05
   2925.00   4.486865e-05
   2926.00   4.468003e-05
   2927.00   4.449637e-05
   2928.00   4.431860e-05
   2929.00   4.413866e-05
   2930.00   4.395416e-05
   2931.00   4.376659e-05
   2932.00   4.357682e-05
   2933.00   4.338533e-05
   2934.00   4.319169e-05
   2935.00   4.299616e-05
   2936.00   4.279880e-05
   2937.00   4.259865e-05
   2938.00   4.239587e-05
   2939.00   4.219076e-05
   2940.00   4.198287e-05
   2941.00   4.177211e-05
   2942.00   4.155826e-05
   2943.00   4.134070e-05
   2944.00   4.111853e-05
   2945.00   4.089006e-05
   2946.00   4.065377e-05
   2947.00   4.040893e-05
   2948.00   4.014628e-05
   2949.00   3.986164e-05
   2950.00   3.957362e-05
   2951.00   3.928695e-05
   2952.00   3.898710e-05
   2953.00   3.867347e-05
   2954.00   3.835102e-05
   2955.00   3.801636e-05
   2956.00   3.765443e-05
   2957.00   3.727192e-05
   2958.00   3.689959e-05
   2959.00   3.653508e-05
   2960.00   3.615123e-05
   2961.00   3.574312e-05
   2962.00   3.530753e-05
   2963.00   3.483860e-05
   2964.00   3.439875e-05
   2965.00   3.403298e-05
   2966.00   3.366027e-05
   2967.00   3.316061e-05
   2968.00   3.246364e-05
   2969.00   3.175415e-05
   2970.00   3.155241e-05
   2971.00   3.178010e-05
   2972.00   3.178311e-05
   2973.00   3.164452e-05
   2974.00   3.166728e-05
   2975.00   3.166977e-05
   2976.00   3.158397e-05
   2977.00   3.141623e-05
   2978.00   3.061934e-05
   2979.00   2.778755e-05
   2980.00   2.110901e-05
   2981.00   1.347576e-05
   2982.00   1.471331e-05
   2983.00   2.423516e-05
   2984.00   2.994238e-05
   2985.00   3.028712e-05
   2986.00   2.985860e-05
   2987.00   2.935830e-05
   2988.00   2.889793e-05
   2989.00   2.849461e-05
   2990.00   2.816876e-05
   2991.00   2.793249e-05
   2992.00   2.776397e-05
   2993.00   2.772695e-05
   2994.00   2.774545e-05
   2995.00   2.781354e-05
   2996.00   2.794698e-05
   2997.00   2.813716e-05
   2998.00   2.838843e-05
   2999.00   2.861668e-05
   3000.00   2.885908e-05
   3001.00   2.911454e-05
   3002.00   2.932751e-05
   3003.00   2.952161e-05
   3004.00   2.968455e-05
   3005.00   2.979651e-05
   3006.00   2.987034e-05
   3007.00   2.992381e-05
   3008.00   2.994815e-05
   3009.00   2.990894e-05
   3010.00   2.980058e-05
   3011.00   2.963601e-05
   3012.00   2.949714e-05
   3013.00   2.947682e-05
   3014.00   2.947731e-05
   3015.00   2.939027e-05
   3016.00   2.925723e-05
   3017.00   2.912258e-05
   3018.00   2.898691e-05
   3019.00   2.884913e-05
   3020.00   2.871024e-05
   3021.00   2.857145e-05
   3022.00   2.843415e-05
   3023.00   2.829889e-05
   3024.00   2.816394e-05
   3025.00   2.802574e-05
   3026.00   2.789111e-05
   3027.00   2.776085e-05
   3028.00   2.762658e-05
   3029.00   2.749232e-05
   3030.00   2.735834e-05
   3031.00   2.722232e-05
   3032.00   2.709719e-05
   3033.00   2.697822e-05
   3034.00   2.685053e-05
   3035.00   2.672317e-05
   3036.00   2.660075e-05
   3037.00   2.647607e-05
   3038.00   2.635132e-05
   3039.00   2.622507e-05
   3040.00   2.609644e-05
   3041.00   2.596957e-05
   3042.00   2.584179e-05
   3043.00   2.571205e-05
   3044.00   2.558180e-05
   3045.00   2.545318e-05
   3046.00   2.532755e-05
   3047.00   2.519942e-05
   3048.00   2.506453e-05
   3049.00   2.493098e-05
   3050.00   2.480493e-05
   3051.00   2.467986e-05
   3052.00   2.455253e-05
   3053.00   2.442275e-05
   3054.00   2.429200e-05
   3055.00   2.416122e-05
   3056.00   2.402742e-05
   3057.00   2.390168e-05
   3058.00   2.378783e-05
   3059.00   2.366706e-05
   3060.00   2.349542e-05
   3061.00   2.298443e-05
   3062.00   2.253124e-05
   3063.00   2.276921e-05
   3064.00   2.303540e-05
   3065.00   2.296935e-05
   3066.00   2.287021e-05
   3067.00   2.275818e-05
   3068.00   2.265317e-05
   3069.00   2.255407e-05
   3070.00   2.244258e-05
   3071.00   2.232595e-05
   3072.00   2.221512e-05
   3073.00   2.210464e-05
   3074.00   2.199216e-05
   3075.00   2.188237e-05
   3076.00   2.176392e-05
   3077.00   2.163634e-05
   3078.00   2.151657e-05
   3079.00   2.138483e-05
   3080.00   2.116302e-05
   3081.00   2.093905e-05
   3082.00   2.087849e-05
   3083.00   2.086591e-05
   3084.00   2.076748e-05
   3085.00   2.061876e-05
   3086.00   2.045654e-05
   3087.00   2.025195e-05
   3088.00   2.000014e-05
   3089.00   1.976959e-05
   3090.00   1.951694e-05
   3091.00   1.914448e-05
   3092.00   1.877651e-05
   3093.00   1.850459e-05
   3094.00   1.806619e-05
   3095.00   1.750333e-05
   3096.00   1.717592e-05
   3097.00   1.680610e-05
   3098.00   1.611080e-05
   3099.00   1.534423e-05
   3100.00   1.478317e-05
   3101.00   1.439028e-05
   3102.00   1.418160e-05
   3103.00   1.427557e-05
   3104.00   1.393659e-05
   3105.00   1.329070e-05
   3106.00   1.329777e-05
   3107.00   1.321054e-05
   3108.00   1.272529e-05
   3109.00   1.283414e-05
   3110.00   1.304079e-05
   3111.00   1.276493e-05
   3112.00   1.289844e-05
   3113.00   1.328581e-05
   3114.00   1.327276e-05
   3115.00   1.352920e-05
   3116.00   1.415628e-05
   3117.00   1.446637e-05
   3118.00   1.457403e-05
   3119.00   1.467578e-05
   3120.00   1.460095e-05
   3121.00   1.445443e-05
   3122.00   1.433627e-05
   3123.00   1.419381e-05
   3124.00   1.310969e-05
   3125.00   1.099427e-05
   3126.00   9.043951e-06
   3127.00   6.142535e-06
   3128.00   3.765393e-06
   3129.00   5.403315e-06
   3130.00   8.415182e-06
   3131.00   9.405759e-06
   3132.00   9.072629e-06
   3133.00   8.648181e-06
   3134.00   8.112038e-06
   3135.00   7.316293e-06
   3136.00   6.647091e-06
   3137.00   5.988530e-06
   3138.00   5.378607e-06
   3139.00   5.043298e-06
   3140.00   4.713934e-06
   3141.00   4.585482e-06
   3142.00   4.360381e-06
   3143.00   3.729696e-06
   3144.00   3.360507e-06
   3145.00   3.046525e-06
   3146.00   2.473025e-06
   3147.00   2.117328e-06
   3148.00   2.016867e-06
   3149.00   1.838332e-06
   3150.00   1.629074e-06
   3151.00   1.573892e-06
   3152.00   1.399917e-06
   3153.00   1.068119e-06
   3154.00   8.994179e-07
   3155.00   7.565917e-07
   3156.00   5.365503e-07
   3157.00   4.299275e-07
   3158.00   3.886524e-07
   3159.00   3.044329e-07
   3160.00   2.661241e-07
   3161.00   2.688730e-07
   3162.00   2.287184e-07
   3163.00   2.125266e-07
   3164.00   2.409943e-07
   3165.00   2.349959e-07
   3166.00   2.515183e-07
   3167.00   3.179980e-07
   3168.00   3.487091e-07
   3169.00   4.349482e-07
   3170.00   6.247788e-07
   3171.00   7.741143e-07
   3172.00   1.057909e-06
   3173.00   1.564074e-06
   3174.00   2.087835e-06
   3175.00   2.968427e-06
   3176.00   4.311219e-06
   3177.00   5.582905e-06
   3178.00   6.866081e-06
   3179.00   7.716739e-06
   3180.00   6.992702e-06
   3181.00   4.456629e-06
   3182.00   1.782496e-06
   3183.00   1.366346e-06
   3184.00   2.278424e-06
   3185.00   2.669778e-06
   3186.00   2.401680e-06
   3187.00   1.726959e-06
   3188.00   1.227469e-06
   3189.00   8.310459e-07
   3190.00   4.978273e-07
   3191.00   3.590508e-07
   3192.00   2.320096e-07
   3193.00   1.634612e-07
   3194.00   1.358010e-07
   3195.00   9.766227e-08
   3196.00   8.516738e-08
   3197.00   7.395325e-08
   3198.00   6.644159e-08
   3199.00   6.979025e-08
   3200.00   6.573032e-08
   3201.00   7.367917e-08
   3202.00   8.181563e-08
   3203.00   9.255138e-08
   3204.00   1.178032e-07
   3205.00   1.303028e-07
   3206.00   1.680772e-07
   3207.00   2.106195e-07
   3208.00   2.641308e-07
   3209.00   3.653199e-07
   3210.00   4.332098e-07
   3211.00   5.781627e-07
   3212.00   7.401835e-07
   3213.00   9.105918e-07
   3214.00   1.202065e-06
   3215.00   1.404430e-06
   3216.00   1.777991e-06
   3217.00   2.172364e-06
   3218.00   2.554243e-06
   3219.00   3.157479e-06
   3220.00   3.546074e-06
   3221.00   4.137207e-06
   3222.00   4.675216e-06
   3223.00   5.077138e-06
   3224.00   5.708781e-06
   3225.00   6.098711e-06
   3226.00   6.669825e-06
   3227.00   7.159947e-06
   3228.00   7.485666e-06
   3229.00   7.929629e-06
   3230.00   8.178528e-06
   3231.00   8.514846e-06
   3232.00   8.774664e-06
   3233.00   8.909216e-06
   3234.00   9.072951e-06
   3235.00   9.121236e-06
   3236.00   9.162740e-06
   3237.00   9.168029e-06
   3238.00   9.114840e-06
   3239.00   9.071795e-06
   3240.00   8.963773e-06
   3241.00   8.852257e-06
   3242.00   8.706360e-06
   3243.00   8.545997e-06
   3244.00   8.409562e-06
   3245.00   8.203417e-06
   3246.00   8.051569e-06
   3247.00   7.848693e-06
   3248.00   7.649059e-06
   3249.00   7.361538e-06
   3250.00   7.031359e-06
   3251.00   7.049824e-06
   3252.00   6.955827e-06
   3253.00   6.756601e-06
   3254.00   6.492408e-06
   3255.00   5.944605e-06
   3256.00   5.795971e-06
   3257.00   5.877245e-06
   3258.00   5.788503e-06
   3259.00   5.730981e-06
   3260.00   5.472798e-06
   3261.00   5.294225e-06
   3262.00   5.176360e-06
   3263.00   4.871611e-06
   3264.00   4.842595e-06
   3265.00   4.696471e-06
   3266.00   4.398641e-06
   3267.00   4.375087e-06
   3268.00   4.146980e-06
   3269.00   3.970305e-06
   3270.00   3.889376e-06
   3271.00   3.493799e-06
   3272.00   2.942080e-06
   3273.00   1.948238e-06
   3274.00   8.558377e-07
   3275.00   1.066365e-06
   3276.00   2.478930e-06
   3277.00   3.518819e-06
   3278.00   3.811784e-06
   3279.00   3.568852e-06
   3280.00   2.549338e-06
   3281.00   1.301037e-06
   3282.00   1.074540e-06
   3283.00   1.714862e-06
   3284.00   2.156463e-06
   3285.00   2.125282e-06
   3286.00   1.796898e-06
   3287.00   1.577810e-06
   3288.00   1.369428e-06
   3289.00   8.765805e-07
   3290.00   6.029690e-07
   3291.00   7.249368e-07
   3292.00   7.772169e-07
   3293.00   7.209329e-07
   3294.00   6.039924e-07
   3295.00   4.161087e-07
   3296.00   2.997303e-07
   3297.00   2.219843e-07
   3298.00   1.678314e-07
   3299.00   1.526346e-07
   3300.00   1.377054e-07
   3301.00   1.366832e-07
   3302.00   1.229118e-07
   3303.00   9.316700e-08
   3304.00   7.564221e-08
   3305.00   5.346977e-08
   3306.00   3.604177e-08
   3307.00   2.923709e-08
   3308.00   1.964175e-08
   3309.00   1.419097e-08
   3310.00   1.161902e-08
   3311.00   8.140198e-09
   3312.00   6.620913e-09
   3313.00   5.563652e-09
   3314.00   4.547736e-09
   3315.00   4.192438e-09
   3316.00   3.606708e-09
   3317.00   3.295221e-09
   3318.00   3.185601e-09
   3319.00   2.870936e-09
   3320.00   2.871347e-09
   3321.00   2.831173e-09
   3322.00   2.769573e-09
   3323.00   3.058544e-09
   3324.00   3.197654e-09
   3325.00   3.767045e-09
   3326.00   5.092521e-09
   3327.00   6.768215e-09
   3328.00   1.396349e-08
   3329.00   2.910538e-08
   3330.00   6.782303e-08
   3331.00   1.793346e-07
   3332.00   3.678846e-07
   3333.00   6.367267e-07
   3334.00   8.743683e-07
   3335.00   7.860112e-07
   3336.00   4.342564e-07
   3337.00   1.598975e-07
   3338.00   4.141967e-08
   3339.00   5.374747e-09
   3340.00   1.073625e-09
   3341.00   1.742491e-09
   3342.00   2.931062e-09
   3343.00   3.133033e-09
   3344.00   2.574422e-09
   3345.00   1.910605e-09
   3346.00   1.567429e-09
   3347.00   1.393031e-09
   3348.00   1.161607e-09
   3349.00   1.075188e-09
   3350.00   9.987385e-10
   3351.00   9.016564e-10
   3352.00   8.954769e-10
   3353.00   8.558703e-10
   3354.00   8.129541e-10
   3355.00   8.355486e-10
   3356.00   8.205380e-10
   3357.00   8.278143e-10
   3358.00   8.919921e-10
   3359.00   9.020040e-10
   3360.00   9.578837e-10
   3361.00   1.065670e-09
   3362.00   1.104093e-09
   3363.00   1.245879e-09
   3364.00   1.430387e-09
   3365.00   1.522190e-09
   3366.00   1.787458e-09
   3367.00   2.061052e-09
   3368.00   2.271648e-09
   3369.00   2.883958e-09
   3370.00   3.508328e-09
   3371.00   4.272047e-09
   3372.00   6.075133e-09
   3373.00   8.056761e-09
   3374.00   1.132496e-08
   3375.00   2.039104e-08
   3376.00   3.291346e-08
   3377.00   5.432677e-08
   3378.00   1.026711e-07
   3379.00   1.575069e-07
   3380.00   2.313284e-07
   3381.00   3.580500e-07
   3382.00   4.570536e-07
   3383.00   5.640885e-07
   3384.00   7.181042e-07
   3385.00   8.111371e-07
   3386.00   9.486604e-07
   3387.00   1.163031e-06
   3388.00   1.337257e-06
   3389.00   1.529083e-06
   3390.00   1.776291e-06
   3391.00   1.982426e-06
   3392.00   2.113251e-06
   3393.00   2.214080e-06
   3394.00   2.210009e-06
   3395.00   2.067657e-06
   3396.00   1.910406e-06
   3397.00   1.915323e-06
   3398.00   2.057316e-06
   3399.00   2.057573e-06
   3400.00   1.940266e-06
   3401.00   1.836309e-06
   3402.00   1.672732e-06
   3403.00   1.532191e-06
   3404.00   1.395125e-06
   3405.00   1.197249e-06
   3406.00   1.058380e-06
   3407.00   9.447922e-07
   3408.00   8.214092e-07
   3409.00   7.202836e-07
   3410.00   6.588537e-07
   3411.00   6.249843e-07
   3412.00   5.674508e-07
   3413.00   5.694036e-07
   3414.00   5.950281e-07
   3415.00   5.809586e-07
   3416.00   6.276562e-07
   3417.00   6.506943e-07
   3418.00   6.137195e-07
   3419.00   6.244578e-07
   3420.00   6.115603e-07
   3421.00   5.674124e-07
   3422.00   5.767869e-07
   3423.00   5.996075e-07
   3424.00   6.116657e-07
   3425.00   6.285317e-07
   3426.00   6.424660e-07
   3427.00   6.352292e-07
   3428.00   6.041649e-07
   3429.00   5.723831e-07
   3430.00   5.324128e-07
   3431.00   4.729164e-07
   3432.00   3.956717e-07
   3433.00   2.604996e-07
   3434.00   1.469996e-07
   3435.00   1.594469e-07
   3436.00   1.953672e-07
   3437.00   1.786729e-07
   3438.00   1.401455e-07
   3439.00   1.029716e-07
   3440.00   7.831000e-08
   3441.00   6.009852e-08
   3442.00   4.888538e-08
   3443.00   4.393201e-08
   3444.00   3.561328e-08
   3445.00   2.710169e-08
   3446.00   1.933752e-08
   3447.00   1.293442e-08
   3448.00   1.013535e-08
   3449.00   7.736674e-09
   3450.00   5.613220e-09
   3451.00   5.385120e-09
   3452.00   5.589590e-09
   3453.00   4.576999e-09
   3454.00   3.729435e-09
   3455.00   3.199118e-09
   3456.00   2.664107e-09
   3457.00   2.477374e-09
   3458.00   2.141194e-09
   3459.00   1.834434e-09
   3460.00   1.676406e-09
   3461.00   1.403461e-09
   3462.00   1.134631e-09
   3463.00   9.481248e-10
   3464.00   7.992934e-10
   3465.00   6.892274e-10
   3466.00   5.907001e-10
   3467.00   5.306597e-10
   3468.00   5.153178e-10
   3469.00   4.758123e-10
   3470.00   4.152338e-10
   3471.00   3.631703e-10
   3472.00   3.090508e-10
   3473.00   2.633979e-10
   3474.00   2.427331e-10
   3475.00   2.354514e-10
   3476.00   2.370356e-10
   3477.00   2.404783e-10
   3478.00   2.368597e-10
   3479.00   2.279689e-10
   3480.00   2.222124e-10
   3481.00   2.096780e-10
   3482.00   1.914581e-10
   3483.00   1.769672e-10
   3484.00   1.691573e-10
   3485.00   1.713288e-10
   3486.00   1.779043e-10
   3487.00   1.852743e-10
   3488.00   1.887990e-10
   3489.00   1.840009e-10
   3490.00   1.753145e-10
   3491.00   1.645549e-10
   3492.00   1.565584e-10
   3493.00   1.542447e-10
   3494.00   1.519614e-10
   3495.00   1.455077e-10
   3496.00   1.394097e-10
   3497.00   1.377628e-10
   3498.00   1.370273e-10
   3499.00   1.345475e-10
   3500.00   1.314688e-10
   3501.00   1.286174e-10
   3502.00   1.265763e-10
   3503.00   1.256324e-10
   3504.00   1.246871e-10
   3505.00   1.237351e-10
   3506.00   1.226897e-10
   3507.00   1.216596e-10
   3508.00   1.206993e-10
   3509.00   1.197553e-10
   3510.00   1.188200e-10
   3511.00   1.178918e-10
   3512.00   1.169776e-10
   3513.00   1.160719e-10
   3514.00   1.151740e-10
   3515.00   1.142832e-10
   3516.00   1.133994e-10
   3517.00   1.125224e-10
   3518.00   1.116524e-10
   3519.00   1.107889e-10
   3520.00   1.099321e-10
   3521.00   1.090818e-10
   3522.00   1.082383e-10
   3523.00   1.074014e-10
   3524.00   1.065725e-10
   3525.00   1.057544e-10
   3526.00   1.050823e-10
   3527.00   1.045602e-10
   3528.00   1.037706e-10
   3529.00   1.026878e-10
   3530.00   1.017337e-10
   3531.00   1.009346e-10
   3532.00   1.001513e-10
   3533.00   9.937617e-11
   3534.00   9.860724e-11
   3535.00   9.784433e-11
   3536.00   9.708734e-11
   3537.00   9.633611e-11
   3538.00   9.559079e-11
   3539.00   9.485113e-11
   3540.00   9.411705e-11
   3541.00   9.338869e-11
   3542.00   9.266596e-11
   3543.00   9.194886e-11
   3544.00   9.123721e-11
   3545.00   9.053094e-11
   3546.00   8.983033e-11
   3547.00   8.913508e-11
   3548.00   8.844510e-11
   3549.00   8.776052e-11
   3550.00   8.708119e-11
   3551.00   8.640717e-11
   3552.00   8.573830e-11
   3553.00   8.507448e-11
   3554.00   8.441581e-11
   3555.00   8.376234e-11
   3556.00   8.311404e-11
   3557.00   8.247064e-11
   3558.00   8.183217e-11
   3559.00   8.119856e-11
   3560.00   8.056978e-11
   3561.00   7.994585e-11
   3562.00   7.932682e-11
   3563.00   7.871256e-11
   3564.00   7.810306e-11
   3565.00   7.749829e-11
   3566.00   7.689809e-11
   3567.00   7.630247e-11
   3568.00   7.571148e-11
   3569.00   7.512502e-11
   3570.00   7.454319e-11
   3571.00   7.396580e-11
   3572.00   7.339292e-11
   3573.00   7.282447e-11
   3574.00   7.226037e-11
   3575.00   7.170062e-11
   3576.00   7.114522e-11
   3577.00   7.059408e-11
   3578.00   7.004720e-11
   3579.00   6.950447e-11
   3580.00   6.896600e-11
   3581.00   6.843165e-11
   3582.00   6.790140e-11
   3583.00   6.737529e-11
   3584.00   6.685328e-11
   3585.00   6.633522e-11
   3586.00   6.582119e-11
   3587.00   6.531114e-11
   3588.00   6.480500e-11
   3589.00   6.430276e-11
   3590.00   6.380443e-11
   3591.00   6.330996e-11
   3592.00   6.281925e-11
   3593.00   6.233239e-11
   3594.00   6.184923e-11
   3595.00   6.136982e-11
   3596.00   6.089414e-11
   3597.00   6.042212e-11
   3598.00   5.995373e-11
   3599.00   5.948896e-11
   3600.00   5.902777e-11
   3601.00   5.857013e-11
   3602.00   5.811605e-11
   3603.00   5.766548e-11
   3604.00   5.721839e-11
   3605.00   5.677472e-11
   3606.00   5.633451e-11
   3607.00   5.589768e-11
   3608.00   5.546424e-11
   3609.00   5.503411e-11
   3610.00   5.460732e-11
   3611.00   5.418383e-11
   3612.00   5.376356e-11
   3613.00   5.334660e-11
   3614.00   5.293289e-11
   3615.00   5.252240e-11
   3616.00   5.211504e-11
   3617.00   5.171081e-11
   3618.00   5.130973e-11
   3619.00   5.091173e-11
   3620.00   5.051682e-11
   3621.00   5.012494e-11
   3622.00   4.973611e-11
   3623.00   4.935028e-11
   3624.00   4.896741e-11
   3625.00   4.858752e-11
   3626.00   4.821055e-11
   3627.00   4.783651e-11
   3628.00   4.746534e-11
   3629.00   4.709704e-11
   3630.00   4.673160e-11
   3631.00   4.636896e-11
   3632.00   4.600916e-11
   3633.00   4.565211e-11
   3634.00   4.529783e-11
   3635.00   4.494628e-11
   3636.00   4.459742e-11
   3637.00   4.425130e-11
   3638.00   4.390785e-11
   3639.00   4.356706e-11
   3640.00   4.322888e-11
   3641.00   4.289330e-11
   3642.00   4.256033e-11
   3643.00   4.222995e-11
   3644.00   4.190214e-11
   3645.00   4.157682e-11
   3646.00   4.125404e-11
   3647.00   4.093377e-11
   3648.00   4.061596e-11
   3649.00   4.030062e-11
   3650.00   3.998770e-11
   3651.00   3.967722e-11
   3652.00   3.936911e-11
   3653.00   3.906338e-11
   3654.00   3.876008e-11
   3655.00   3.845908e-11
   3656.00   3.816040e-11
   3657.00   3.786402e-11
   3658.00   3.756997e-11
   3659.00   3.727823e-11
   3660.00   3.698874e-11
   3661.00   3.670149e-11
   3662.00   3.641642e-11
   3663.00   3.613359e-11
   3664.00   3.585296e-11
   3665.00   3.557452e-11
   3666.00   3.529823e-11
   3667.00   3.502403e-11
   3668.00   3.475195e-11
   3669.00   3.448201e-11
   3670.00   3.421420e-11
   3671.00   3.394840e-11
   3672.00   3.368470e-11
   3673.00   3.342298e-11
   3674.00   3.316329e-11
   3675.00   3.290563e-11
   3676.00   3.265002e-11
   3677.00   3.239640e-11
   3678.00   3.214473e-11
   3679.00   3.189498e-11
   3680.00   3.164716e-11
   3681.00   3.140127e-11
   3682.00   3.115727e-11
   3683.00   3.091517e-11
   3684.00   3.067493e-11
   3685.00   3.043653e-11
   3686.00   3.020001e-11
   3687.00   2.996531e-11
   3688.00   2.973243e-11
   3689.00   2.950135e-11
   3690.00   2.927204e-11
   3691.00   2.904453e-11
   3692.00   2.881876e-11
   3693.00   2.859476e-11
   3694.00   2.837249e-11
   3695.00   2.815192e-11
   3696.00   2.793308e-11
   3697.00   2.771592e-11
   3698.00   2.750046e-11
   3699.00   2.728664e-11
   3700.00   2.707451e-11
   3701.00   2.686399e-11
   3702.00   2.665514e-11
   3703.00   2.644787e-11
   3704.00   2.624222e-11
   3705.00   2.603816e-11
   3706.00   2.583569e-11
   3707.00   2.563478e-11
   3708.00   2.543543e-11
   3709.00   2.523763e-11
   3710.00   2.504135e-11
   3711.00   2.484658e-11
   3712.00   2.465333e-11
   3713.00   2.446159e-11
   3714.00   2.427132e-11
   3715.00   2.408253e-11
   3716.00   2.389523e-11
   3717.00   2.370937e-11
   3718.00   2.352494e-11
   3719.00   2.334195e-11
   3720.00   2.316037e-11
   3721.00   2.298021e-11
   3722.00   2.280143e-11
   3723.00   2.262404e-11
   3724.00   2.244803e-11
   3725.00   2.227338e-11
   3726.00   2.210007e-11
   3727.00   2.192812e-11
   3728.00   2.175749e-11
   3729.00   2.158820e-11
   3730.00   2.142022e-11
   3731.00   2.125354e-11
   3732.00   2.108814e-11
   3733.00   2.092404e-11
   3734.00   2.076119e-11
   3735.00   2.059961e-11
   3736.00   2.043930e-11
   3737.00   2.028021e-11
   3738.00   2.012236e-11
   3739.00   1.996574e-11
   3740.00   1.981032e-11
   3741.00   1.965611e-11
   3742.00   1.950308e-11
   3743.00   1.935124e-11
   3744.00   1.920056e-11
   3745.00   1.905107e-11
   3746.00   1.890272e-11
   3747.00   1.875550e-11
   3748.00   1.860942e-11
   3749.00   1.846447e-11
   3750.00   1.832067e-11
   3751.00   1.817797e-11
   3752.00   1.803639e-11
   3753.00   1.789593e-11
   3754.00   1.775664e-11
   3755.00   1.761858e-11
   3756.00   1.748186e-11
   3757.00   1.734672e-11
   3758.00   1.721338e-11
   3759.00   1.708222e-11
   3760.00   1.695419e-11
   3761.00   1.682989e-11
   3762.00   1.671062e-11
   3763.00   1.659815e-11
   3764.00   1.649368e-11
   3765.00   1.639823e-11
   3766.00   1.631413e-11
   3767.00   1.624559e-11
   3768.00   1.619689e-11
   3769.00   1.616734e-11
   3770.00   1.615453e-11
   3771.00   1.616510e-11
   3772.00   1.621057e-11
   3773.00   1.629347e-11
   3774.00   1.640066e-11
   3775.00   1.652811e-11
   3776.00   1.669106e-11
   3777.00   1.692292e-11
   3778.00   1.719964e-11
   3779.00   1.747644e-11
   3780.00   1.780376e-11
   3781.00   1.821607e-11
   3782.00   1.869574e-11
   3783.00   1.919660e-11
   3784.00   1.969954e-11
   3785.00   2.026948e-11
   3786.00   2.094637e-11
   3787.00   2.165575e-11
   3788.00   2.235520e-11
   3789.00   2.307583e-11
   3790.00   2.391855e-11
   3791.00   2.484358e-11
   3792.00   2.577556e-11
   3793.00   2.674781e-11
   3794.00   2.779296e-11
   3795.00   2.899071e-11
   3796.00   3.016993e-11
   3797.00   3.142045e-11
   3798.00   3.273212e-11
   3799.00   3.421589e-11
   3800.00   3.562080e-11
   3801.00   3.675141e-11
   3802.00   3.831333e-11
   3803.00   4.002580e-11
   3804.00   4.198488e-11
   3805.00   4.372914e-11
   3806.00   4.504522e-11
   3807.00   4.673294e-11
   3808.00   4.873068e-11
   3809.00   5.136142e-11
   3810.00   5.362658e-11
   3811.00   5.572921e-11
   3812.00   5.891729e-11
   3813.00   6.257638e-11
   3814.00   6.580674e-11
   3815.00   6.732082e-11
   3816.00   6.862992e-11
   3817.00   7.058864e-11
   3818.00   7.246777e-11
   3819.00   7.535355e-11
   3820.00   7.675735e-11
   3821.00   7.740136e-11
   3822.00   8.135888e-11
   3823.00   8.474816e-11
   3824.00   8.571116e-11
   3825.00   8.851084e-11
   3826.00   9.265335e-11
   3827.00   9.467772e-11
   3828.00   9.633737e-11
   3829.00   1.004781e-10
   3830.00   1.049394e-10
   3831.00   1.078643e-10
   3832.00   1.117669e-10
   3833.00   1.173876e-10
   3834.00   1.222673e-10
   3835.00   1.282262e-10
   3836.00   1.344573e-10
   3837.00   1.398220e-10
   3838.00   1.474101e-10
   3839.00   1.569253e-10
   3840.00   1.647927e-10
   3841.00   1.722291e-10
   3842.00   1.825261e-10
   3843.00   1.899435e-10
   3844.00   1.990045e-10
   3845.00   2.160607e-10
   3846.00   2.307285e-10
   3847.00   2.490434e-10
   3848.00   2.831906e-10
   3849.00   3.227221e-10
   3850.00   3.743430e-10
   3851.00   4.434296e-10
   3852.00   5.211002e-10
   3853.00   6.267646e-10
   3854.00   8.360296e-10
   3855.00   1.312818e-09
   3856.00   1.965745e-09
   3857.00   2.234584e-09
   3858.00   1.934531e-09
   3859.00   1.543639e-09
   3860.00   1.315745e-09
   3861.00   1.177379e-09
   3862.00   1.112646e-09
   3863.00   1.068797e-09
   3864.00   1.024835e-09
   3865.00   1.028318e-09
   3866.00   1.083181e-09
   3867.00   1.190678e-09
   3868.00   1.311420e-09
   3869.00   1.452343e-09
   3870.00   1.677643e-09
   3871.00   2.015000e-09
   3872.00   2.480347e-09
   3873.00   3.015381e-09
   3874.00   3.723767e-09
   3875.00   4.664968e-09
   3876.00   5.823897e-09
   3877.00   7.146955e-09
   3878.00   8.708759e-09
   3879.00   1.058642e-08
   3880.00   1.271035e-08
   3881.00   1.528350e-08
   3882.00   1.826823e-08
   3883.00   2.155793e-08
   3884.00   2.504763e-08
   3885.00   2.860751e-08
   3886.00   3.274191e-08
   3887.00   3.837218e-08
   3888.00   4.460175e-08
   3889.00   4.915277e-08
   3890.00   5.157596e-08
   3891.00   5.335795e-08
   3892.00   5.592004e-08
   3893.00   5.900804e-08
   3894.00   6.196749e-08
   3895.00   6.487245e-08
   3896.00   6.809365e-08
   3897.00   7.123614e-08
   3898.00   7.392879e-08
   3899.00   7.663383e-08
   3900.00   7.971278e-08
   3901.00   8.237010e-08
   3902.00   8.466742e-08
   3903.00   8.711558e-08
   3904.00   8.943208e-08
   3905.00   9.250018e-08
   3906.00   9.601146e-08
   3907.00   9.925787e-08
   3908.00   1.025763e-07
   3909.00   1.060607e-07
   3910.00   1.097480e-07
   3911.00   1.135218e-07
   3912.00   1.170496e-07
   3913.00   1.202085e-07
   3914.00   1.233876e-07
   3915.00   1.270544e-07
   3916.00   1.308317e-07
   3917.00   1.346693e-07
   3918.00   1.390095e-07
   3919.00   1.432341e-07
   3920.00   1.466482e-07
   3921.00   1.498687e-07
   3922.00   1.532918e-07
   3923.00   1.561524e-07
   3924.00   1.581317e-07
   3925.00   1.599430e-07
   3926.00   1.619165e-07
   3927.00   1.638303e-07
   3928.00   1.657952e-07
   3929.00   1.675368e-07
   3930.00   1.692250e-07
   3931.00   1.710883e-07
   3932.00   1.726902e-07
   3933.00   1.744050e-07
   3934.00   1.762297e-07
   3935.00   1.778784e-07
   3936.00   1.793247e-07
   3937.00   1.794636e-07
   3938.00   1.794272e-07
   3939.00   1.800665e-07
   3940.00   1.794683e-07
   3941.00   1.797534e-07
   3942.00   1.806400e-07
   3943.00   1.798574e-07
   3944.00   1.813057e-07
   3945.00   1.831599e-07
   3946.00   1.826450e-07
   3947.00   1.843021e-07
   3948.00   1.861124e-07
   3949.00   1.852012e-07
   3950.00   1.869160e-07
   3951.00   1.883920e-07
   3952.00   1.862284e-07
   3953.00   1.894509e-07
   3954.00   1.895484e-07
   3955.00   1.848411e-07
   3956.00   1.898319e-07
   3957.00   1.881044e-07
   3958.00   1.833125e-07
   3959.00   1.872248e-07
   3960.00   1.803940e-07
   3961.00   1.668034e-07
   3962.00   1.471656e-07
   3963.00   1.249173e-07
   3964.00   1.181849e-07
   3965.00   1.093034e-07
   3966.00   9.623172e-08
   3967.00   8.965600e-08
   3968.00   8.047849e-08
   3969.00   7.514179e-08
   3970.00   6.905711e-08
   3971.00   6.090355e-08
   3972.00   5.537948e-08
   3973.00   4.781155e-08
   3974.00   4.535436e-08
   3975.00   4.256131e-08
   3976.00   3.931267e-08
   3977.00   3.825542e-08
   3978.00   3.511810e-08
   3979.00   3.460706e-08
   3980.00   3.659408e-08
   3981.00   4.156621e-08
   3982.00   4.696201e-08
   3983.00   5.249820e-08
   3984.00   6.711131e-08
   3985.00   9.859008e-08
   3986.00   1.211812e-07
   3987.00   1.225138e-07
   3988.00   1.207393e-07
   3989.00   1.116076e-07
   3990.00   9.075812e-08
   3991.00   6.219755e-08
   3992.00   4.547797e-08
   3993.00   4.176463e-08
   3994.00   3.674596e-08
   3995.00   3.374895e-08
   3996.00   3.431059e-08
   3997.00   3.360175e-08
   3998.00   3.146174e-08
   3999.00   3.192993e-08
   4000.00   3.267817e-08
   4001.00   3.211606e-08
   4002.00   2.871433e-08
   4003.00   2.152200e-08
   4004.00   1.450199e-08
   4005.00   1.586298e-08
   4006.00   3.559303e-08
   4007.00   6.384001e-08
   4008.00   7.688484e-08
   4009.00   7.423403e-08
   4010.00   6.905432e-08
   4011.00   6.269030e-08
   4012.00   5.220374e-08
   4013.00   4.269226e-08
   4014.00   3.689731e-08
   4015.00   3.157920e-08
   4016.00   2.632433e-08
   4017.00   2.107982e-08
   4018.00   1.641832e-08
   4019.00   1.324531e-08
   4020.00   1.096320e-08
   4021.00   9.455651e-09
   4022.00   8.827838e-09
   4023.00   8.880177e-09
   4024.00   9.875647e-09
   4025.00   1.245822e-08
   4026.00   1.757094e-08
   4027.00   2.901367e-08
   4028.00   6.237792e-08
   4029.00   1.188946e-07
   4030.00   1.635681e-07
   4031.00   1.795738e-07
   4032.00   1.829838e-07
   4033.00   1.840912e-07
   4034.00   1.842309e-07
   4035.00   1.838850e-07
   4036.00   1.831606e-07
   4037.00   1.820422e-07
   4038.00   1.807520e-07
   4039.00   1.794938e-07
   4040.00   1.781094e-07
   4041.00   1.764591e-07
   4042.00   1.746394e-07
   4043.00   1.729045e-07
   4044.00   1.714524e-07
   4045.00   1.703344e-07
   4046.00   1.695421e-07
   4047.00   1.689870e-07
   4048.00   1.686998e-07
   4049.00   1.686135e-07
   4050.00   1.686772e-07
   4051.00   1.690289e-07
   4052.00   1.695716e-07
   4053.00   1.701147e-07
   4054.00   1.705498e-07
   4055.00   1.707926e-07
   4056.00   1.707279e-07
   4057.00   1.701940e-07
   4058.00   1.694295e-07
   4059.00   1.685573e-07
   4060.00   1.676189e-07
   4061.00   1.670375e-07
   4062.00   1.661650e-07
   4063.00   1.654128e-07
   4064.00   1.646447e-07
   4065.00   1.637305e-07
   4066.00   1.628595e-07
   4067.00   1.620865e-07
   4068.00   1.613647e-07
   4069.00   1.605005e-07
   4070.00   1.597069e-07
   4071.00   1.588635e-07
   4072.00   1.581530e-07
   4073.00   1.572633e-07
   4074.00   1.563756e-07
   4075.00   1.555439e-07
   4076.00   1.548987e-07
   4077.00   1.541870e-07
   4078.00   1.532941e-07
   4079.00   1.525854e-07
   4080.00   1.518187e-07
   4081.00   1.508865e-07
   4082.00   1.502960e-07
   4083.00   1.496074e-07
   4084.00   1.486093e-07
   4085.00   1.479406e-07
   4086.00   1.472509e-07
   4087.00   1.460368e-07
   4088.00   1.453526e-07
   4089.00   1.448705e-07
   4090.00   1.441445e-07
   4091.00   1.432898e-07
   4092.00   1.425678e-07
   4093.00   1.419212e-07
   4094.00   1.411591e-07
   4095.00   1.402944e-07
   4096.00   1.396031e-07
   4097.00   1.388458e-07
   4098.00   1.380106e-07
   4099.00   1.372739e-07
   4100.00   1.365616e-07
   4101.00   1.358249e-07
   4102.00   1.351162e-07
   4103.00   1.343538e-07
   4104.00   1.335766e-07
   4105.00   1.328573e-07
   4106.00   1.318199e-07
   4107.00   1.311279e-07
   4108.00   1.305610e-07
   4109.00   1.297386e-07
   4110.00   1.289645e-07
   4111.00   1.280591e-07
   4112.00   1.275858e-07
   4113.00   1.270651e-07
   4114.00   1.263072e-07
   4115.00   1.256196e-07
   4116.00   1.249326e-07
   4117.00   1.242463e-07
   4118.00   1.235606e-07
   4119.00   1.228757e-07
   4120.00   1.221386e-07
   4121.00   1.215689e-07
   4122.00   1.211236e-07
   4123.00   1.203866e-07
   4124.00   1.193945e-07
   4125.00   1.187212e-07
   4126.00   1.182106e-07
   4127.00   1.174313e-07
   4128.00   1.164508e-07
   4129.00   1.159903e-07
   4130.00   1.154648e-07
   4131.00   1.146435e-07
   4132.00   1.139477e-07
   4133.00   1.132990e-07
   4134.00   1.125867e-07
   4135.00   1.120769e-07
   4136.00   1.115611e-07
   4137.00   1.107880e-07
   4138.00   1.100987e-07
   4139.00   1.095677e-07
   4140.00   1.090937e-07
   4141.00   1.083487e-07
   4142.00   1.075465e-07
   4143.00   1.070656e-07
   4144.00   1.065649e-07
   4145.00   1.057097e-07
   4146.00   1.051733e-07
   4147.00   1.047655e-07
   4148.00   1.039979e-07
   4149.00   1.030844e-07
   4150.00   1.026286e-07
   4151.00   1.021237e-07
   4152.00   1.013347e-07
   4153.00   1.007980e-07
   4154.00   1.003362e-07
   4155.00   9.955767e-08
   4156.00   9.902849e-08
   4157.00   9.859995e-08
   4158.00   9.781549e-08
   4159.00   9.725175e-08
   4160.00   9.684355e-08
   4161.00   9.627365e-08
   4162.00   9.557872e-08
   4163.00   9.509170e-08
   4164.00   9.461733e-08
   4165.00   9.395154e-08
   4166.00   9.331063e-08
   4167.00   9.264261e-08
   4168.00   9.200685e-08
   4169.00   9.143055e-08
   4170.00   9.087122e-08
   4171.00   9.033365e-08
   4172.00   8.980394e-08
   4173.00   8.926628e-08
   4174.00   8.873338e-08
   4175.00   8.819457e-08
   4176.00   8.765262e-08
   4177.00   8.711628e-08
   4178.00   8.659182e-08
   4179.00   8.607573e-08
   4180.00   8.556039e-08
   4181.00   8.503501e-08
   4182.00   8.451913e-08
   4183.00   8.401013e-08
   4184.00   8.347541e-08
   4185.00   8.293502e-08
   4186.00   8.238583e-08
   4187.00   8.184015e-08
   4188.00   8.127262e-08
   4189.00   8.091242e-08
   4190.00   8.036251e-08
   4191.00   7.989240e-08
   4192.00   7.955970e-08
   4193.00   7.894324e-08
   4194.00   7.822353e-08
   4195.00   7.770342e-08
   4196.00   7.741467e-08
   4197.00   7.704181e-08
   4198.00   7.648861e-08
   4199.00   7.602835e-08
   4200.00   7.556863e-08
   4201.00   7.510932e-08
   4202.00   7.465036e-08
   4203.00   7.418350e-08
   4204.00   7.371780e-08
   4205.00   7.338241e-08
   4206.00   7.297938e-08
   4207.00   7.229268e-08
   4208.00   7.197380e-08
   4209.00   7.159481e-08
   4210.00   7.106629e-08
   4211.00   7.063796e-08
   4212.00   7.022507e-08
   4213.00   6.966295e-08
   4214.00   6.904318e-08
   4215.00   6.860888e-08
   4216.00   6.819899e-08
   4217.00   6.778209e-08
   4218.00   6.737130e-08
   4219.00   6.697172e-08
   4220.00   6.657761e-08
   4221.00   6.618660e-08
   4222.00   6.580267e-08
   4223.00   6.542783e-08
   4224.00   6.505068e-08
   4225.00   6.467819e-08
   4226.00   6.431241e-08
   4227.00   6.394359e-08
   4228.00   6.357762e-08
   4229.00   6.293889e-08
   4230.00   6.275667e-08
   4231.00   6.254941e-08
   4232.00   6.218610e-08
   4233.00   6.181412e-08
   4234.00   6.146339e-08
   4235.00   6.111297e-08
   4236.00   6.076292e-08
   4237.00   6.041317e-08
   4238.00   6.006374e-08
   4239.00   5.971461e-08
   4240.00   5.936579e-08
   4241.00   5.901734e-08
   4242.00   5.860739e-08
   4243.00   5.822669e-08
   4244.00   5.792722e-08
   4245.00   5.755072e-08
   4246.00   5.710887e-08
   4247.00   5.680059e-08
   4248.00   5.649258e-08
   4249.00   5.617719e-08
   4250.00   5.583473e-08
   4251.00   5.559793e-08
   4252.00   5.536421e-08
   4253.00   5.500993e-08
   4254.00   5.460683e-08
   4255.00   5.430216e-08
   4256.00   5.416667e-08
   4257.00   5.397023e-08
   4258.00   5.365500e-08
   4259.00   5.339667e-08
   4260.00   5.313862e-08
   4261.00   5.288079e-08
   4262.00   5.262318e-08
   4263.00   5.236585e-08
   4264.00   5.210874e-08
   4265.00   5.185184e-08
   4266.00   5.159518e-08
   4267.00   5.133878e-08
   4268.00   5.108261e-08
   4269.00   5.082666e-08
   4270.00   5.057093e-08
   4271.00   5.031310e-08
   4272.00   5.006339e-08
   4273.00   4.988838e-08
   4274.00   4.971232e-08
   4275.00   4.932545e-08
   4276.00   4.910019e-08
   4277.00   4.884326e-08
   4278.00   4.862062e-08
   4279.00   4.839235e-08
   4280.00   4.817504e-08
   4281.00   4.795274e-08
   4282.00   4.767908e-08
   4283.00   4.744229e-08
   4284.00   4.711644e-08
   4285.00   4.694152e-08
   4286.00   4.677958e-08
   4287.00   4.655804e-08
   4288.00   4.632158e-08
   4289.00   4.609536e-08
   4290.00   4.586935e-08
   4291.00   4.564357e-08
   4292.00   4.541799e-08
   4293.00   4.519260e-08
   4294.00   4.496744e-08
   4295.00   4.474248e-08
   4296.00   4.451772e-08
   4297.00   4.429314e-08
   4298.00   4.406400e-08
   4299.00   4.389598e-08
   4300.00   4.374185e-08
   4301.00   4.338803e-08
   4302.00   4.316045e-08
   4303.00   4.292455e-08
   4304.00   4.269887e-08
   4305.00   4.246168e-08
   4306.00   4.223927e-08
   4307.00   4.200500e-08
   4308.00   4.176816e-08
   4309.00   4.153087e-08
   4310.00   4.129667e-08
   4311.00   4.106746e-08
   4312.00   4.082496e-08
   4313.00   4.058412e-08
   4314.00   4.033906e-08
   4315.00   4.009545e-08
   4316.00   3.985147e-08
   4317.00   3.961115e-08
   4318.00   3.936792e-08
   4319.00   3.912843e-08
   4320.00   3.889847e-08
   4321.00   3.866265e-08
   4322.00   3.843320e-08
   4323.00   3.820876e-08
   4324.00   3.799181e-08
   4325.00   3.778170e-08
   4326.00   3.757000e-08
   4327.00   3.736524e-08
   4328.00   3.717078e-08
   4329.00   3.698803e-08
   4330.00   3.679861e-08
   4331.00   3.659762e-08
   4332.00   3.641416e-08
   4333.00   3.625213e-08
   4334.00   3.608219e-08
   4335.00   3.590090e-08
   4336.00   3.571924e-08
   4337.00   3.553315e-08
   4338.00   3.534060e-08
   4339.00   3.516228e-08
   4340.00   3.499962e-08
   4341.00   3.482089e-08
   4342.00   3.464078e-08
   4343.00   3.447040e-08
   4344.00   3.428013e-08
   4345.00   3.407848e-08
   4346.00   3.386822e-08
   4347.00   3.363883e-08
   4348.00   3.341043e-08
   4349.00   3.317698e-08
   4350.00   3.292212e-08
   4351.00   3.266221e-08
   4352.00   3.242452e-08
   4353.00   3.218632e-08
   4354.00   3.183401e-08
   4355.00   3.144714e-08
   4356.00   3.129222e-08
   4357.00   3.125820e-08
   4358.00   3.111709e-08
   4359.00   3.091848e-08
   4360.00   3.072994e-08
   4361.00   3.055572e-08
   4362.00   3.038490e-08
   4363.00   3.022115e-08
   4364.00   3.007808e-08
   4365.00   2.992304e-08
   4366.00   2.977563e-08
   4367.00   2.963336e-08
   4368.00   2.947776e-08
   4369.00   2.935193e-08
   4370.00   2.921354e-08
   4371.00   2.908153e-08
   4372.00   2.894747e-08
   4373.00   2.878848e-08
   4374.00   2.865963e-08
   4375.00   2.851366e-08
   4376.00   2.835195e-08
   4377.00   2.815343e-08
   4378.00   2.793589e-08
   4379.00   2.768917e-08
   4380.00   2.735927e-08
   4381.00   2.711663e-08
   4382.00   2.697626e-08
   4383.00   2.672326e-08
   4384.00   2.631155e-08
   4385.00   2.596637e-08
   4386.00   2.570822e-08
   4387.00   2.521106e-08
   4388.00   2.465737e-08
   4389.00   2.441478e-08
   4390.00   2.405037e-08
   4391.00   2.344422e-08
   4392.00   2.318946e-08
   4393.00   2.308964e-08
   4394.00   2.258594e-08
   4395.00   2.221994e-08
   4396.00   2.234110e-08
   4397.00   2.213248e-08
   4398.00   2.189215e-08
   4399.00   2.225969e-08
   4400.00   2.234870e-08
   4401.00   2.225795e-08
   4402.00   2.275146e-08
   4403.00   2.310038e-08
   4404.00   2.319484e-08
   4405.00   2.363356e-08
   4406.00   2.397978e-08
   4407.00   2.414557e-08
   4408.00   2.440211e-08
   4409.00   2.454544e-08
   4410.00   2.456549e-08
   4411.00   2.453681e-08
   4412.00   2.444374e-08
   4413.00   2.429809e-08
   4414.00   2.406047e-08
   4415.00   2.230518e-08
   4416.00   1.817358e-08
   4417.00   1.565195e-08
   4418.00   1.744804e-08
   4419.00   1.985593e-08
   4420.00   2.066977e-08
   4421.00   2.080423e-08
   4422.00   2.019415e-08
   4423.00   1.954992e-08
   4424.00   1.900128e-08
   4425.00   1.806182e-08
   4426.00   1.777954e-08
   4427.00   1.723539e-08
   4428.00   1.650500e-08
   4429.00   1.646253e-08
   4430.00   1.592353e-08
   4431.00   1.586854e-08
   4432.00   1.579824e-08
   4433.00   1.534930e-08
   4434.00   1.569929e-08
   4435.00   1.555254e-08
   4436.00   1.563907e-08
   4437.00   1.582256e-08
   4438.00   1.566696e-08
   4439.00   1.619168e-08
   4440.00   1.631602e-08
   4441.00   1.666516e-08
   4442.00   1.702293e-08
   4443.00   1.709569e-08
   4444.00   1.762334e-08
   4445.00   1.781083e-08
   4446.00   1.822017e-08
   4447.00   1.856204e-08
   4448.00   1.875662e-08
   4449.00   1.913227e-08
   4450.00   1.927046e-08
   4451.00   1.962719e-08
   4452.00   1.986299e-08
   4453.00   2.002290e-08
   4454.00   2.021287e-08
   4455.00   2.028732e-08
   4456.00   2.043404e-08
   4457.00   2.048307e-08
   4458.00   2.055356e-08
   4459.00   2.059870e-08
   4460.00   2.057958e-08
   4461.00   2.055560e-08
   4462.00   2.049333e-08
   4463.00   2.044546e-08
   4464.00   2.036633e-08
   4465.00   2.026815e-08
   4466.00   2.014682e-08
   4467.00   2.000463e-08
   4468.00   1.987405e-08
   4469.00   1.972880e-08
   4470.00   1.956098e-08
   4471.00   1.937321e-08
   4472.00   1.915178e-08
   4473.00   1.891139e-08
   4474.00   1.868785e-08
   4475.00   1.846278e-08
   4476.00   1.821352e-08
   4477.00   1.794245e-08
   4478.00   1.765914e-08
   4479.00   1.735757e-08
   4480.00   1.701613e-08
   4481.00   1.667083e-08
   4482.00   1.633330e-08
   4483.00   1.596753e-08
   4484.00   1.559231e-08
   4485.00   1.522065e-08
   4486.00   1.484597e-08
   4487.00   1.445754e-08
   4488.00   1.403476e-08
   4489.00   1.360575e-08
   4490.00   1.321125e-08
   4491.00   1.284973e-08
   4492.00   1.250242e-08
   4493.00   1.216765e-08
   4494.00   1.183137e-08
   4495.00   1.153227e-08
   4496.00   1.133673e-08
   4497.00   1.119876e-08
   4498.00   1.105793e-08
   4499.00   1.091128e-08
   4500.00   1.085318e-08
   4501.00   1.097274e-08
   4502.00   1.122076e-08
   4503.00   1.151462e-08
   4504.00   1.179430e-08
   4505.00   1.227107e-08
   4506.00   1.310566e-08
   4507.00   1.414204e-08
   4508.00   1.520519e-08
   4509.00   1.541498e-08
   4510.00   1.426439e-08
   4511.00   1.273503e-08
   4512.00   1.138525e-08
   4513.00   1.020649e-08
   4514.00   9.279131e-09
   4515.00   8.480610e-09
   4516.00   7.890879e-09
   4517.00   7.498577e-09
   4518.00   7.163522e-09
   4519.00   6.991439e-09
   4520.00   6.999435e-09
   4521.00   7.135767e-09
   4522.00   7.409777e-09
   4523.00   7.810533e-09
   4524.00   8.379905e-09
   4525.00   9.112168e-09
   4526.00   9.961613e-09
   4527.00   1.089247e-08
   4528.00   1.168926e-08
   4529.00   1.232911e-08
   4530.00   1.324552e-08
   4531.00   1.436110e-08
   4532.00   1.504943e-08
   4533.00   1.525763e-08
   4534.00   1.527688e-08
   4535.00   1.517154e-08
   4536.00   1.501696e-08
   4537.00   1.489122e-08
   4538.00   1.469966e-08
   4539.00   1.449163e-08
   4540.00   1.433775e-08
   4541.00   1.410109e-08
   4542.00   1.386060e-08
   4543.00   1.368560e-08
   4544.00   1.341555e-08
   4545.00   1.313111e-08
   4546.00   1.294107e-08
   4547.00   1.263748e-08
   4548.00   1.236424e-08
   4549.00   1.219404e-08
   4550.00   1.181953e-08
   4551.00   1.157701e-08
   4552.00   1.125003e-08
   4553.00   1.065243e-08
   4554.00   1.040176e-08
   4555.00   9.915308e-09
   4556.00   9.332214e-09
   4557.00   9.006912e-09
   4558.00   8.353661e-09
   4559.00   8.032319e-09
   4560.00   7.646912e-09
   4561.00   6.995044e-09
   4562.00   6.878141e-09
   4563.00   6.422018e-09
   4564.00   5.995760e-09
   4565.00   5.869295e-09
   4566.00   5.350457e-09
   4567.00   5.245295e-09
   4568.00   5.075541e-09
   4569.00   4.667438e-09
   4570.00   4.779652e-09
   4571.00   4.584179e-09
   4572.00   4.489963e-09
   4573.00   4.768036e-09
   4574.00   4.676025e-09
   4575.00   4.916994e-09
   4576.00   5.128113e-09
   4577.00   4.954921e-09
   4578.00   5.338666e-09
   4579.00   5.855363e-09
   4580.00   6.381337e-09
   4581.00   7.075530e-09
   4582.00   7.479798e-09
   4583.00   7.891059e-09
   4584.00   8.151609e-09
   4585.00   7.918210e-09
   4586.00   7.484421e-09
   4587.00   6.984459e-09
   4588.00   6.395855e-09
   4589.00   5.484953e-09
   4590.00   3.720991e-09
   4591.00   1.614146e-09
   4592.00   7.929350e-10
   4593.00   1.466329e-09
   4594.00   2.175576e-09
   4595.00   2.077259e-09
   4596.00   1.533788e-09
   4597.00   9.721587e-10
   4598.00   6.425872e-10
   4599.00   6.210159e-10
   4600.00   5.826006e-10
   4601.00   4.286134e-10
   4602.00   2.825048e-10
   4603.00   1.705409e-10
   4604.00   1.615703e-10
   4605.00   1.853793e-10
   4606.00   1.416351e-10
   4607.00   8.331270e-11
   4608.00   5.846415e-11
   4609.00   6.636953e-11
   4610.00   6.877887e-11
   4611.00   4.118154e-11
   4612.00   2.684912e-11
   4613.00   3.710629e-11
   4614.00   3.126510e-11
   4615.00   1.613601e-11
   4616.00   1.501061e-11
   4617.00   1.372225e-11
   4618.00   6.851795e-12
   4619.00   4.188791e-12
   4620.00   3.721524e-12
   4621.00   2.381819e-12
   4622.00   1.779963e-12
   4623.00   1.490264e-12
   4624.00   8.818925e-13
   4625.00   6.394992e-13
   4626.00   6.421534e-13
   4627.00   5.518699e-13
   4628.00   4.284079e-13
   4629.00   3.428171e-13
   4630.00   3.343702e-13
   4631.00   3.880823e-13
   4632.00   4.122740e-13
   4633.00   3.855060e-13
   4634.00   4.903634e-13
   4635.00   1.047060e-12
   4636.00   2.363025e-12
   4637.00   7.371511e-12
   4638.00   5.831015e-11
   4639.00   1.271944e-10
   4640.00   1.031237e-10
   4641.00   3.061158e-11
   4642.00   2.557898e-12
   4643.00   5.485316e-13
   4644.00   1.940855e-13
   4645.00   1.398559e-13
   4646.00   1.064734e-13
   4647.00   9.185154e-14
   4648.00   8.282221e-14
   4649.00   7.788697e-14
   4650.00   7.494700e-14
   4651.00   7.457930e-14
   4652.00   7.898349e-14
   4653.00   9.156838e-14
   4654.00   1.090348e-13
   4655.00   1.314572e-13
   4656.00   1.687065e-13
   4657.00   2.391853e-13
   4658.00   4.119129e-13
   4659.00   1.165979e-12
   4660.00   8.278769e-12
   4661.00   3.888751e-11
   4662.00   2.200732e-10
   4663.00   4.659372e-10
   4664.00   4.364093e-10
   4665.00   2.469863e-10
   4666.00   1.742131e-10
   4667.00   2.070608e-10
   4668.00   5.824814e-10
   4669.00   1.073653e-09
   4670.00   9.349677e-10
   4671.00   4.423561e-10
   4672.00   1.759632e-10
   4673.00   2.153564e-10
   4674.00   4.684592e-10
   4675.00   8.197941e-10
   4676.00   1.239752e-09
   4677.00   1.662541e-09
   4678.00   1.952324e-09
   4679.00   2.071855e-09
   4680.00   2.142953e-09
   4681.00   2.131399e-09
   4682.00   2.054722e-09
   4683.00   1.878938e-09
   4684.00   1.728659e-09
   4685.00   1.679052e-09
   4686.00   1.550646e-09
   4687.00   1.505820e-09
   4688.00   1.439783e-09
   4689.00   1.364285e-09
   4690.00   1.329528e-09
   4691.00   1.276173e-09
   4692.00   1.245024e-09
   4693.00   1.032092e-09
   4694.00   8.198187e-10
   4695.00   7.074466e-10
   4696.00   6.076591e-10
   4697.00   5.461708e-10
   4698.00   4.436335e-10
   4699.00   3.673569e-10
   4700.00   3.730580e-10
   4701.00   4.085193e-10
   4702.00   4.264853e-10
   4703.00   4.231167e-10
   4704.00   4.336067e-10
   4705.00   5.208172e-10
   4706.00   6.257500e-10
   4707.00   6.433068e-10
   4708.00   5.814547e-10
   4709.00   5.297334e-10
   4710.00   5.063247e-10
   4711.00   3.875664e-10
   4712.00   2.449158e-10
   4713.00   1.645696e-10
   4714.00   1.213494e-10
   4715.00   9.186783e-11
   4716.00   6.112481e-11
   4717.00   4.165041e-11
   4718.00   2.690303e-11
   4719.00   2.059328e-11
   4720.00   1.938732e-11
   4721.00   1.953256e-11
   4722.00   1.500355e-11
   4723.00   9.044730e-12
   4724.00   5.175555e-12
   4725.00   2.036698e-12
   4726.00   8.824790e-13
   4727.00   6.684757e-13
   4728.00   6.100025e-13
   4729.00   4.673337e-13
   4730.00   2.960886e-13
   4731.00   2.233274e-13
   4732.00   1.520452e-13
   4733.00   1.148905e-13
   4734.00   1.046764e-13
   4735.00   9.358943e-14
   4736.00   8.960073e-14
   4737.00   8.418398e-14
   4738.00   8.758817e-14
   4739.00   8.586508e-14
   4740.00   8.687233e-14
   4741.00   1.026071e-13
   4742.00   1.155942e-13
   4743.00   1.626822e-13
   4744.00   2.576413e-13
   4745.00   4.402092e-13
   4746.00   1.357121e-12
   4747.00   3.538480e-12
   4748.00   4.278057e-12
   4749.00   2.196140e-12
   4750.00   5.866973e-13
   4751.00   2.599268e-13
   4752.00   9.693742e-14
   4753.00   6.677004e-14
   4754.00   4.360940e-14
   4755.00   3.649038e-14
   4756.00   4.048232e-14
   4757.00   3.805292e-14
   4758.00   3.614542e-14
   4759.00   3.744696e-14
   4760.00   3.665010e-14
   4761.00   3.176166e-14
   4762.00   3.304670e-14
   4763.00   3.833600e-14
   4764.00   3.703661e-14
   4765.00   3.642568e-14
   4766.00   3.588142e-14
   4767.00   3.231384e-14
   4768.00   3.112749e-14
   4769.00   3.347586e-14
   4770.00   3.284585e-14
   4771.00   2.708285e-14
   4772.00   2.367293e-14
   4773.00   2.067748e-14
   4774.00   1.841772e-14
   4775.00   1.878314e-14
   4776.00   1.837831e-14
   4777.00   1.764653e-14
   4778.00   1.609177e-14
   4779.00   1.409704e-14
   4780.00   1.254545e-14
   4781.00   1.170936e-14
   4782.00   1.215817e-14
   4783.00   1.264624e-14
   4784.00   1.263397e-14
   4785.00   1.213124e-14
   4786.00   1.207196e-14
   4787.00   1.220089e-14
   4788.00   1.204981e-14
   4789.00   1.265230e-14
   4790.00   1.495291e-14
   4791.00   1.683186e-14
   4792.00   1.366645e-14
   4793.00   9.579961e-15
   4794.00   8.120142e-15
   4795.00   7.355583e-15
   4796.00   7.062704e-15
   4797.00   6.522402e-15
   4798.00   5.847643e-15
   4799.00   5.917619e-15
   4800.00   6.360571e-15
   4801.00   6.122216e-15
   4802.00   5.658701e-15
   4803.00   5.926001e-15
   4804.00   6.210394e-15
   4805.00   6.332905e-15
   4806.00   6.773898e-15
   4807.00   7.036981e-15
   4808.00   7.203192e-15
   4809.00   7.074048e-15
   4810.00   6.403966e-15
   4811.00   6.194333e-15
   4812.00   6.277113e-15
   4813.00   6.100594e-15
   4814.00   6.007020e-15
   4815.00   5.722834e-15
   4816.00   5.220021e-15
   4817.00   4.883365e-15
   4818.00   4.816654e-15
   4819.00   4.927785e-15
   4820.00   4.820527e-15
   4821.00   4.411697e-15
   4822.00   4.130488e-15
   4823.00   4.102917e-15
   4824.00   4.112593e-15
   4825.00   4.018497e-15
   4826.00   3.878708e-15
   4827.00   3.764322e-15
   4828.00   3.682722e-15
   4829.00   3.637633e-15
   4830.00   3.585672e-15
   4831.00   3.542282e-15
   4832.00   3.508075e-15
   4833.00   3.478059e-15
   4834.00   3.449087e-15
   4835.00   3.420708e-15
   4836.00   3.393107e-15
   4837.00   3.365803e-15
   4838.00   3.338935e-15
   4839.00   3.312303e-15
   4840.00   3.285898e-15
   4841.00   3.259727e-15
   4842.00   3.233764e-15
   4843.00   3.208008e-15
   4844.00   3.182463e-15
   4845.00   3.157106e-15
   4846.00   3.131964e-15
   4847.00   3.107017e-15
   4848.00   3.082259e-15
   4849.00   3.057716e-15
   4850.00   3.033471e-15
   4851.00   3.009793e-15
   4852.00   2.996448e-15
   4853.00   2.989610e-15
   4854.00   2.962609e-15
   4855.00   2.922076e-15
   4856.00   2.891580e-15
   4857.00   2.868244e-15
   4858.00   2.845350e-15
   4859.00   2.822695e-15
   4860.00   2.800212e-15
   4861.00   2.777914e-15
   4862.00   2.755794e-15
   4863.00   2.733831e-15
   4864.00   2.712042e-15
   4865.00   2.690438e-15
   4866.00   2.669002e-15
   4867.00   2.647730e-15
   4868.00   2.626634e-15
   4869.00   2.605698e-15
   4870.00   2.584913e-15
   4871.00   2.564314e-15
   4872.00   2.543897e-15
   4873.00   2.523657e-15
   4874.00   2.503754e-15
   4875.00   2.484790e-15
   4876.00   2.466317e-15
   4877.00   2.447225e-15
   4878.00   2.428936e-15
   4879.00   2.425458e-15
   4880.00   2.437086e-15
   4881.00   2.434215e-15
   4882.00   2.413128e-15
   4883.00   2.428456e-15
   4884.00   2.600575e-15
   4885.00   2.727493e-15
   4886.00   2.699270e-15
   4887.00   2.777415e-15
   4888.00   2.815097e-15
   4889.00   2.718620e-15
   4890.00   2.576511e-15
   4891.00   2.447300e-15
   4892.00   2.405590e-15
   4893.00   2.354731e-15
   4894.00   2.294172e-15
   4895.00   2.256867e-15
   4896.00   2.226018e-15
   4897.00   2.207706e-15
   4898.00   2.201195e-15
   4899.00   2.194148e-15
   4900.00   2.188241e-15
   4901.00   2.195360e-15
   4902.00   2.255635e-15
   4903.00   2.357799e-15
   4904.00   2.466331e-15
   4905.00   2.513951e-15
   4906.00   2.425869e-15
   4907.00   2.322774e-15
   4908.00   2.263608e-15
   4909.00   2.207447e-15
   4910.00   2.137766e-15
   4911.00   2.081864e-15
   4912.00   2.087548e-15
   4913.00   2.101415e-15
   4914.00   2.093935e-15
   4915.00   2.102726e-15
   4916.00   2.102418e-15
   4917.00   2.084621e-15
   4918.00   2.102792e-15
   4919.00   2.122116e-15
   4920.00   2.152313e-15
   4921.00   2.249744e-15
   4922.00   2.335733e-15
   4923.00   2.449048e-15
   4924.00   2.497767e-15
   4925.00   2.554468e-15
   4926.00   2.837329e-15
   4927.00   2.919746e-15
   4928.00   2.783585e-15
   4929.00   2.727328e-15
   4930.00   2.678727e-15
   4931.00   2.498953e-15
   4932.00   2.285325e-15
   4933.00   2.186126e-15
   4934.00   2.062122e-15
   4935.00   1.955892e-15
   4936.00   1.838436e-15
   4937.00   1.742524e-15
   4938.00   1.716539e-15
   4939.00   1.649802e-15
   4940.00   1.589592e-15
   4941.00   1.541254e-15
   4942.00   1.502449e-15
   4943.00   1.473779e-15
   4944.00   1.448923e-15
   4945.00   1.429812e-15
   4946.00   1.411657e-15
   4947.00   1.398189e-15
   4948.00   1.385544e-15
   4949.00   1.373920e-15
   4950.00   1.362552e-15
   4951.00   1.351595e-15
   4952.00   1.340793e-15
   4953.00   1.330099e-15
   4954.00   1.319494e-15
   4955.00   1.308972e-15
   4956.00   1.298532e-15
   4957.00   1.288175e-15
   4958.00   1.277901e-15
   4959.00   1.267710e-15
   4960.00   1.257597e-15
   4961.00   1.247566e-15
   4962.00   1.237613e-15
   4963.00   1.227740e-15
   4964.00   1.217947e-15
   4965.00   1.208232e-15
   4966.00   1.198590e-15
   4967.00   1.189025e-15
   4968.00   1.179537e-15
   4969.00   1.170124e-15
   4970.00   1.160786e-15
   4971.00   1.151522e-15
   4972.00   1.142332e-15
   4973.00   1.133216e-15
   4974.00   1.124166e-15
   4975.00   1.115189e-15
   4976.00   1.106276e-15
   4977.00   1.097431e-15
   4978.00   1.088673e-15
   4979.00   1.079998e-15
   4980.00   1.071390e-15
   4981.00   1.062843e-15
   4982.00   1.054363e-15
   4983.00   1.045952e-15
   4984.00   1.037605e-15
   4985.00   1.029325e-15
   4986.00   1.021111e-15
   4987.00   1.012958e-15
   4988.00   1.004872e-15
   4989.00   9.968496e-16
   4990.00   9.888916e-16
   4991.00   9.809965e-16
   4992.00   9.731623e-16
   4993.00   9.653913e-16
   4994.00   9.576824e-16
   4995.00   9.500347e-16
   4996.00   9.424470e-16
   4997.00   9.349190e-16
   4998.00   9.274479e-16
   4999.00   9.200343e-16
   5000.00   9.126812e-16
   5001.00   9.053905e-16
   5002.00   8.981974e-16
   5003.00   8.912309e-16
   5004.00   8.848726e-16
   5005.00   8.822171e-16
   5006.00   8.841158e-16
   5007.00   8.949644e-16
   5008.00   9.271546e-16
   5009.00   9.891418e-16
   5010.00   1.082012e-15
   5011.00   1.200925e-15
   5012.00   1.332364e-15
   5013.00   1.483663e-15
   5014.00   1.755077e-15
   5015.00   2.094118e-15
   5016.00   2.236846e-15
   5017.00   2.268775e-15
   5018.00   2.399924e-15
   5019.00   2.611781e-15
   5020.00   2.946689e-15
   5021.00   3.209934e-15
   5022.00   3.169540e-15
   5023.00   3.089492e-15
   5024.00   3.228430e-15
   5025.00   3.382232e-15
   5026.00   3.316463e-15
   5027.00   3.274878e-15
   5028.00   3.345062e-15
   5029.00   3.219081e-15
   5030.00   3.039935e-15
   5031.00   2.962092e-15
   5032.00   2.956725e-15
   5033.00   3.146387e-15
   5034.00   3.273898e-15
   5035.00   3.282582e-15
   5036.00   3.271888e-15
   5037.00   3.252904e-15
   5038.00   3.561400e-15
   5039.00   4.305348e-15
   5040.00   5.144967e-15
   5041.00   6.019816e-15
   5042.00   8.265107e-15
   5043.00   9.396284e-15
   5044.00   6.603095e-15
   5045.00   3.927908e-15
   5046.00   3.099618e-15
   5047.00   2.539590e-15
   5048.00   2.111016e-15
   5049.00   1.835168e-15
   5050.00   1.742694e-15
   5051.00   1.674396e-15
   5052.00   1.570537e-15
   5053.00   1.546157e-15
   5054.00   1.533855e-15
   5055.00   1.441201e-15
   5056.00   1.447074e-15
   5057.00   1.501464e-15
   5058.00   1.351260e-15
   5059.00   1.190318e-15
   5060.00   1.148448e-15
   5061.00   1.072530e-15
   5062.00   1.007059e-15
   5063.00   9.650726e-16
   5064.00   8.811662e-16
   5065.00   8.045149e-16
   5066.00   7.484821e-16
   5067.00   6.890514e-16
   5068.00   6.373066e-16
   5069.00   6.007265e-16
   5070.00   5.711618e-16
   5071.00   5.456073e-16
   5072.00   5.291613e-16
   5073.00   5.167098e-16
   5074.00   5.086138e-16
   5075.00   5.019263e-16
   5076.00   4.971928e-16
   5077.00   4.926173e-16
   5078.00   4.884440e-16
   5079.00   4.843751e-16
   5080.00   4.804646e-16
   5081.00   4.766017e-16
   5082.00   4.727885e-16
   5083.00   4.690096e-16
   5084.00   4.652610e-16
   5085.00   4.615440e-16
   5086.00   4.578557e-16
   5087.00   4.541964e-16
   5088.00   4.505662e-16
   5089.00   4.469639e-16
   5090.00   4.433920e-16
   5091.00   4.398468e-16
   5092.00   4.363309e-16
   5093.00   4.328424e-16
   5094.00   4.293804e-16
   5095.00   4.259476e-16
   5096.00   4.225378e-16
   5097.00   4.191614e-16
   5098.00   4.160435e-16
   5099.00   4.130628e-16
   5100.00   4.096523e-16
   5101.00   4.060338e-16
   5102.00   4.026689e-16
   5103.00   3.994497e-16
   5104.00   3.962584e-16
   5105.00   3.930932e-16
   5106.00   3.899507e-16
   5107.00   3.868333e-16
   5108.00   3.837419e-16
   5109.00   3.806729e-16
   5110.00   3.776277e-16
   5111.00   3.746080e-16
   5112.00   3.716123e-16
   5113.00   3.686385e-16
   5114.00   3.656895e-16
   5115.00   3.627646e-16
   5116.00   3.598620e-16
   5117.00   3.569808e-16
   5118.00   3.541229e-16
   5119.00   3.512912e-16
   5120.00   3.484887e-16
   5121.00   3.457313e-16
   5122.00   3.430039e-16
   5123.00   3.410091e-16
   5124.00   3.402534e-16
   5125.00   3.404067e-16
   5126.00   3.427593e-16
   5127.00   3.449916e-16
   5128.00   3.507840e-16
   5129.00   3.618501e-16
   5130.00   3.794566e-16
   5131.00   3.978535e-16
   5132.00   3.996659e-16
   5133.00   4.172660e-16
   5134.00   4.597363e-16
   5135.00   4.807223e-16
   5136.00   4.958564e-16
   5137.00   5.653698e-16
   5138.00   6.553153e-16
   5139.00   7.169337e-16
   5140.00   8.243438e-16
   5141.00   1.027645e-15
   5142.00   1.295546e-15
   5143.00   1.584831e-15
   5144.00   1.854284e-15
   5145.00   2.094026e-15
   5146.00   2.306942e-15
   5147.00   2.557108e-15
   5148.00   2.906631e-15
   5149.00   3.481558e-15
   5150.00   4.486385e-15
   5151.00   6.171009e-15
   5152.00   9.771139e-15
   5153.00   1.568490e-14
   5154.00   2.360525e-14
   5155.00   3.682122e-14
   5156.00   5.792723e-14
   5157.00   1.022536e-13
   5158.00   1.879261e-13
   5159.00   3.080539e-13
   5160.00   5.106992e-13
   5161.00   7.686590e-13
   5162.00   1.068733e-12
   5163.00   1.468949e-12
   5164.00   1.805739e-12
   5165.00   1.808184e-12
   5166.00   1.353638e-12
   5167.00   7.917401e-13
   5168.00   2.659685e-12
   5169.00   9.855076e-12
   5170.00   1.879457e-11
   5171.00   2.455032e-11
   5172.00   2.885918e-11
   5173.00   3.300326e-11
   5174.00   3.542696e-11
   5175.00   3.793802e-11
   5176.00   4.229791e-11
   5177.00   4.622049e-11
   5178.00   4.850794e-11
   5179.00   5.129652e-11
   5180.00   5.601516e-11
   5181.00   6.159294e-11
   5182.00   6.703973e-11
   5183.00   7.285557e-11
   5184.00   7.992598e-11
   5185.00   8.828193e-11
   5186.00   9.766828e-11
   5187.00   1.072540e-10
   5188.00   1.172372e-10
   5189.00   1.278068e-10
   5190.00   1.393403e-10
   5191.00   1.488896e-10
   5192.00   1.565990e-10
   5193.00   1.630870e-10
   5194.00   1.674899e-10
   5195.00   1.719695e-10
   5196.00   1.734979e-10
   5197.00   1.753490e-10
   5198.00   1.755712e-10
   5199.00   1.759261e-10
   5200.00   1.750191e-10
   5201.00   1.725105e-10
   5202.00   1.745136e-10
   5203.00   1.764694e-10
   5204.00   1.831365e-10
   5205.00   1.844747e-10
   5206.00   1.850563e-10
   5207.00   1.884848e-10
   5208.00   1.872039e-10
   5209.00   1.935004e-10
   5210.00   1.960280e-10
   5211.00   2.003025e-10
   5212.00   2.101681e-10
   5213.00   2.158690e-10
   5214.00   2.295685e-10
   5215.00   2.426758e-10
   5216.00   2.564526e-10
   5217.00   2.720858e-10
   5218.00   2.750582e-10
   5219.00   2.629399e-10
   5220.00   2.421161e-10
   5221.00   2.278028e-10
   5222.00   2.118384e-10
   5223.00   1.966664e-10
   5224.00   1.950123e-10
   5225.00   1.877173e-10
   5226.00   1.719104e-10
   5227.00   1.709881e-10
   5228.00   1.773855e-10
   5229.00   1.729076e-10
   5230.00   1.668751e-10
   5231.00   1.689797e-10
   5232.00   1.738751e-10
   5233.00   1.745256e-10
   5234.00   1.727752e-10
   5235.00   1.725788e-10
   5236.00   1.754547e-10
   5237.00   1.721230e-10
   5238.00   1.642565e-10
   5239.00   1.554315e-10
   5240.00   1.454953e-10
   5241.00   1.329851e-10
   5242.00   1.135520e-10
   5243.00   9.305298e-11
   5244.00   6.892369e-11
   5245.00   4.313124e-11
   5246.00   2.307551e-11
   5247.00   3.253606e-11
   5248.00   1.004122e-10
   5249.00   1.858785e-10
   5250.00   2.157838e-10
   5251.00   1.939198e-10
   5252.00   1.769370e-10
   5253.00   1.771552e-10
   5254.00   1.669428e-10
   5255.00   1.460673e-10
   5256.00   1.361420e-10
   5257.00   1.260811e-10
   5258.00   1.103645e-10
   5259.00   9.780105e-11
   5260.00   8.422905e-11
   5261.00   7.925485e-11
   5262.00   7.671000e-11
   5263.00   7.212747e-11
   5264.00   6.544254e-11
   5265.00   5.702340e-11
   5266.00   6.036409e-11
   5267.00   6.294030e-11
   5268.00   5.881014e-11
   5269.00   6.706030e-11
   5270.00   7.299891e-11
   5271.00   7.113019e-11
   5272.00   7.010655e-11
   5273.00   6.010660e-11
   5274.00   5.382545e-11
   5275.00   4.153935e-11
   5276.00   2.826870e-11
   5277.00   2.607196e-11
   5278.00   2.240305e-11
   5279.00   2.251982e-11
   5280.00   2.085350e-11
   5281.00   1.614734e-11
   5282.00   1.222591e-11
   5283.00   7.277233e-12
   5284.00   4.454216e-12
   5285.00   2.495417e-12
   5286.00   8.841014e-13
   5287.00   4.339705e-13
   5288.00   1.195355e-13
   5289.00   3.621795e-14
   5290.00   1.080385e-14
   5291.00   6.793766e-14
   5292.00   3.318582e-13
   5293.00   4.952080e-13
   5294.00   3.330014e-13
   5295.00   1.923191e-13
   5296.00   1.307236e-13
   5297.00   7.464275e-14
   5298.00   4.804759e-14
   5299.00   2.855171e-14
   5300.00   2.166177e-14
   5301.00   1.517014e-14
   5302.00   1.098465e-14
   5303.00   8.400231e-15
   5304.00   5.950153e-15
   5305.00   3.242695e-15
   5306.00   2.407931e-15
   5307.00   1.692081e-15
   5308.00   1.234073e-15
   5309.00   8.721821e-16
   5310.00   5.968200e-16
   5311.00   3.519650e-16
   5312.00   2.027834e-16
   5313.00   1.276440e-16
   5314.00   8.659305e-17
   5315.00   1.153938e-16
   5316.00   5.161815e-16
   5317.00   1.244147e-15
   5318.00   1.815584e-15
   5319.00   2.075862e-15
   5320.00   1.819437e-15
   5321.00   1.279383e-15
   5322.00   1.008382e-15
   5323.00   9.240005e-16
   5324.00   8.237887e-16
   5325.00   7.405654e-16
   5326.00   7.172245e-16
   5327.00   7.281805e-16
   5328.00   7.603607e-16
   5329.00   8.161392e-16
   5330.00   9.062787e-16
   5331.00   1.073079e-15
   5332.00   1.406850e-15
   5333.00   2.123908e-15
   5334.00   3.980206e-15
   5335.00   8.908128e-15
   5336.00   4.044847e-14
   5337.00   1.606024e-13
   5338.00   7.601049e-13
   5339.00   3.115704e-12
   5340.00   1.185012e-11
   5341.00   2.860188e-11
   5342.00   4.587951e-11
   5343.00   5.253250e-11
   5344.00   4.613475e-11
   5345.00   3.605862e-11
   5346.00   2.577587e-11
   5347.00   1.474959e-11
   5348.00   1.251096e-11
   5349.00   4.682692e-11
   5350.00   1.150680e-10
   5351.00   1.635629e-10
   5352.00   1.772634e-10
   5353.00   1.795077e-10
   5354.00   1.784224e-10
   5355.00   1.776281e-10
   5356.00   1.794438e-10
   5357.00   1.811401e-10
   5358.00   1.817991e-10
   5359.00   1.830366e-10
   5360.00   1.855861e-10
   5361.00   1.888878e-10
   5362.00   1.921419e-10
   5363.00   1.951093e-10
   5364.00   1.978658e-10
   5365.00   2.005510e-10
   5366.00   2.027027e-10
   5367.00   2.039283e-10
   5368.00   2.043927e-10
   5369.00   2.043115e-10
   5370.00   2.038343e-10
   5371.00   2.032552e-10
   5372.00   2.026892e-10
   5373.00   2.017278e-10
   5374.00   2.004641e-10
   5375.00   1.996789e-10
   5376.00   1.973399e-10
   5377.00   1.950320e-10
   5378.00   1.963896e-10
   5379.00   1.977846e-10
   5380.00   1.971913e-10
   5381.00   1.964204e-10
   5382.00   1.955436e-10
   5383.00   1.945820e-10
   5384.00   1.933999e-10
   5385.00   1.912159e-10
   5386.00   1.895937e-10
   5387.00   1.902789e-10
   5388.00   1.906969e-10
   5389.00   1.898985e-10
   5390.00   1.890192e-10
   5391.00   1.881463e-10
   5392.00   1.864965e-10
   5393.00   1.836676e-10
   5394.00   1.822725e-10
   5395.00   1.829856e-10
   5396.00   1.827011e-10
   5397.00   1.820182e-10
   5398.00   1.819805e-10
   5399.00   1.814218e-10
   5400.00   1.806006e-10
   5401.00   1.797106e-10
   5402.00   1.787259e-10
   5403.00   1.777212e-10
   5404.00   1.766287e-10
   5405.00   1.760534e-10
   5406.00   1.753619e-10
   5407.00   1.744218e-10
   5408.00   1.732039e-10
   5409.00   1.716279e-10
   5410.00   1.700263e-10
   5411.00   1.690071e-10
   5412.00   1.688552e-10
   5413.00   1.670107e-10
   5414.00   1.649750e-10
   5415.00   1.658861e-10
   5416.00   1.667200e-10
   5417.00   1.661064e-10
   5418.00   1.653348e-10
   5419.00   1.645390e-10
   5420.00   1.638035e-10
   5421.00   1.630241e-10
   5422.00   1.621075e-10
   5423.00   1.610496e-10
   5424.00   1.602714e-10
   5425.00   1.597188e-10
   5426.00   1.588388e-10
   5427.00   1.576253e-10
   5428.00   1.559609e-10
   5429.00   1.543211e-10
   5430.00   1.543271e-10
   5431.00   1.546065e-10
   5432.00   1.540777e-10
   5433.00   1.530904e-10
   5434.00   1.513587e-10
   5435.00   1.499349e-10
   5436.00   1.503214e-10
   5437.00   1.503682e-10
   5438.00   1.495878e-10
   5439.00   1.487989e-10
   5440.00   1.474092e-10
   5441.00   1.457437e-10
   5442.00   1.454902e-10
   5443.00   1.455438e-10
   5444.00   1.448217e-10
   5445.00   1.433597e-10
   5446.00   1.424947e-10
   5447.00   1.424385e-10
   5448.00   1.418423e-10
   5449.00   1.406699e-10
   5450.00   1.401070e-10
   5451.00   1.398560e-10
   5452.00   1.393292e-10
   5453.00   1.386391e-10
   5454.00   1.379309e-10
   5455.00   1.370975e-10
   5456.00   1.361882e-10
   5457.00   1.355323e-10
   5458.00   1.350613e-10
   5459.00   1.343326e-10
   5460.00   1.332277e-10
   5461.00   1.323842e-10
   5462.00   1.320829e-10
   5463.00   1.315127e-10
   5464.00   1.307030e-10
   5465.00   1.302152e-10
   5466.00   1.296206e-10
   5467.00   1.287833e-10
   5468.00   1.280824e-10
   5469.00   1.275165e-10
   5470.00   1.269751e-10
   5471.00   1.264210e-10
   5472.00   1.258019e-10
   5473.00   1.251426e-10
   5474.00   1.241794e-10
   5475.00   1.230477e-10
   5476.00   1.225406e-10
   5477.00   1.224049e-10
   5478.00   1.219646e-10
   5479.00   1.213156e-10
   5480.00   1.206877e-10
   5481.00   1.200831e-10
   5482.00   1.194558e-10
   5483.00   1.188422e-10
   5484.00   1.182358e-10
   5485.00   1.175763e-10
   5486.00   1.169326e-10
   5487.00   1.162549e-10
   5488.00   1.155553e-10
   5489.00   1.150010e-10
   5490.00   1.144814e-10
   5491.00   1.138745e-10
   5492.00   1.130645e-10
   5493.00   1.122672e-10
   5494.00   1.118812e-10
   5495.00   1.115604e-10
   5496.00   1.110071e-10
   5497.00   1.104115e-10
   5498.00   1.097713e-10
   5499.00   1.091514e-10
   5500.00   1.086206e-10
   5501.00   1.080494e-10
   5502.00   1.074564e-10
   5503.00   1.068453e-10
   5504.00   1.062447e-10
   5505.00   1.056835e-10
   5506.00   1.050910e-10
   5507.00   1.044543e-10
   5508.00   1.038540e-10
   5509.00   1.033647e-10
   5510.00   1.028704e-10
   5511.00   1.023305e-10
   5512.00   1.017952e-10
   5513.00   1.012691e-10
   5514.00   1.007467e-10
   5515.00   1.001634e-10
   5516.00   9.959120e-11
   5517.00   9.914086e-11
   5518.00   9.869501e-11
   5519.00   9.820001e-11
   5520.00   9.774123e-11
   5521.00   9.729251e-11
   5522.00   9.680654e-11
   5523.00   9.636552e-11
   5524.00   9.598979e-11
   5525.00   9.549520e-11
   5526.00   9.494188e-11
   5527.00   9.448662e-11
   5528.00   9.390116e-11
   5529.00   9.315295e-11
   5530.00   9.254215e-11
   5531.00   9.197217e-11
   5532.00   9.119643e-11
   5533.00   9.052432e-11
   5534.00   9.005866e-11
   5535.00   8.933270e-11
   5536.00   8.864671e-11
   5537.00   8.834490e-11
   5538.00   8.774084e-11
   5539.00   8.710993e-11
   5540.00   8.696218e-11
   5541.00   8.645280e-11
   5542.00   8.606242e-11
   5543.00   8.625726e-11
   5544.00   8.568770e-11
   5545.00   8.500063e-11
   5546.00   8.478637e-11
   5547.00   8.391191e-11
   5548.00   8.337946e-11
   5549.00   8.300699e-11
   5550.00   8.193152e-11
   5551.00   8.176426e-11
   5552.00   8.122695e-11
   5553.00   8.009198e-11
   5554.00   8.003434e-11
   5555.00   7.919091e-11
   5556.00   7.848603e-11
   5557.00   7.799742e-11
   5558.00   7.675670e-11
   5559.00   7.659517e-11
   5560.00   7.576797e-11
   5561.00   7.499750e-11
   5562.00   7.438879e-11
   5563.00   7.321054e-11
   5564.00   7.292153e-11
   5565.00   7.204412e-11
   5566.00   7.144011e-11
   5567.00   7.077359e-11
   5568.00   7.001301e-11
   5569.00   6.942448e-11
   5570.00   6.867554e-11
   5571.00   6.819144e-11
   5572.00   6.756779e-11
   5573.00   6.717621e-11
   5574.00   6.669107e-11
   5575.00   6.643200e-11
   5576.00   6.614950e-11
   5577.00   6.610296e-11
   5578.00   6.607302e-11
   5579.00   6.619782e-11
   5580.00   6.654805e-11
   5581.00   6.686562e-11
   5582.00   6.772023e-11
   5583.00   6.851387e-11
   5584.00   6.893529e-11
   5585.00   6.831392e-11
   5586.00   6.674317e-11
   5587.00   6.457950e-11
   5588.00   6.213863e-11
   5589.00   6.030077e-11
   5590.00   5.872791e-11
   5591.00   5.692592e-11
   5592.00   5.515572e-11
   5593.00   5.368721e-11
   5594.00   5.256384e-11
   5595.00   5.181723e-11
   5596.00   5.144929e-11
   5597.00   5.129216e-11
   5598.00   5.149084e-11
   5599.00   5.213145e-11
   5600.00   5.470046e-11
   5601.00   5.957853e-11
   5602.00   6.296368e-11
   5603.00   6.357232e-11
   5604.00   6.337543e-11
   5605.00   6.311487e-11
   5606.00   6.281608e-11
   5607.00   6.249768e-11
   5608.00   6.218595e-11
   5609.00   6.186718e-11
   5610.00   6.153744e-11
   5611.00   6.120428e-11
   5612.00   6.088207e-11
   5613.00   6.055910e-11
   5614.00   6.021658e-11
   5615.00   5.988482e-11
   5616.00   5.958097e-11
   5617.00   5.926046e-11
   5618.00   5.892436e-11
   5619.00   5.862079e-11
   5620.00   5.832465e-11
   5621.00   5.799415e-11
   5622.00   5.767703e-11
   5623.00   5.741256e-11
   5624.00   5.711312e-11
   5625.00   5.678549e-11
   5626.00   5.652586e-11
   5627.00   5.625477e-11
   5628.00   5.591565e-11
   5629.00   5.562343e-11
   5630.00   5.538936e-11
   5631.00   5.505333e-11
   5632.00   5.470202e-11
   5633.00   5.448823e-11
   5634.00   5.413615e-11
   5635.00   5.371905e-11
   5636.00   5.354277e-11
   5637.00   5.319961e-11
   5638.00   5.272695e-11
   5639.00   5.256623e-11
   5640.00   5.223721e-11
   5641.00   5.171740e-11
   5642.00   5.156168e-11
   5643.00   5.123722e-11
   5644.00   5.063520e-11
   5645.00   5.046712e-11
   5646.00   5.010473e-11
   5647.00   4.942434e-11
   5648.00   4.934907e-11
   5649.00   4.892274e-11
   5650.00   4.815722e-11
   5651.00   4.816929e-11
   5652.00   4.765377e-11
   5653.00   4.694600e-11
   5654.00   4.690568e-11
   5655.00   4.626844e-11
   5656.00   4.589746e-11
   5657.00   4.559050e-11
   5658.00   4.471514e-11
   5659.00   4.473233e-11
   5660.00   4.426704e-11
   5661.00   4.363235e-11
   5662.00   4.344656e-11
   5663.00   4.262258e-11
   5664.00   4.252729e-11
   5665.00   4.209561e-11
   5666.00   4.162236e-11
   5667.00   4.132837e-11
   5668.00   4.062735e-11
   5669.00   4.049037e-11
   5670.00   3.997836e-11
   5671.00   3.963370e-11
   5672.00   3.924378e-11
   5673.00   3.875344e-11
   5674.00   3.838968e-11
   5675.00   3.792200e-11
   5676.00   3.763795e-11
   5677.00   3.726763e-11
   5678.00   3.708211e-11
   5679.00   3.689532e-11
   5680.00   3.686878e-11
   5681.00   3.690157e-11
   5682.00   3.698578e-11
   5683.00   3.737360e-11
   5684.00   3.772573e-11
   5685.00   3.846692e-11
   5686.00   3.944114e-11
   5687.00   3.991849e-11
   5688.00   3.936513e-11
   5689.00   3.811752e-11
   5690.00   3.678657e-11
   5691.00   3.517536e-11
   5692.00   3.363459e-11
   5693.00   3.246911e-11
   5694.00   3.134994e-11
   5695.00   3.020663e-11
   5696.00   2.923888e-11
   5697.00   2.851021e-11
   5698.00   2.801751e-11
   5699.00   2.779285e-11
   5700.00   2.786408e-11
   5701.00   2.809558e-11
   5702.00   2.920608e-11
   5703.00   3.240149e-11
   5704.00   3.586680e-11
   5705.00   3.721448e-11
   5706.00   3.720436e-11
   5707.00   3.706418e-11
   5708.00   3.691888e-11
   5709.00   3.674760e-11
   5710.00   3.654011e-11
   5711.00   3.638406e-11
   5712.00   3.621297e-11
   5713.00   3.597019e-11
   5714.00   3.580183e-11
   5715.00   3.563616e-11
   5716.00   3.547137e-11
   5717.00   3.533355e-11
   5718.00   3.514587e-11
   5719.00   3.493276e-11
   5720.00   3.475198e-11
   5721.00   3.456756e-11
   5722.00   3.440929e-11
   5723.00   3.428055e-11
   5724.00   3.409703e-11
   5725.00   3.383735e-11
   5726.00   3.366394e-11
   5727.00   3.351782e-11
   5728.00   3.334079e-11
   5729.00   3.314585e-11
   5730.00   3.299091e-11
   5731.00   3.282822e-11
   5732.00   3.264077e-11
   5733.00   3.246959e-11
   5734.00   3.229738e-11
   5735.00   3.211966e-11
   5736.00   3.194215e-11
   5737.00   3.177180e-11
   5738.00   3.160437e-11
   5739.00   3.143813e-11
   5740.00   3.127444e-11
   5741.00   3.111043e-11
   5742.00   3.094847e-11
   5743.00   3.078786e-11
   5744.00   3.062684e-11
   5745.00   3.046951e-11
   5746.00   3.031177e-11
   5747.00   3.015626e-11
   5748.00   3.000549e-11
   5749.00   2.985088e-11
   5750.00   2.969475e-11
   5751.00   2.954128e-11
   5752.00   2.938690e-11
   5753.00   2.923521e-11
   5754.00   2.908528e-11
   5755.00   2.893368e-11
   5756.00   2.878770e-11
   5757.00   2.864013e-11
   5758.00   2.849206e-11
   5759.00   2.832803e-11
   5760.00   2.819140e-11
   5761.00   2.805178e-11
   5762.00   2.791509e-11
   5763.00   2.777796e-11
   5764.00   2.761666e-11
   5765.00   2.747067e-11
   5766.00   2.731728e-11
   5767.00   2.717288e-11
   5768.00   2.703165e-11
   5769.00   2.688911e-11
   5770.00   2.674771e-11
   5771.00   2.660704e-11
   5772.00   2.646464e-11
   5773.00   2.632384e-11
   5774.00   2.618327e-11
   5775.00   2.604154e-11
   5776.00   2.590156e-11
   5777.00   2.576128e-11
   5778.00   2.561845e-11
   5779.00   2.547900e-11
   5780.00   2.533991e-11
   5781.00   2.519730e-11
   5782.00   2.506015e-11
   5783.00   2.492459e-11
   5784.00   2.478665e-11
   5785.00   2.465399e-11
   5786.00   2.452027e-11
   5787.00   2.438061e-11
   5788.00   2.424574e-11
   5789.00   2.411388e-11
   5790.00   2.397004e-11
   5791.00   2.383079e-11
   5792.00   2.369609e-11
   5793.00   2.354372e-11
   5794.00   2.340664e-11
   5795.00   2.325103e-11
   5796.00   2.307095e-11
   5797.00   2.293041e-11
   5798.00   2.275164e-11
   5799.00   2.257098e-11
   5800.00   2.241706e-11
   5801.00   2.220396e-11
   5802.00   2.204839e-11
   5803.00   2.184977e-11
   5804.00   2.159122e-11
   5805.00   2.147305e-11
   5806.00   2.128115e-11
   5807.00   2.108333e-11
   5808.00   2.097648e-11
   5809.00   2.075786e-11
   5810.00   2.064194e-11
   5811.00   2.052614e-11
   5812.00   2.031801e-11
   5813.00   2.030785e-11
   5814.00   2.023945e-11
   5815.00   2.012710e-11
   5816.00   2.015789e-11
   5817.00   2.009456e-11
   5818.00   2.005430e-11
   5819.00   2.007568e-11
   5820.00   2.004359e-11
   5821.00   2.007054e-11
   5822.00   2.007184e-11
   5823.00   2.001681e-11
   5824.00   1.998842e-11
   5825.00   1.994087e-11
   5826.00   1.986879e-11
   5827.00   1.978648e-11
   5828.00   1.969161e-11
   5829.00   1.956395e-11
   5830.00   1.922950e-11
   5831.00   1.882695e-11
   5832.00   1.878841e-11
   5833.00   1.893395e-11
   5834.00   1.890934e-11
   5835.00   1.872335e-11
   5836.00   1.850962e-11
   5837.00   1.829436e-11
   5838.00   1.800752e-11
   5839.00   1.779391e-11
   5840.00   1.754099e-11
   5841.00   1.717372e-11
   5842.00   1.702562e-11
   5843.00   1.681641e-11
   5844.00   1.647404e-11
   5845.00   1.639575e-11
   5846.00   1.620631e-11
   5847.00   1.598258e-11
   5848.00   1.605273e-11
   5849.00   1.593019e-11
   5850.00   1.577609e-11
   5851.00   1.582390e-11
   5852.00   1.571834e-11
   5853.00   1.571625e-11
   5854.00   1.584474e-11
   5855.00   1.578143e-11
   5856.00   1.579387e-11
   5857.00   1.587821e-11
   5858.00   1.583985e-11
   5859.00   1.588285e-11
   5860.00   1.592934e-11
   5861.00   1.588369e-11
   5862.00   1.592353e-11
   5863.00   1.594400e-11
   5864.00   1.588074e-11
   5865.00   1.586776e-11
   5866.00   1.586200e-11
   5867.00   1.580819e-11
   5868.00   1.575172e-11
   5869.00   1.569964e-11
   5870.00   1.563616e-11
   5871.00   1.557365e-11
   5872.00   1.551477e-11
   5873.00   1.545069e-11
   5874.00   1.538115e-11
   5875.00   1.531196e-11
   5876.00   1.523609e-11
   5877.00   1.514715e-11
   5878.00   1.505228e-11
   5879.00   1.494744e-11
   5880.00   1.484280e-11
   5881.00   1.473470e-11
   5882.00   1.462905e-11
   5883.00   1.452797e-11
   5884.00   1.442232e-11
   5885.00   1.433165e-11
   5886.00   1.422911e-11
   5887.00   1.412811e-11
   5888.00   1.404043e-11
   5889.00   1.393935e-11
   5890.00   1.385371e-11
   5891.00   1.377025e-11
   5892.00   1.369024e-11
   5893.00   1.363142e-11
   5894.00   1.356796e-11
   5895.00   1.350656e-11
   5896.00   1.344927e-11
   5897.00   1.339048e-11
   5898.00   1.333786e-11
   5899.00   1.329013e-11
   5900.00   1.325213e-11
   5901.00   1.321862e-11
   5902.00   1.318052e-11
   5903.00   1.312610e-11
   5904.00   1.304548e-11
   5905.00   1.296139e-11
   5906.00   1.287038e-11
   5907.00   1.275740e-11
   5908.00   1.262957e-11
   5909.00   1.249303e-11
   5910.00   1.237157e-11
   5911.00   1.225316e-11
   5912.00   1.212209e-11
   5913.00   1.200303e-11
   5914.00   1.189901e-11
   5915.00   1.177347e-11
   5916.00   1.164513e-11
   5917.00   1.154506e-11
   5918.00   1.140431e-11
   5919.00   1.129343e-11
   5920.00   1.118947e-11
   5921.00   1.101738e-11
   5922.00   1.090373e-11
   5923.00   1.073587e-11
   5924.00   1.056926e-11
   5925.00   1.039523e-11
   5926.00   1.013593e-11
   5927.00   1.001150e-11
   5928.00   9.802594e-12
   5929.00   9.627681e-12
   5930.00   9.504291e-12
   5931.00   9.194538e-12
   5932.00   9.070871e-12
   5933.00   8.798631e-12
   5934.00   8.476702e-12
   5935.00   8.451161e-12
   5936.00   8.221247e-12
   5937.00   8.140355e-12
   5938.00   8.006019e-12
   5939.00   7.636082e-12
   5940.00   7.668495e-12
   5941.00   7.524261e-12
   5942.00   7.323557e-12
   5943.00   7.446023e-12
   5944.00   7.368398e-12
   5945.00   7.458568e-12
   5946.00   7.621414e-12
   5947.00   7.625375e-12
   5948.00   7.944179e-12
   5949.00   8.241224e-12
   5950.00   8.492943e-12
   5951.00   8.854953e-12
   5952.00   8.864715e-12
   5953.00   8.429371e-12
   5954.00   7.847832e-12
   5955.00   7.496302e-12
   5956.00   7.098466e-12
   5957.00   6.650344e-12
   5958.00   6.534130e-12
   5959.00   6.218556e-12
   5960.00   5.842203e-12
   5961.00   5.773130e-12
   5962.00   5.507465e-12
   5963.00   5.288233e-12
   5964.00   5.362996e-12
   5965.00   5.197969e-12
   5966.00   4.977581e-12
   5967.00   4.932705e-12
   5968.00   4.736021e-12
   5969.00   4.630132e-12
   5970.00   4.623849e-12
   5971.00   4.335605e-12
   5972.00   3.972258e-12
   5973.00   3.742203e-12
   5974.00   3.567587e-12
   5975.00   3.438317e-12
   5976.00   3.375446e-12
   5977.00   3.224355e-12
   5978.00   2.917541e-12
   5979.00   2.720286e-12
   5980.00   2.603743e-12
   5981.00   2.448654e-12
   5982.00   2.331359e-12
   5983.00   2.240141e-12
   5984.00   2.268919e-12
   5985.00   2.321445e-12
   5986.00   2.245835e-12
   5987.00   2.209329e-12
   5988.00   2.251766e-12
   5989.00   2.381800e-12
   5990.00   2.521659e-12
   5991.00   2.730873e-12
   5992.00   3.062470e-12
   5993.00   3.298839e-12
   5994.00   3.244903e-12
   5995.00   2.706239e-12
   5996.00   2.214226e-12
   5997.00   1.845154e-12
   5998.00   1.431078e-12
   5999.00   1.167349e-12
   6000.00   8.934956e-13
   6001.00   7.166878e-13
   6002.00   5.946586e-13
   6003.00   4.964888e-13
   6004.00   4.355631e-13
   6005.00   3.493303e-13
   6006.00   3.211905e-13
   6007.00   2.769290e-13
   6008.00   2.532549e-13
   6009.00   2.680855e-13
   6010.00   2.462265e-13
   6011.00   2.537209e-13
   6012.00   2.758226e-13
   6013.00   3.006318e-13
   6014.00   3.554895e-13
   6015.00   4.043475e-13
   6016.00   5.061118e-13
   6017.00   7.068689e-13
   6018.00   1.033727e-12
   6019.00   1.507525e-12
   6020.00   1.798374e-12
   6021.00   1.889810e-12
   6022.00   1.900018e-12
   6023.00   1.502489e-12
   6024.00   9.538938e-13
   6025.00   6.409159e-13
   6026.00   4.775114e-13
   6027.00   3.793505e-13
   6028.00   3.287561e-13
   6029.00   3.217663e-13
   6030.00   2.934752e-13
   6031.00   2.615666e-13
   6032.00   2.508987e-13
   6033.00   2.240336e-13
   6034.00   2.519014e-13
   6035.00   3.772169e-13
   6036.00   4.340339e-13
   6037.00   3.609757e-13
   6038.00   2.642448e-13
   6039.00   1.920342e-13
   6040.00   1.889934e-13
   6041.00   2.199248e-13
   6042.00   2.184433e-13
   6043.00   1.569745e-13
   6044.00   9.287676e-14
   6045.00   6.945225e-14
   6046.00   4.796712e-14
   6047.00   3.288163e-14
   6048.00   2.248558e-14
   6049.00   1.519524e-14
   6050.00   9.454805e-15
   6051.00   4.115706e-15
   6052.00   2.215305e-15
   6053.00   9.224507e-16
   6054.00   4.757521e-16
   6055.00   2.371142e-16
   6056.00   1.090170e-16
   6057.00   6.457974e-17
   6058.00   2.945638e-17
   6059.00   1.870235e-17
   6060.00   1.106559e-17
   6061.00   7.979824e-18
   6062.00   6.771636e-18
   6063.00   5.458557e-18
   6064.00   5.014057e-18
   6065.00   4.226352e-18
   6066.00   4.069665e-18
   6067.00   4.080971e-18
   6068.00   3.978436e-18
   6069.00   4.609041e-18
   6070.00   4.885065e-18
   6071.00   7.362378e-18
   6072.00   2.189017e-17
   6073.00   6.448759e-17
   6074.00   2.911966e-15
   6075.00   1.090709e-14
   6076.00   1.353780e-14
   6077.00   5.865347e-15
   6078.00   4.631853e-16
   6079.00   9.997700e-17
   6080.00   9.754877e-18
   6081.00   4.339264e-18
   6082.00   3.223135e-18
   6083.00   2.362339e-18
   6084.00   2.278645e-18
   6085.00   2.295934e-18
   6086.00   2.064456e-18
   6087.00   2.082466e-18
   6088.00   2.150882e-18
   6089.00   2.149980e-18
   6090.00   2.604202e-18
   6091.00   3.195517e-18
   6092.00   3.288286e-18
   6093.00   3.402595e-18
   6094.00   5.471781e-18
   6095.00   9.142987e-18
   6096.00   1.356639e-17
   6097.00   3.392902e-17
   6098.00   5.327543e-17
   6099.00   5.154568e-17
   6100.00   1.116992e-16
   6101.00   5.741343e-16
   6102.00   1.176281e-15
   6103.00   1.345494e-15
   6104.00   1.352011e-15
   6105.00   2.598553e-15
   6106.00   6.175405e-15
   6107.00   1.077514e-14
   6108.00   1.279590e-14
   6109.00   9.919786e-15
   6110.00   8.665757e-15
   6111.00   1.580932e-14
   6112.00   2.078756e-14
   6113.00   1.966875e-14
   6114.00   2.196707e-14
   6115.00   2.543624e-14
   6116.00   3.232501e-14
   6117.00   3.856033e-14
   6118.00   4.927324e-14
   6119.00   6.718293e-14
   6120.00   6.669799e-14
   6121.00   5.334909e-14
   6122.00   4.695985e-14
   6123.00   4.884612e-14
   6124.00   4.962102e-14
   6125.00   5.336299e-14
   6126.00   7.405854e-14
   6127.00   8.991182e-14
   6128.00   8.160001e-14
   6129.00   6.168477e-14
   6130.00   3.764346e-14
   6131.00   1.885073e-14
   6132.00   1.131738e-14
   6133.00   8.210105e-15
   6134.00   6.184792e-15
   6135.00   4.758674e-15
   6136.00   4.411500e-15
   6137.00   4.886881e-15
   6138.00   5.531517e-15
   6139.00   6.349148e-15
   6140.00   7.847269e-15
   6141.00   1.018099e-14
   6142.00   1.303839e-14
   6143.00   1.718805e-14
   6144.00   2.508473e-14
   6145.00   4.223207e-14
   6146.00   7.160156e-14
   6147.00   1.131120e-13
   6148.00   1.621741e-13
   6149.00   2.224781e-13
   6150.00   2.982700e-13
   6151.00   3.842384e-13
   6152.00   4.730250e-13
   6153.00   5.129714e-13
   6154.00   5.413491e-13
   6155.00   5.584351e-13
   6156.00   5.528642e-13
   6157.00   5.449279e-13
   6158.00   5.148831e-13
   6159.00   4.955352e-13
   6160.00   4.313804e-13
   6161.00   3.457317e-13
   6162.00   2.715749e-13
   6163.00   2.004863e-13
   6164.00   1.611674e-13
   6165.00   1.387846e-13
   6166.00   1.195046e-13
   6167.00   1.163646e-13
   6168.00   1.226045e-13
   6169.00   1.060377e-13
   6170.00   7.536366e-14
   6171.00   5.198200e-14
   6172.00   3.338456e-14
   6173.00   1.568833e-14
   6174.00   1.129054e-14
   6175.00   1.220060e-14
   6176.00   9.418232e-15
   6177.00   7.314987e-15
   6178.00   4.699322e-15
   6179.00   2.037617e-15
   6180.00   1.138114e-15
   6181.00   4.927772e-16
   6182.00   2.282788e-16
   6183.00   6.067003e-17
   6184.00   7.313745e-17
   6185.00   6.122815e-17
   6186.00   4.848506e-17
   6187.00   3.441706e-17
   6188.00   2.061817e-17
   6189.00   1.336180e-17
   6190.00   8.603082e-18
   6191.00   7.239849e-18
   6192.00   6.024188e-18
   6193.00   5.819296e-18
   6194.00   5.738271e-18
   6195.00   4.236909e-18
   6196.00   2.400052e-18
   6197.00   1.908434e-18
   6198.00   1.507500e-18
   6199.00   1.041412e-18
   6200.00   7.448112e-19
   6201.00   5.726235e-19
   6202.00   4.594020e-19
   6203.00   3.801465e-19
   6204.00   3.057990e-19
   6205.00   2.374831e-19
   6206.00   1.950131e-19
   6207.00   1.780345e-19
   6208.00   1.652512e-19
   6209.00   1.357294e-19
   6210.00   1.123979e-19
   6211.00   1.071426e-19
   6212.00   1.060319e-19
   6213.00   9.517111e-20
   6214.00   8.489040e-20
   6215.00   8.171671e-20
   6216.00   7.822908e-20
   6217.00   7.381931e-20
   6218.00   6.860017e-20
   6219.00   6.778113e-20
   6220.00   6.632039e-20
   6221.00   6.756572e-20
   6222.00   7.062969e-20
   6223.00   7.638929e-20
   6224.00   8.948707e-20
   6225.00   1.037109e-19
   6226.00   1.783052e-19
   6227.00   3.312686e-19
   6228.00   3.639084e-19
   6229.00   2.220663e-19
   6230.00   1.143211e-19
   6231.00   8.317599e-20
   6232.00   6.344686e-20
   6233.00   5.455986e-20
   6234.00   5.113359e-20
   6235.00   4.829406e-20
   6236.00   4.712801e-20
   6237.00   4.761890e-20
   6238.00   4.772722e-20
   6239.00   4.704612e-20
   6240.00   4.720018e-20
   6241.00   4.854489e-20
   6242.00   5.002648e-20
   6243.00   5.101651e-20
   6244.00   5.172599e-20
   6245.00   5.346322e-20
   6246.00   5.788517e-20
   6247.00   6.979226e-20
   6248.00   9.008223e-20
   6249.00   1.062908e-19
   6250.00   1.163787e-19
   6251.00   1.522528e-19
   6252.00   2.519755e-19
   6253.00   4.131481e-19
   6254.00   5.413881e-19
   6255.00   7.543231e-19
   6256.00   1.855262e-18
   6257.00   3.788297e-18
   6258.00   1.892427e-17
   6259.00   5.018706e-17
   6260.00   1.645985e-16
   6261.00   3.867067e-16
   6262.00   8.328032e-16
   6263.00   1.594198e-15
   6264.00   2.786767e-15
   6265.00   5.382105e-15
   6266.00   8.473993e-15
   6267.00   1.340880e-14
   6268.00   2.341592e-14
   6269.00   3.401736e-14
   6270.00   4.536005e-14
   6271.00   6.386774e-14
   6272.00   8.755520e-14
   6273.00   1.119868e-13
   6274.00   1.412576e-13
   6275.00   1.752738e-13
   6276.00   2.140628e-13
   6277.00   2.554527e-13
   6278.00   2.871692e-13
   6279.00   3.213445e-13
   6280.00   3.538728e-13
   6281.00   3.791456e-13
   6282.00   3.983449e-13
   6283.00   4.021139e-13
   6284.00   3.952489e-13
   6285.00   3.687620e-13
   6286.00   3.510304e-13
   6287.00   3.390689e-13
   6288.00   3.037743e-13
   6289.00   2.921815e-13
   6290.00   2.853121e-13
   6291.00   2.757845e-13
   6292.00   2.671672e-13
   6293.00   2.416914e-13
   6294.00   2.209817e-13
   6295.00   1.831218e-13
   6296.00   1.684440e-13
   6297.00   1.545921e-13
   6298.00   1.316339e-13
   6299.00   1.235011e-13
   6300.00   8.994643e-14
   6301.00   6.146363e-14
   6302.00   3.863720e-14
   6303.00   2.040804e-14
   6304.00   1.258456e-14
   6305.00   6.141891e-15
   6306.00   4.132831e-15
   6307.00   2.311082e-15
   6308.00   1.376928e-15
   6309.00   6.542702e-16
   6310.00   2.181689e-16
   6311.00   1.182340e-16
   6312.00   4.116380e-17
   6313.00   2.260691e-17
   6314.00   9.191940e-18
   6315.00   5.307842e-18
   6316.00   1.972461e-18
   6317.00   1.271215e-18
   6318.00   8.044331e-19
   6319.00   5.979531e-19
   6320.00   4.309661e-19
   6321.00   3.350002e-19
   6322.00   2.550706e-19
   6323.00   2.010544e-19
   6324.00   1.593692e-19
   6325.00   1.300164e-19
   6326.00   1.058141e-19
   6327.00   8.743585e-20
   6328.00   7.256977e-20
   6329.00   6.213623e-20
   6330.00   5.374309e-20
   6331.00   4.700576e-20
   6332.00   4.110378e-20
   6333.00   3.705159e-20
   6334.00   3.366923e-20
   6335.00   3.189679e-20
   6336.00   3.014518e-20
   6337.00   2.946584e-20
   6338.00   2.825510e-20
   6339.00   2.805568e-20
   6340.00   2.732953e-20
   6341.00   2.716529e-20
   6342.00   2.733265e-20
   6343.00   2.782074e-20
   6344.00   3.148798e-20
   6345.00   3.576589e-20
   6346.00   5.941561e-20
   6347.00   1.092224e-19
   6348.00   1.205192e-19
   6349.00   7.487205e-20
   6350.00   3.957487e-20
   6351.00   2.944437e-20
   6352.00   2.310323e-20
   6353.00   2.009474e-20
   6354.00   1.932937e-20
   6355.00   1.873349e-20
   6356.00   1.817560e-20
   6357.00   1.802300e-20
   6358.00   1.799323e-20
   6359.00   1.766220e-20
   6360.00   1.741703e-20
   6361.00   1.767728e-20
   6362.00   1.825373e-20
   6363.00   1.891206e-20
   6364.00   2.019627e-20
   6365.00   2.249478e-20
   6366.00   2.541257e-20
   6367.00   2.811833e-20
   6368.00   3.014425e-20
   6369.00   3.610792e-20
   6370.00   5.429813e-20
   6371.00   8.756726e-20
   6372.00   1.257157e-19
   6373.00   1.613425e-19
   6374.00   2.463062e-19
   6375.00   8.079974e-19
   6376.00   2.344240e-18
   6377.00   5.325109e-18
   6378.00   2.827309e-17
   6379.00   1.593594e-16
   6380.00   6.647015e-16
   6381.00   1.963529e-15
   6382.00   4.879356e-15
   6383.00   1.098476e-14
   6384.00   2.308807e-14
   6385.00   4.397654e-14
   6386.00   7.496610e-14
   6387.00   1.132915e-13
   6388.00   1.554192e-13
   6389.00   2.040352e-13
   6390.00   2.555611e-13
   6391.00   2.979520e-13
   6392.00   3.318307e-13
   6393.00   3.650477e-13
   6394.00   3.881472e-13
   6395.00   4.032303e-13
   6396.00   4.176754e-13
   6397.00   4.142918e-13
   6398.00   4.132551e-13
   6399.00   4.167888e-13
   6400.00   3.994412e-13
   6401.00   3.962773e-13
   6402.00   3.918189e-13
   6403.00   3.709215e-13
   6404.00   3.758381e-13
   6405.00   3.690770e-13
   6406.00   3.534117e-13
   6407.00   3.562068e-13
   6408.00   3.328993e-13
   6409.00   3.144262e-13
   6410.00   3.181348e-13
   6411.00   3.143358e-13
   6412.00   3.220574e-13
   6413.00   3.269083e-13
   6414.00   3.251119e-13
   6415.00   3.373155e-13
   6416.00   3.395069e-13
   6417.00   3.380279e-13
   6418.00   3.507424e-13
   6419.00   3.578331e-13
   6420.00   3.631963e-13
   6421.00   3.753104e-13
   6422.00   3.941589e-13
   6423.00   4.417691e-13
   6424.00   5.098172e-13
   6425.00   5.633656e-13
   6426.00   5.991026e-13
   6427.00   6.288427e-13
   6428.00   6.627076e-13
   6429.00   6.842593e-13
   6430.00   6.727802e-13
   6431.00   6.423603e-13
   6432.00   6.071126e-13
   6433.00   5.592020e-13
   6434.00   4.860659e-13
   6435.00   4.201448e-13
   6436.00   3.873268e-13
   6437.00   3.694415e-13
   6438.00   3.585700e-13
   6439.00   3.507090e-13
   6440.00   3.442315e-13
   6441.00   3.417219e-13
   6442.00   3.462333e-13
   6443.00   3.520821e-13
   6444.00   3.574617e-13
   6445.00   3.660969e-13
   6446.00   3.748752e-13
   6447.00   3.846522e-13
   6448.00   3.957332e-13
   6449.00   4.219615e-13
   6450.00   4.517111e-13
   6451.00   4.662974e-13
   6452.00   4.632483e-13
   6453.00   4.527096e-13
   6454.00   4.375778e-13
   6455.00   4.192497e-13
   6456.00   3.993957e-13
   6457.00   3.754285e-13
   6458.00   3.526848e-13
   6459.00   3.263707e-13
   6460.00   2.981303e-13
   6461.00   2.647796e-13
   6462.00   2.314051e-13
   6463.00   1.926836e-13
   6464.00   1.545619e-13
   6465.00   1.177186e-13
   6466.00   9.178191e-14
   6467.00   8.077850e-14
   6468.00   6.684364e-14
   6469.00   4.998012e-14
   6470.00   3.463115e-14
   6471.00   2.389248e-14
   6472.00   1.454309e-14
   6473.00   8.916760e-15
   6474.00   5.107418e-15
   6475.00   2.799869e-15
   6476.00   1.529788e-15
   6477.00   7.183639e-16
   6478.00   3.777967e-16
   6479.00   1.421153e-16
   6480.00   8.039308e-17
   6481.00   3.223993e-17
   6482.00   1.691785e-17
   6483.00   6.857841e-18
   6484.00   3.388989e-18
   6485.00   1.671531e-18
   6486.00   8.292401e-19
   6487.00   5.458515e-19
   6488.00   3.301412e-19
   6489.00   2.628422e-19
   6490.00   2.014959e-19
   6491.00   1.863747e-19
   6492.00   1.607027e-19
   6493.00   1.460319e-19
   6494.00   1.402341e-19
   6495.00   1.309747e-19
   6496.00   1.462437e-19
   6497.00   1.516661e-19
   6498.00   2.160198e-19
   6499.00   5.130976e-19
   6500.00   1.666784e-18
   6501.00   9.777942e-17
   6502.00   4.497495e-16
   6503.00   6.253570e-16
   6504.00   2.897092e-16
   6505.00   2.098433e-17
   6506.00   3.528327e-18
   6507.00   2.280032e-19
   6508.00   1.205068e-19
   6509.00   9.428019e-20
   6510.00   7.235652e-20
   6511.00   6.557785e-20
   6512.00   6.276281e-20
   6513.00   5.618591e-20
   6514.00   5.634099e-20
   6515.00   5.984609e-20
   6516.00   6.131485e-20
   6517.00   7.257735e-20
   6518.00   9.882203e-20
   6519.00   1.112999e-19
   6520.00   1.030264e-19
   6521.00   1.243401e-19
   6522.00   2.516059e-19
   6523.00   5.144309e-19
   6524.00   9.038577e-19
   6525.00   1.231430e-18
   6526.00   4.453633e-18
   6527.00   1.206854e-17
   6528.00   2.050231e-17
   6529.00   3.884644e-17
   6530.00   8.600797e-17
   6531.00   2.630330e-16
   6532.00   4.482309e-16
   6533.00   3.739288e-16
   6534.00   1.968969e-16
   6535.00   8.902600e-17
   6536.00   2.361287e-17
   6537.00   1.091891e-16
   6538.00   2.795104e-15
   6539.00   8.062687e-15
   6540.00   1.027815e-14
   6541.00   8.521833e-15
   6542.00   5.984942e-15
   6543.00   3.800990e-15
   6544.00   2.407232e-15
   6545.00   1.546936e-15
   6546.00   9.338468e-16
   6547.00   7.973858e-16
   6548.00   1.189286e-15
   6549.00   2.421683e-15
   6550.00   4.357686e-15
   6551.00   5.595022e-15
   6552.00   5.214370e-15
   6553.00   4.312454e-15
   6554.00   5.744606e-15
   6555.00   1.017711e-14
   6556.00   1.282292e-14
   6557.00   1.461441e-14
   6558.00   2.163163e-14
   6559.00   3.382997e-14
   6560.00   5.291092e-14
   6561.00   7.958317e-14
   6562.00   1.144315e-13
   6563.00   1.601671e-13
   6564.00   2.071780e-13
   6565.00   2.448904e-13
   6566.00   2.730748e-13
   6567.00   2.929526e-13
   6568.00   3.066493e-13
   6569.00   3.164676e-13
   6570.00   3.232416e-13
   6571.00   3.277111e-13
   6572.00   3.305539e-13
   6573.00   3.324814e-13
   6574.00   3.337474e-13
   6575.00   3.346831e-13
   6576.00   3.355980e-13
   6577.00   3.364326e-13
   6578.00   3.375120e-13
   6579.00   3.390532e-13
   6580.00   3.405612e-13
   6581.00   3.418827e-13
   6582.00   3.429816e-13
   6583.00   3.439054e-13
   6584.00   3.449408e-13
   6585.00   3.457282e-13
   6586.00   3.459245e-13
   6587.00   3.455130e-13
   6588.00   3.445954e-13
   6589.00   3.432251e-13
   6590.00   3.412571e-13
   6591.00   3.391392e-13
   6592.00   3.388974e-13
   6593.00   3.405495e-13
   6594.00   3.409816e-13
   6595.00   3.396371e-13
   6596.00   3.378544e-13
   6597.00   3.359054e-13
   6598.00   3.339272e-13
   6599.00   3.320108e-13
   6600.00   3.300055e-13
   6601.00   3.279098e-13
   6602.00   3.258169e-13
   6603.00   3.237457e-13
   6604.00   3.216927e-13
   6605.00   3.197249e-13
   6606.00   3.179087e-13
   6607.00   3.162243e-13
   6608.00   3.146558e-13
   6609.00   3.131194e-13
   6610.00   3.117379e-13
   6611.00   3.104943e-13
   6612.00   3.092824e-13
   6613.00   3.078846e-13
   6614.00   3.058888e-13
   6615.00   3.038748e-13
   6616.00   3.029281e-13
   6617.00   3.026821e-13
   6618.00   3.015887e-13
   6619.00   2.998034e-13
   6620.00   2.980248e-13
   6621.00   2.960684e-13
   6622.00   2.943171e-13
   6623.00   2.923957e-13
   6624.00   2.905063e-13
   6625.00   2.888494e-13
   6626.00   2.868876e-13
   6627.00   2.854741e-13
   6628.00   2.837367e-13
   6629.00   2.816723e-13
   6630.00   2.804110e-13
   6631.00   2.782855e-13
   6632.00   2.764015e-13
   6633.00   2.748114e-13
   6634.00   2.722622e-13
   6635.00   2.710815e-13
   6636.00   2.681517e-13
   6637.00   2.645703e-13
   6638.00   2.621054e-13
   6639.00   2.572783e-13
   6640.00   2.548655e-13
   6641.00   2.493178e-13
   6642.00   2.435780e-13
   6643.00   2.406735e-13
   6644.00   2.336916e-13
   6645.00   2.306999e-13
   6646.00   2.241537e-13
   6647.00   2.187077e-13
   6648.00   2.122450e-13
   6649.00   2.033356e-13
   6650.00   1.983690e-13
   6651.00   1.885829e-13
   6652.00   1.836503e-13
   6653.00   1.765491e-13
   6654.00   1.692146e-13
   6655.00   1.611456e-13
   6656.00   1.525384e-13
   6657.00   1.452423e-13
   6658.00   1.362929e-13
   6659.00   1.291435e-13
   6660.00   1.209477e-13
   6661.00   1.136886e-13
   6662.00   1.048089e-13
   6663.00   9.679088e-14
   6664.00   8.735051e-14
   6665.00   7.815600e-14
   6666.00   6.734132e-14
   6667.00   5.624105e-14
   6668.00   4.461391e-14
   6669.00   3.240968e-14
   6670.00   2.483764e-14
   6671.00   2.249243e-14
   6672.00   2.081409e-14
   6673.00   1.348461e-14
   6674.00   6.504544e-15
   6675.00   2.328872e-15
   6676.00   4.247565e-16
   6677.00   8.474876e-17
   6678.00   1.942881e-18
   6679.00   3.738399e-16
   6680.00   6.184836e-15
   6681.00   1.642455e-14
   6682.00   2.177747e-14
   6683.00   2.220897e-14
   6684.00   1.900458e-14
   6685.00   1.338372e-14
   6686.00   1.034880e-14
   6687.00   9.151224e-15
   6688.00   7.319096e-15
   6689.00   5.514733e-15
   6690.00   4.687884e-15
   6691.00   4.417365e-15
   6692.00   4.170457e-15
   6693.00   4.029753e-15
   6694.00   4.243290e-15
   6695.00   4.896013e-15
   6696.00   6.011099e-15
   6697.00   7.623989e-15
   6698.00   9.961701e-15
   6699.00   1.414491e-14
   6700.00   2.108474e-14
   6701.00   3.160867e-14
   6702.00   4.744310e-14
   6703.00   6.914706e-14
   6704.00   9.271162e-14
   6705.00   1.094233e-13
   6706.00   1.159096e-13
   6707.00   1.143308e-13
   6708.00   1.046327e-13
   6709.00   9.382365e-14
   6710.00   9.849967e-14
   6711.00   1.158535e-13
   6712.00   1.214341e-13
   6713.00   1.147524e-13
   6714.00   1.117714e-13
   6715.00   1.054501e-13
   6716.00   9.630216e-14
   6717.00   9.543875e-14
   6718.00   8.946400e-14
   6719.00   7.749519e-14
   6720.00   7.575915e-14
   6721.00   7.856195e-14
   6722.00   7.268661e-14
   6723.00   6.688876e-14
   6724.00   6.894242e-14
   6725.00   6.395566e-14
   6726.00   5.823443e-14
   6727.00   6.417131e-14
   6728.00   5.929478e-14
   6729.00   4.717788e-14
   6730.00   5.111308e-14
   6731.00   4.812249e-14
   6732.00   3.493519e-14
   6733.00   3.703060e-14
   6734.00   3.556027e-14
   6735.00   2.544573e-14
   6736.00   2.856802e-14
   6737.00   2.888406e-14
   6738.00   2.203949e-14
   6739.00   2.522756e-14
   6740.00   2.423431e-14
   6741.00   1.998945e-14
   6742.00   2.501094e-14
   6743.00   2.351582e-14
   6744.00   2.133753e-14
   6745.00   2.503336e-14
   6746.00   1.983887e-14
   6747.00   1.545485e-14
   6748.00   1.423213e-14
   6749.00   8.671196e-15
   6750.00   6.288088e-15
   6751.00   5.008934e-15
   6752.00   3.000940e-15
   6753.00   2.581214e-15
   6754.00   1.753004e-15
   6755.00   1.251244e-15
   6756.00   1.005466e-15
   6757.00   6.725917e-16
   6758.00   6.067668e-16
   6759.00   4.755205e-16
   6760.00   4.265664e-16
   6761.00   4.074283e-16
   6762.00   4.330693e-16
   6763.00   4.035618e-16
   6764.00   3.099568e-16
   6765.00   2.558300e-16
   6766.00   1.887456e-16
   6767.00   1.510145e-16
   6768.00   1.220161e-16
   6769.00   1.024545e-16
   6770.00   8.788950e-17
   6771.00   7.898939e-17
   6772.00   7.515647e-17
   6773.00   8.000841e-17
   6774.00   8.871175e-17
   6775.00   1.269730e-16
   6776.00   2.087554e-16
   6777.00   4.463381e-16
   6778.00   1.569417e-15
   6779.00   5.262250e-15
   6780.00   7.633121e-15
   6781.00   4.408148e-15
   6782.00   1.030752e-15
   6783.00   2.508794e-16
   6784.00   2.250593e-17
   6785.00   4.276352e-18
   6786.00   1.024742e-18
   6787.00   2.026969e-19
   6788.00   6.011443e-20
   6789.00   3.162125e-20
   6790.00   2.253016e-20
   6791.00   1.854175e-20
   6792.00   1.690465e-20
   6793.00   1.619367e-20
   6794.00   1.635215e-20
   6795.00   1.672860e-20
   6796.00   3.016356e-16
   6797.00   4.708330e-15
   6798.00   1.834009e-14
   6799.00   3.784950e-14
   6800.00   5.497779e-14
   6801.00   6.722160e-14
   6802.00   7.580429e-14
   6803.00   8.195231e-14
   6804.00   8.640771e-14
   6805.00   8.959902e-14
   6806.00   9.189501e-14
   6807.00   9.344392e-14
   6808.00   9.447278e-14
   6809.00   9.522865e-14
   6810.00   9.571342e-14
   6811.00   9.590254e-14
   6812.00   9.590960e-14
   6813.00   9.584938e-14
   6814.00   9.575232e-14
   6815.00   9.560871e-14
   6816.00   9.547759e-14
   6817.00   9.538611e-14
   6818.00   9.530204e-14
   6819.00   9.524778e-14
   6820.00   9.523906e-14
   6821.00   9.543298e-14
   6822.00   9.582676e-14
   6823.00   9.588627e-14
   6824.00   9.548571e-14
   6825.00   9.493849e-14
   6826.00   9.438323e-14
   6827.00   9.383984e-14
   6828.00   9.319642e-14
   6829.00   9.249052e-14
   6830.00   9.182152e-14
   6831.00   9.112774e-14
   6832.00   9.027353e-14
   6833.00   8.934566e-14
   6834.00   8.855788e-14
   6835.00   8.767231e-14
   6836.00   8.674506e-14
   6837.00   8.587145e-14
   6838.00   8.481748e-14
   6839.00   8.378135e-14
   6840.00   8.270541e-14
   6841.00   8.165124e-14
   6842.00   8.051300e-14
   6843.00   7.910272e-14
   6844.00   7.796743e-14
   6845.00   7.668091e-14
   6846.00   7.507940e-14
   6847.00   7.359565e-14
   6848.00   7.194509e-14
   6849.00   7.031037e-14
   6850.00   6.883310e-14
   6851.00   6.694678e-14
   6852.00   6.489686e-14
   6853.00   6.294136e-14
   6854.00   6.112160e-14
   6855.00   5.918407e-14
   6856.00   5.696172e-14
   6857.00   5.503467e-14
   6858.00   5.244336e-14
   6859.00   4.971501e-14
   6860.00   4.737123e-14
   6861.00   4.454934e-14
   6862.00   4.169510e-14
   6863.00   3.985463e-14
   6864.00   3.806672e-14
   6865.00   3.461398e-14
   6866.00   3.145274e-14
   6867.00   2.933697e-14
   6868.00   2.668108e-14
   6869.00   2.435138e-14
   6870.00   2.363002e-14
   6871.00   2.157627e-14
   6872.00   1.750641e-14
   6873.00   1.492631e-14
   6874.00   1.360330e-14
   6875.00   1.198806e-14
   6876.00   9.921407e-15
   6877.00   8.593233e-15
   6878.00   7.916571e-15
   6879.00   6.356580e-15
   6880.00   5.067623e-15
   6881.00   4.931240e-15
   6882.00   5.240020e-15
   6883.00   5.148365e-15
   6884.00   3.902506e-15
   6885.00   2.164492e-15
   6886.00   1.431229e-15
   6887.00   1.472481e-15
   6888.00   1.066481e-15
   6889.00   5.421583e-16
   6890.00   4.774081e-16
   6891.00   5.866460e-16
   6892.00   5.087127e-16
   6893.00   2.507660e-16
   6894.00   1.028825e-16
   6895.00   8.585505e-17
   6896.00   6.634655e-17
   6897.00   3.456978e-17
   6898.00   3.796380e-17
   6899.00   5.325924e-17
   6900.00   3.302998e-17
   6901.00   1.394969e-17
   6902.00   9.918831e-18
   6903.00   3.982904e-18
   6904.00   9.509670e-19
   6905.00   1.271587e-18
   6906.00   1.355785e-18
   6907.00   8.801403e-19
   6908.00   2.943184e-19
   6909.00   7.624960e-20
   6910.00   7.882456e-20
   6911.00   7.162630e-20
   6912.00   6.406004e-20
   6913.00   3.402044e-20
   6914.00   1.272728e-20
   6915.00   1.981355e-20
   6916.00   1.994773e-20
   6917.00   1.121374e-20
   6918.00   8.833259e-21
   6919.00   1.049499e-20
   6920.00   7.550416e-21
   6921.00   7.325799e-21
   6922.00   1.127819e-20
   6923.00   8.936414e-21
   6924.00   3.914176e-21
   6925.00   2.947876e-21
   6926.00   2.611616e-21
   6927.00   1.669492e-21
   6928.00   1.680272e-21
   6929.00   1.640224e-21
   6930.00   1.129193e-21
   6931.00   1.015926e-21
   6932.00   8.983006e-22
   6933.00   8.060524e-22
   6934.00   9.516196e-22
   6935.00   7.533713e-22
   6936.00   6.062431e-22
   6937.00   7.743044e-22
   6938.00   7.387742e-22
   6939.00   6.690969e-22
   6940.00   6.370571e-22
   6941.00   4.698303e-22
   6942.00   4.035569e-22
   6943.00   3.634994e-22
   6944.00   2.849549e-22
   6945.00   2.725011e-22
   6946.00   2.354265e-22
   6947.00   2.101002e-22
   6948.00   2.005527e-22
   6949.00   1.784397e-22
   6950.00   1.722663e-22
   6951.00   1.683326e-22
   6952.00   1.714957e-22
   6953.00   1.636257e-22
   6954.00   1.502515e-22
   6955.00   1.445688e-22
   6956.00   1.370669e-22
   6957.00   1.327072e-22
   6958.00   1.283982e-22
   6959.00   1.250209e-22
   6960.00   1.225578e-22
   6961.00   1.203454e-22
   6962.00   1.189283e-22
   6963.00   1.175655e-22
   6964.00   1.161469e-22
   6965.00   1.149222e-22
   6966.00   1.139204e-22
   6967.00   1.136968e-22
   6968.00   1.139276e-22
   6969.00   1.174769e-22
   6970.00   1.256275e-22
   6971.00   1.726833e-22
   6972.00   2.332810e-22
   6973.00   2.078213e-22
   6974.00   1.412378e-22
   6975.00   1.104556e-22
   6976.00   1.023090e-22
   6977.00   1.000954e-22
   6978.00   9.866070e-23
   6979.00   9.766845e-23
   6980.00   9.682132e-23
   6981.00   9.601130e-23
   6982.00   9.521963e-23
   6983.00   9.444049e-23
   6984.00   9.366956e-23
   6985.00   9.290565e-23
   6986.00   9.214872e-23
   6987.00   9.149338e-23
   6988.00   1.248693e-22
   6989.00   3.734891e-22
   6990.00   1.065619e-21
   6991.00   2.345983e-21
   6992.00   4.297231e-21
   6993.00   8.595676e-21
   6994.00   2.154122e-20
   6995.00   6.627567e-20
   6996.00   2.397069e-19
   6997.00   8.833095e-19
   6998.00   2.791717e-18
   6999.00   7.232075e-18
   7000.00   1.819606e-17
   7001.00   3.997235e-17
   7002.00   7.375752e-17
   7003.00   1.353022e-16
   7004.00   2.357021e-16
   7005.00   3.666227e-16
   7006.00   5.755796e-16
   7007.00   7.979941e-16
   7008.00   1.095039e-15
   7009.00   1.437086e-15
   7010.00   1.813275e-15
   7011.00   2.247368e-15
   7012.00   2.756003e-15
   7013.00   3.426720e-15
   7014.00   4.045152e-15
   7015.00   4.637048e-15
   7016.00   5.303535e-15
   7017.00   6.100507e-15
   7018.00   6.956462e-15
   7019.00   7.728048e-15
   7020.00   8.456487e-15
   7021.00   9.220151e-15
   7022.00   9.961128e-15
   7023.00   1.078529e-14
   7024.00   1.147553e-14
   7025.00   1.228230e-14
   7026.00   1.310923e-14
   7027.00   1.366811e-14
   7028.00   1.437905e-14
   7029.00   1.497752e-14
   7030.00   1.555440e-14
   7031.00   1.630279e-14
   7032.00   1.676919e-14
   7033.00   1.727986e-14
   7034.00   1.796659e-14
   7035.00   1.838974e-14
   7036.00   1.884963e-14
   7037.00   1.926704e-14
   7038.00   1.964919e-14
   7039.00   2.019680e-14
   7040.00   2.051900e-14
   7041.00   2.083058e-14
   7042.00   2.121008e-14
   7043.00   2.153300e-14
   7044.00   2.184718e-14
   7045.00   2.211410e-14
   7046.00   2.235255e-14
   7047.00   2.261120e-14
   7048.00   2.286860e-14
   7049.00   2.301060e-14
   7050.00   2.315100e-14
   7051.00   2.334598e-14
   7052.00   2.346999e-14
   7053.00   2.362002e-14
   7054.00   2.377112e-14
   7055.00   2.388348e-14
   7056.00   2.402359e-14
   7057.00   2.412924e-14
   7058.00   2.423321e-14
   7059.00   2.429432e-14
   7060.00   2.435215e-14
   7061.00   2.442623e-14
   7062.00   2.445693e-14
   7063.00   2.446606e-14
   7064.00   2.446784e-14
   7065.00   2.446558e-14
   7066.00   2.446500e-14
   7067.00   2.445490e-14
   7068.00   2.443200e-14
   7069.00   2.441687e-14
   7070.00   2.440218e-14
   7071.00   2.438194e-14
   7072.00   2.437027e-14
   7073.00   2.436372e-14
   7074.00   2.435490e-14
   7075.00   2.434026e-14
   7076.00   2.431322e-14
   7077.00   2.427313e-14
   7078.00   2.422891e-14
   7079.00   2.417937e-14
   7080.00   2.411804e-14
   7081.00   2.405267e-14
   7082.00   2.398889e-14
   7083.00   2.392227e-14
   7084.00   2.384778e-14
   7085.00   2.376473e-14
   7086.00   2.366515e-14
   7087.00   2.358859e-14
   7088.00   2.351452e-14
   7089.00   2.342764e-14
   7090.00   2.334917e-14
   7091.00   2.325852e-14
   7092.00   2.316581e-14
   7093.00   2.306968e-14
   7094.00   2.296983e-14
   7095.00   2.287872e-14
   7096.00   2.280686e-14
   7097.00   2.273716e-14
   7098.00   2.265223e-14
   7099.00   2.255793e-14
   7100.00   2.246093e-14
   7101.00   2.236669e-14
   7102.00   2.227622e-14
   7103.00   2.218276e-14
   7104.00   2.207648e-14
   7105.00   2.196253e-14
   7106.00   2.186034e-14
   7107.00   2.177955e-14
   7108.00   2.170282e-14
   7109.00   2.161879e-14
   7110.00   2.153599e-14
   7111.00   2.144168e-14
   7112.00   2.134393e-14
   7113.00   2.124727e-14
   7114.00   2.114308e-14
   7115.00   2.104233e-14
   7116.00   2.090959e-14
   7117.00   2.074380e-14
   7118.00   2.064462e-14
   7119.00   2.060567e-14
   7120.00   2.053721e-14
   7121.00   2.044188e-14
   7122.00   2.034490e-14
   7123.00   2.024936e-14
   7124.00   2.014975e-14
   7125.00   2.004751e-14
   7126.00   1.994824e-14
   7127.00   1.984578e-14
   7128.00   1.974776e-14
   7129.00   1.966102e-14
   7130.00   1.956659e-14
   7131.00   1.947143e-14
   7132.00   1.938263e-14
   7133.00   1.928501e-14
   7134.00   1.917987e-14
   7135.00   1.907265e-14
   7136.00   1.898008e-14
   7137.00   1.890648e-14
   7138.00   1.878205e-14
   7139.00   1.863540e-14
   7140.00   1.856866e-14
   7141.00   1.852324e-14
   7142.00   1.843869e-14
   7143.00   1.834833e-14
   7144.00   1.823430e-14
   7145.00   1.810264e-14
   7146.00   1.802594e-14
   7147.00   1.797084e-14
   7148.00   1.787977e-14
   7149.00   1.778007e-14
   7150.00   1.768521e-14
   7151.00   1.758344e-14
   7152.00   1.748471e-14
   7153.00   1.739248e-14
   7154.00   1.729581e-14
   7155.00   1.720215e-14
   7156.00   1.710041e-14
   7157.00   1.699359e-14
   7158.00   1.690552e-14
   7159.00   1.679537e-14
   7160.00   1.663647e-14
   7161.00   1.650032e-14
   7162.00   1.644027e-14
   7163.00   1.640290e-14
   7164.00   1.632209e-14
   7165.00   1.619216e-14
   7166.00   1.607639e-14
   7167.00   1.598578e-14
   7168.00   1.586261e-14
   7169.00   1.576906e-14
   7170.00   1.573268e-14
   7171.00   1.568319e-14
   7172.00   1.560694e-14
   7173.00   1.552453e-14
   7174.00   1.545491e-14
   7175.00   1.539155e-14
   7176.00   1.532779e-14
   7177.00   1.527330e-14
   7178.00   1.521978e-14
   7179.00   1.516158e-14
   7180.00   1.504112e-14
   7181.00   1.488893e-14
   7182.00   1.482112e-14
   7183.00   1.478097e-14
   7184.00   1.471207e-14
   7185.00   1.462394e-14
   7186.00   1.451615e-14
   7187.00   1.440607e-14
   7188.00   1.430233e-14
   7189.00   1.419863e-14
   7190.00   1.410102e-14
   7191.00   1.401310e-14
   7192.00   1.392710e-14
   7193.00   1.383909e-14
   7194.00   1.374252e-14
   7195.00   1.364972e-14
   7196.00   1.357815e-14
   7197.00   1.351078e-14
   7198.00   1.341608e-14
   7199.00   1.333668e-14
   7200.00   1.324985e-14
   7201.00   1.314687e-14
   7202.00   1.304496e-14
   7203.00   1.291383e-14
   7204.00   1.281078e-14
   7205.00   1.269218e-14
   7206.00   1.261499e-14
   7207.00   1.260459e-14
   7208.00   1.251623e-14
   7209.00   1.243505e-14
   7210.00   1.237899e-14
   7211.00   1.229922e-14
   7212.00   1.223924e-14
   7213.00   1.217624e-14
   7214.00   1.213848e-14
   7215.00   1.212650e-14
   7216.00   1.210427e-14
   7217.00   1.209472e-14
   7218.00   1.209457e-14
   7219.00   1.209682e-14
   7220.00   1.209724e-14
   7221.00   1.205852e-14
   7222.00   1.200303e-14
   7223.00   1.194974e-14
   7224.00   1.183806e-14
   7225.00   1.164667e-14
   7226.00   1.146294e-14
   7227.00   1.137083e-14
   7228.00   1.129279e-14
   7229.00   1.118503e-14
   7230.00   1.108526e-14
   7231.00   1.093654e-14
   7232.00   1.079646e-14
   7233.00   1.078807e-14
   7234.00   1.079023e-14
   7235.00   1.075590e-14
   7236.00   1.076468e-14
   7237.00   1.073193e-14
   7238.00   1.066940e-14
   7239.00   1.065724e-14
   7240.00   1.061028e-14
   7241.00   1.050796e-14
   7242.00   1.038597e-14
   7243.00   1.031035e-14
   7244.00   1.035910e-14
   7245.00   1.037910e-14
   7246.00   1.032254e-14
   7247.00   1.023992e-14
   7248.00   1.014158e-14
   7249.00   1.003791e-14
   7250.00   9.879183e-15
   7251.00   9.747331e-15
   7252.00   9.460380e-15
   7253.00   9.117637e-15
   7254.00   8.865553e-15
   7255.00   8.552358e-15
   7256.00   8.380401e-15
   7257.00   8.065655e-15
   7258.00   7.755608e-15
   7259.00   7.500201e-15
   7260.00   7.050318e-15
   7261.00   6.856775e-15
   7262.00   6.484534e-15
   7263.00   6.123554e-15
   7264.00   5.968857e-15
   7265.00   5.548104e-15
   7266.00   5.433865e-15
   7267.00   5.216876e-15
   7268.00   4.865547e-15
   7269.00   4.863593e-15
   7270.00   4.589015e-15
   7271.00   4.473724e-15
   7272.00   4.440481e-15
   7273.00   4.146131e-15
   7274.00   4.266949e-15
   7275.00   4.260074e-15
   7276.00   4.171192e-15
   7277.00   4.467886e-15
   7278.00   4.512760e-15
   7279.00   4.717830e-15
   7280.00   5.162629e-15
   7281.00   5.552071e-15
   7282.00   6.400166e-15
   7283.00   7.286367e-15
   7284.00   7.532706e-15
   7285.00   6.925132e-15
   7286.00   6.023299e-15
   7287.00   5.318885e-15
   7288.00   4.649086e-15
   7289.00   4.382381e-15
   7290.00   4.151630e-15
   7291.00   3.737979e-15
   7292.00   3.761867e-15
   7293.00   3.682039e-15
   7294.00   3.419474e-15
   7295.00   3.576925e-15
   7296.00   3.565135e-15
   7297.00   3.415100e-15
   7298.00   3.664708e-15
   7299.00   3.716116e-15
   7300.00   3.667035e-15
   7301.00   4.013929e-15
   7302.00   4.138322e-15
   7303.00   4.115024e-15
   7304.00   4.472067e-15
   7305.00   4.664600e-15
   7306.00   4.645309e-15
   7307.00   4.966892e-15
   7308.00   5.284147e-15
   7309.00   5.362014e-15
   7310.00   5.554924e-15
   7311.00   5.775371e-15
   7312.00   5.853944e-15
   7313.00   5.985399e-15
   7314.00   6.238762e-15
   7315.00   6.365540e-15
   7316.00   6.347878e-15
   7317.00   6.376809e-15
   7318.00   6.376474e-15
   7319.00   6.344711e-15
   7320.00   6.311968e-15
   7321.00   6.253239e-15
   7322.00   6.216133e-15
   7323.00   6.136139e-15
   7324.00   6.072942e-15
   7325.00   6.062174e-15
   7326.00   6.000637e-15
   7327.00   5.938936e-15
   7328.00   5.926515e-15
   7329.00   5.967404e-15
   7330.00   6.020405e-15
   7331.00   6.047264e-15
   7332.00   6.075198e-15
   7333.00   6.085818e-15
   7334.00   6.076461e-15
   7335.00   6.055384e-15
   7336.00   6.050762e-15
   7337.00   6.094691e-15
   7338.00   6.096238e-15
   7339.00   5.994392e-15
   7340.00   5.865232e-15
   7341.00   5.723789e-15
   7342.00   5.570423e-15
   7343.00   5.459409e-15
   7344.00   5.347323e-15
   7345.00   5.250071e-15
   7346.00   5.211442e-15
   7347.00   5.163466e-15
   7348.00   5.095160e-15
   7349.00   5.064916e-15
   7350.00   5.085270e-15
   7351.00   5.099334e-15
   7352.00   5.114156e-15
   7353.00   5.165958e-15
   7354.00   5.211512e-15
   7355.00   5.238761e-15
   7356.00   5.292661e-15
   7357.00   5.372534e-15
   7358.00   5.436711e-15
   7359.00   5.479219e-15
   7360.00   5.510562e-15
   7361.00   5.532233e-15
   7362.00   5.553288e-15
   7363.00   5.570767e-15
   7364.00   5.570742e-15
   7365.00   5.557772e-15
   7366.00   5.543225e-15
   7367.00   5.519628e-15
   7368.00   5.484212e-15
   7369.00   5.454834e-15
   7370.00   5.432540e-15
   7371.00   5.405506e-15
   7372.00   5.370138e-15
   7373.00   5.333235e-15
   7374.00   5.291094e-15
   7375.00   5.234858e-15
   7376.00   5.183224e-15
   7377.00   5.151253e-15
   7378.00   5.115739e-15
   7379.00   5.065499e-15
   7380.00   4.999592e-15
   7381.00   4.942215e-15
   7382.00   4.884591e-15
   7383.00   4.827921e-15
   7384.00   4.766867e-15
   7385.00   4.698487e-15
   7386.00   4.625203e-15
   7387.00   4.545519e-15
   7388.00   4.472091e-15
   7389.00   4.391125e-15
   7390.00   4.314918e-15
   7391.00   4.225131e-15
   7392.00   4.139469e-15
   7393.00   4.026805e-15
   7394.00   3.928260e-15
   7395.00   3.823633e-15
   7396.00   3.735673e-15
   7397.00   3.648110e-15
   7398.00   3.538567e-15
   7399.00   3.477271e-15
   7400.00   3.387918e-15
   7401.00   3.322474e-15
   7402.00   3.250867e-15
   7403.00   3.211471e-15
   7404.00   3.196011e-15
   7405.00   3.164627e-15
   7406.00   3.180228e-15
   7407.00   3.179671e-15
   7408.00   3.205501e-15
   7409.00   3.272684e-15
   7410.00   3.371965e-15
   7411.00   3.475067e-15
   7412.00   3.588798e-15
   7413.00   3.644926e-15
   7414.00   3.587782e-15
   7415.00   3.549267e-15
   7416.00   3.436885e-15
   7417.00   3.216032e-15
   7418.00   2.947216e-15
   7419.00   2.688016e-15
   7420.00   2.476761e-15
   7421.00   2.287175e-15
   7422.00   2.089073e-15
   7423.00   1.951440e-15
   7424.00   1.880266e-15
   7425.00   1.735648e-15
   7426.00   1.532602e-15
   7427.00   1.459542e-15
   7428.00   1.494287e-15
   7429.00   1.383754e-15
   7430.00   1.204135e-15
   7431.00   1.130895e-15
   7432.00   1.105433e-15
   7433.00   9.819480e-16
   7434.00   8.571672e-16
   7435.00   7.811565e-16
   7436.00   7.121574e-16
   7437.00   6.288575e-16
   7438.00   5.377551e-16
   7439.00   4.705022e-16
   7440.00   3.974309e-16
   7441.00   3.431300e-16
   7442.00   2.881222e-16
   7443.00   2.488778e-16
   7444.00   2.068674e-16
   7445.00   1.762949e-16
   7446.00   1.531280e-16
   7447.00   1.305538e-16
   7448.00   1.191766e-16
   7449.00   1.009968e-16
   7450.00   9.704824e-17
   7451.00   8.865528e-17
   7452.00   9.186510e-17
   7453.00   9.841167e-17
   7454.00   1.060147e-16
   7455.00   1.353767e-16
   7456.00   1.589511e-16
   7457.00   2.210726e-16
   7458.00   3.268370e-16
   7459.00   5.882759e-16
   7460.00   8.950579e-16
   7461.00   8.247141e-16
   7462.00   5.087603e-16
   7463.00   2.672267e-16
   7464.00   1.575799e-16
   7465.00   1.125861e-16
   7466.00   6.518437e-17
   7467.00   4.007749e-17
   7468.00   2.921712e-17
   7469.00   2.109220e-17
   7470.00   1.901276e-17
   7471.00   2.030277e-17
   7472.00   1.944489e-17
   7473.00   1.761715e-17
   7474.00   1.912259e-17
   7475.00   2.450676e-17
   7476.00   3.213944e-17
   7477.00   4.003668e-17
   7478.00   5.219519e-17
   7479.00   7.281092e-17
   7480.00   1.060482e-16
   7481.00   1.537153e-16
   7482.00   2.118810e-16
   7483.00   2.859948e-16
   7484.00   3.877769e-16
   7485.00   5.115356e-16
   7486.00   6.258860e-16
   7487.00   7.434116e-16
   7488.00   9.253797e-16
   7489.00   1.143553e-15
   7490.00   1.306448e-15
   7491.00   1.441933e-15
   7492.00   1.610092e-15
   7493.00   1.762133e-15
   7494.00   1.873046e-15
   7495.00   1.964165e-15
   7496.00   2.034426e-15
   7497.00   2.088681e-15
   7498.00   2.142725e-15
   7499.00   2.205398e-15
   7500.00   2.266465e-15
   7501.00   2.321443e-15
   7502.00   2.375604e-15
   7503.00   2.423324e-15
   7504.00   2.464877e-15
   7505.00   2.503296e-15
   7506.00   2.528271e-15
   7507.00   2.541809e-15
   7508.00   2.552718e-15
   7509.00   2.557112e-15
   7510.00   2.553907e-15
   7511.00   2.547221e-15
   7512.00   2.540414e-15
   7513.00   2.530561e-15
   7514.00   2.517511e-15
   7515.00   2.503592e-15
   7516.00   2.489922e-15
   7517.00   2.474882e-15
   7518.00   2.458402e-15
   7519.00   2.443025e-15
   7520.00   2.426157e-15
   7521.00   2.409334e-15
   7522.00   2.391999e-15
   7523.00   2.375066e-15
   7524.00   2.357325e-15
   7525.00   2.337000e-15
   7526.00   2.321577e-15
   7527.00   2.303852e-15
   7528.00   2.281780e-15
   7529.00   2.267666e-15
   7530.00   2.247963e-15
   7531.00   2.225638e-15
   7532.00   2.208698e-15
   7533.00   2.180880e-15
   7534.00   2.166566e-15
   7535.00   2.142714e-15
   7536.00   2.105953e-15
   7537.00   2.090923e-15
   7538.00   2.048776e-15
   7539.00   2.024778e-15
   7540.00   1.984952e-15
   7541.00   1.917975e-15
   7542.00   1.904807e-15
   7543.00   1.840696e-15
   7544.00   1.800084e-15
   7545.00   1.739751e-15
   7546.00   1.641070e-15
   7547.00   1.611278e-15
   7548.00   1.513006e-15
   7549.00   1.462297e-15
   7550.00   1.386043e-15
   7551.00   1.296945e-15
   7552.00   1.233998e-15
   7553.00   1.107670e-15
   7554.00   1.038482e-15
   7555.00   9.234516e-16
   7556.00   8.334095e-16
   7557.00   7.358242e-16
   7558.00   6.319870e-16
   7559.00   5.550250e-16
   7560.00   4.583559e-16
   7561.00   4.019210e-16
   7562.00   3.371992e-16
   7563.00   2.954868e-16
   7564.00   2.552321e-16
   7565.00   2.173727e-16
   7566.00   1.862282e-16
   7567.00   1.542829e-16
   7568.00   1.290219e-16
   7569.00   1.005501e-16
   7570.00   7.680488e-17
   7571.00   5.538535e-17
   7572.00   4.005533e-17
   7573.00   2.879800e-17
   7574.00   2.166175e-17
   7575.00   1.598503e-17
   7576.00   1.258851e-17
   7577.00   9.933394e-18
   7578.00   7.353116e-18
   7579.00   5.494957e-18
   7580.00   4.242899e-18
   7581.00   3.485370e-18
   7582.00   2.832902e-18
   7583.00   2.418530e-18
   7584.00   2.210267e-18
   7585.00   2.161726e-18
   7586.00   2.221587e-18
   7587.00   2.674594e-18
   7588.00   3.866845e-18
   7589.00   5.079292e-18
   7590.00   8.867990e-18
   7591.00   1.462714e-17
   7592.00   4.233359e-17
   7593.00   8.689897e-17
   7594.00   8.795306e-17
   7595.00   4.756274e-17
   7596.00   1.586576e-17
   7597.00   4.360524e-18
   7598.00   1.597837e-18
   7599.00   4.600966e-19
   7600.00   2.540346e-19
   7601.00   1.556934e-19
   7602.00   7.232019e-20
   7603.00   4.140053e-20
   7604.00   4.032904e-20
   7605.00   4.258193e-20
   7606.00   4.649660e-20
   7607.00   5.528102e-20
   7608.00   7.722025e-20
   7609.00   1.243695e-19
   7610.00   2.376265e-19
   7611.00   5.755329e-19
   7612.00   1.519177e-18
   7613.00   3.666874e-18
   7614.00   7.847661e-18
   7615.00   1.663492e-17
   7616.00   3.652829e-17
   7617.00   7.587104e-17
   7618.00   1.435849e-16
   7619.00   2.502084e-16
   7620.00   4.049142e-16
   7621.00   5.996002e-16
   7622.00   8.045345e-16
   7623.00   9.844510e-16
   7624.00   1.107467e-15
   7625.00   1.174520e-15
   7626.00   1.207239e-15
   7627.00   1.209285e-15
   7628.00   1.202120e-15
   7629.00   1.200113e-15
   7630.00   1.186591e-15
   7631.00   1.177311e-15
   7632.00   1.177066e-15
   7633.00   1.163859e-15
   7634.00   1.158116e-15
   7635.00   1.163235e-15
   7636.00   1.156715e-15
   7637.00   1.157878e-15
   7638.00   1.167718e-15
   7639.00   1.166090e-15
   7640.00   1.169741e-15
   7641.00   1.180491e-15
   7642.00   1.181680e-15
   7643.00   1.185295e-15
   7644.00   1.194569e-15
   7645.00   1.196250e-15
   7646.00   1.197320e-15
   7647.00   1.202209e-15
   7648.00   1.202039e-15
   7649.00   1.200124e-15
   7650.00   1.200816e-15
   7651.00   1.198898e-15
   7652.00   1.195036e-15
   7653.00   1.192051e-15
   7654.00   1.187818e-15
   7655.00   1.182477e-15
   7656.00   1.177495e-15
   7657.00   1.172002e-15
   7658.00   1.165872e-15
   7659.00   1.159652e-15
   7660.00   1.153303e-15
   7661.00   1.146555e-15
   7662.00   1.139445e-15
   7663.00   1.131832e-15
   7664.00   1.123292e-15
   7665.00   1.113720e-15
   7666.00   1.105983e-15
   7667.00   1.103724e-15
   7668.00   1.102622e-15
   7669.00   1.098480e-15
   7670.00   1.092397e-15
   7671.00   1.086168e-15
   7672.00   1.080292e-15
   7673.00   1.073977e-15
   7674.00   1.067925e-15
   7675.00   1.062094e-15
   7676.00   1.056078e-15
   7677.00   1.050024e-15
   7678.00   1.043445e-15
   7679.00   1.037371e-15
   7680.00   1.030015e-15
   7681.00   1.021788e-15
   7682.00   1.013243e-15
   7683.00   1.003425e-15
   7684.00   9.938833e-16
   7685.00   9.814110e-16
   7686.00   9.711596e-16
   7687.00   9.562466e-16
   7688.00   9.403917e-16
   7689.00   9.214642e-16
   7690.00   9.005979e-16
   7691.00   8.786856e-16
   7692.00   8.539886e-16
   7693.00   8.345367e-16
   7694.00   8.143904e-16
   7695.00   7.900944e-16
   7696.00   7.606523e-16
   7697.00   7.294921e-16
   7698.00   6.954616e-16
   7699.00   6.627238e-16
   7700.00   6.285764e-16
   7701.00   5.937874e-16
   7702.00   5.578949e-16
   7703.00   5.198281e-16
   7704.00   4.821591e-16
   7705.00   4.429565e-16
   7706.00   4.058230e-16
   7707.00   3.699982e-16
   7708.00   3.373962e-16
   7709.00   3.055309e-16
   7710.00   2.724039e-16
   7711.00   2.429563e-16
   7712.00   2.131689e-16
   7713.00   1.902843e-16
   7714.00   1.669813e-16
   7715.00   1.463168e-16
   7716.00   1.259850e-16
   7717.00   1.107674e-16
   7718.00   9.819253e-17
   7719.00   8.641439e-17
   7720.00   7.846495e-17
   7721.00   6.861499e-17
   7722.00   6.467474e-17
   7723.00   5.751881e-17
   7724.00   5.618718e-17
   7725.00   5.334481e-17
   7726.00   5.384409e-17
   7727.00   5.790968e-17
   7728.00   5.995063e-17
   7729.00   7.303520e-17
   7730.00   8.210535e-17
   7731.00   1.033207e-16
   7732.00   1.418868e-16
   7733.00   2.163722e-16
   7734.00   2.958009e-16
   7735.00   2.665598e-16
   7736.00   1.731987e-16
   7737.00   9.878949e-17
   7738.00   5.899670e-17
   7739.00   4.479405e-17
   7740.00   3.027906e-17
   7741.00   2.034015e-17
   7742.00   1.462456e-17
   7743.00   9.360564e-18
   7744.00   9.244618e-18
   7745.00   1.264493e-17
   7746.00   1.391414e-17
   7747.00   1.318333e-17
   7748.00   1.319099e-17
   7749.00   1.604153e-17
   7750.00   2.113260e-17
   7751.00   2.629568e-17
   7752.00   3.240388e-17
   7753.00   4.149211e-17
   7754.00   5.620716e-17
   7755.00   7.622023e-17
   7756.00   9.716451e-17
   7757.00   1.196285e-16
   7758.00   1.457414e-16
   7759.00   1.722482e-16
   7760.00   1.964607e-16
   7761.00   2.222029e-16
   7762.00   2.529467e-16
   7763.00   2.814431e-16
   7764.00   3.036995e-16
   7765.00   3.287977e-16
   7766.00   3.637093e-16
   7767.00   4.016891e-16
   7768.00   4.287316e-16
   7769.00   4.457455e-16
   7770.00   4.650339e-16
   7771.00   4.859247e-16
   7772.00   4.979356e-16
   7773.00   4.980623e-16
   7774.00   4.972491e-16
   7775.00   5.048316e-16
   7776.00   5.142814e-16
   7777.00   5.210024e-16
   7778.00   5.289554e-16
   7779.00   5.397409e-16
   7780.00   5.504576e-16
   7781.00   5.586580e-16
   7782.00   5.649099e-16
   7783.00   5.696112e-16
   7784.00   5.731281e-16
   7785.00   5.757386e-16
   7786.00   5.771966e-16
   7787.00   5.774802e-16
   7788.00   5.769619e-16
   7789.00   5.758536e-16
   7790.00   5.742186e-16
   7791.00   5.721991e-16
   7792.00   5.699108e-16
   7793.00   5.673996e-16
   7794.00   5.647478e-16
   7795.00   5.620354e-16
   7796.00   5.592724e-16
   7797.00   5.564704e-16
   7798.00   5.536347e-16
   7799.00   5.507927e-16
   7800.00   5.479850e-16
   7801.00   5.451561e-16
   7802.00   5.422914e-16
   7803.00   5.394456e-16
   7804.00   5.366239e-16
   7805.00   5.338079e-16
   7806.00   5.310105e-16
   7807.00   5.282280e-16
   7808.00   5.254347e-16
   7809.00   5.226168e-16
   7810.00   5.197808e-16
   7811.00   5.169890e-16
   7812.00   5.141922e-16
   7813.00   5.113813e-16
   7814.00   5.085750e-16
   7815.00   5.056962e-16
   7816.00   5.027844e-16
   7817.00   4.998011e-16
   7818.00   4.966650e-16
   7819.00   4.935041e-16
   7820.00   4.905811e-16
   7821.00   4.883674e-16
   7822.00   4.865765e-16
   7823.00   4.841259e-16
   7824.00   4.812190e-16
   7825.00   4.785089e-16
   7826.00   4.758721e-16
   7827.00   4.733926e-16
   7828.00   4.708437e-16
   7829.00   4.681313e-16
   7830.00   4.656655e-16
   7831.00   4.631346e-16
   7832.00   4.605552e-16
   7833.00   4.582203e-16
   7834.00   4.558049e-16
   7835.00   4.534447e-16
   7836.00   4.512145e-16
   7837.00   4.489188e-16
   7838.00   4.467146e-16
   7839.00   4.445222e-16
   7840.00   4.423035e-16
   7841.00   4.401865e-16
   7842.00   4.380358e-16
   7843.00   4.357703e-16
   7844.00   4.334546e-16
   7845.00   4.311266e-16
   7846.00   4.288104e-16
   7847.00   4.265030e-16
   7848.00   4.241963e-16
   7849.00   4.218822e-16
   7850.00   4.195376e-16
   7851.00   4.171859e-16
   7852.00   4.148312e-16
   7853.00   4.125087e-16
   7854.00   4.101647e-16
   7855.00   4.077247e-16
   7856.00   4.053570e-16
   7857.00   4.029298e-16
   7858.00   4.004246e-16
   7859.00   3.981238e-16
   7860.00   3.956930e-16
   7861.00   3.931851e-16
   7862.00   3.909015e-16
   7863.00   3.885164e-16
   7864.00   3.860019e-16
   7865.00   3.837268e-16
   7866.00   3.814462e-16
   7867.00   3.789306e-16
   7868.00   3.767177e-16
   7869.00   3.741260e-16
   7870.00   3.714269e-16
   7871.00   3.687004e-16
   7872.00   3.653517e-16
   7873.00   3.616635e-16
   7874.00   3.571633e-16
   7875.00   3.515538e-16
   7876.00   3.471063e-16
   7877.00   3.469032e-16
   7878.00   3.480907e-16
   7879.00   3.462786e-16
   7880.00   3.425228e-16
   7881.00   3.384599e-16
   7882.00   3.342330e-16
   7883.00   3.298924e-16
   7884.00   3.249758e-16
   7885.00   3.200292e-16
   7886.00   3.139842e-16
   7887.00   3.082849e-16
   7888.00   3.015587e-16
   7889.00   2.943837e-16
   7890.00   2.876884e-16
   7891.00   2.794968e-16
   7892.00   2.707649e-16
   7893.00   2.580755e-16
   7894.00   2.443997e-16
   7895.00   2.264049e-16
   7896.00   2.055794e-16
   7897.00   1.838290e-16
   7898.00   1.450217e-16
   7899.00   9.244442e-17
   7900.00   5.135019e-17
   7901.00   7.121929e-17
   7902.00   1.417828e-16
   7903.00   1.852995e-16
   7904.00   1.909562e-16
   7905.00   1.807871e-16
   7906.00   1.747962e-16
   7907.00   1.731975e-16
   7908.00   1.625772e-16
   7909.00   1.517482e-16
   7910.00   1.342768e-16
   7911.00   1.218854e-16
   7912.00   1.253967e-16
   7913.00   1.270745e-16
   7914.00   1.268079e-16
   7915.00   1.253881e-16
   7916.00   1.298603e-16
   7917.00   1.461243e-16
   7918.00   1.598360e-16
   7919.00   1.757287e-16
   7920.00   1.971399e-16
   7921.00   2.104936e-16
   7922.00   2.081737e-16
   7923.00   1.993601e-16
   7924.00   1.947037e-16
   7925.00   1.846844e-16
   7926.00   1.766646e-16
   7927.00   1.759832e-16
   7928.00   1.662466e-16
   7929.00   1.595890e-16
   7930.00   1.624948e-16
   7931.00   1.558715e-16
   7932.00   1.508898e-16
   7933.00   1.575972e-16
   7934.00   1.555757e-16
   7935.00   1.513520e-16
   7936.00   1.584944e-16
   7937.00   1.600992e-16
   7938.00   1.580548e-16
   7939.00   1.639844e-16
   7940.00   1.698717e-16
   7941.00   1.733401e-16
   7942.00   1.747701e-16
   7943.00   1.793660e-16
   7944.00   1.878113e-16
   7945.00   1.872129e-16
   7946.00   1.891246e-16
   7947.00   1.953106e-16
   7948.00   1.931677e-16
   7949.00   1.972083e-16
   7950.00   1.970988e-16
   7951.00   1.930331e-16
   7952.00   1.958257e-16
   7953.00   1.908736e-16
   7954.00   1.909194e-16
   7955.00   1.879191e-16
   7956.00   1.832614e-16
   7957.00   1.822536e-16
   7958.00   1.757859e-16
   7959.00   1.757849e-16
   7960.00   1.712364e-16
   7961.00   1.674093e-16
   7962.00   1.638329e-16
   7963.00   1.589549e-16
   7964.00   1.549866e-16
   7965.00   1.498486e-16
   7966.00   1.473269e-16
   7967.00   1.435452e-16
   7968.00   1.410667e-16
   7969.00   1.377148e-16
   7970.00   1.355655e-16
   7971.00   1.334500e-16
   7972.00   1.337083e-16
   7973.00   1.334888e-16
   7974.00   1.350232e-16
   7975.00   1.364046e-16
   7976.00   1.376927e-16
   7977.00   1.426731e-16
   7978.00   1.473226e-16
   7979.00   1.599805e-16
   7980.00   1.747722e-16
   7981.00   1.812135e-16
   7982.00   1.730838e-16
   7983.00   1.576619e-16
   7984.00   1.414778e-16
   7985.00   1.228588e-16
   7986.00   1.107985e-16
   7987.00   1.044357e-16
   7988.00   9.657240e-17
   7989.00   8.820529e-17
   7990.00   8.178287e-17
   7991.00   7.755315e-17
   7992.00   7.496498e-17
   7993.00   7.343726e-17
   7994.00   7.365252e-17
   7995.00   7.596931e-17
   7996.00   7.997415e-17
   7997.00   8.718801e-17
   7998.00   9.993087e-17
   7999.00   1.229989e-16
   8000.00   1.539204e-16
   8001.00   1.757122e-16
   8002.00   1.819331e-16
   8003.00   1.819590e-16
   8004.00   1.813774e-16
   8005.00   1.806122e-16
   8006.00   1.798320e-16
   8007.00   1.789875e-16
   8008.00   1.780041e-16
   8009.00   1.770206e-16
   8010.00   1.761587e-16
   8011.00   1.752256e-16
   8012.00   1.741338e-16
   8013.00   1.731504e-16
   8014.00   1.723484e-16
   8015.00   1.713091e-16
   8016.00   1.701027e-16
   8017.00   1.692486e-16
   8018.00   1.684647e-16
   8019.00   1.671777e-16
   8020.00   1.659323e-16
   8021.00   1.653325e-16
   8022.00   1.642683e-16
   8023.00   1.626203e-16
   8024.00   1.617124e-16
   8025.00   1.611197e-16
   8026.00   1.593689e-16
   8027.00   1.575804e-16
   8028.00   1.574535e-16
   8029.00   1.560804e-16
   8030.00   1.534531e-16
   8031.00   1.529644e-16
   8032.00   1.523394e-16
   8033.00   1.493185e-16
   8034.00   1.476285e-16
   8035.00   1.478864e-16
   8036.00   1.447553e-16
   8037.00   1.414408e-16
   8038.00   1.425208e-16
   8039.00   1.390517e-16
   8040.00   1.337421e-16
   8041.00   1.359069e-16
   8042.00   1.326826e-16
   8043.00   1.256282e-16
   8044.00   1.287026e-16
   8045.00   1.262917e-16
   8046.00   1.180544e-16
   8047.00   1.211006e-16
   8048.00   1.172361e-16
   8049.00   1.077287e-16
   8050.00   1.109335e-16
   8051.00   1.050247e-16
   8052.00   9.258576e-17
   8053.00   8.937852e-17
   8054.00   7.595457e-17
   8055.00   6.448211e-17
   8056.00   7.216443e-17
   8057.00   8.072210e-17
   8058.00   8.930870e-17
   8059.00   8.793906e-17
   8060.00   7.828987e-17
   8061.00   8.124816e-17
   8062.00   7.797059e-17
   8063.00   7.316802e-17
   8064.00   7.185198e-17
   8065.00   6.547225e-17
   8066.00   6.570174e-17
   8067.00   6.190778e-17
   8068.00   5.915541e-17
   8069.00   5.747493e-17
   8070.00   5.309484e-17
   8071.00   5.224316e-17
   8072.00   4.886439e-17
   8073.00   4.751672e-17
   8074.00   4.630627e-17
   8075.00   4.496311e-17
   8076.00   4.341567e-17
   8077.00   4.156421e-17
   8078.00   4.106939e-17
   8079.00   4.008757e-17
   8080.00   4.044581e-17
   8081.00   4.003579e-17
   8082.00   3.890678e-17
   8083.00   3.865072e-17
   8084.00   3.972510e-17
   8085.00   4.259773e-17
   8086.00   4.442399e-17
   8087.00   5.017359e-17
   8088.00   6.000169e-17
   8089.00   6.357433e-17
   8090.00   5.564553e-17
   8091.00   4.210246e-17
   8092.00   3.171047e-17
   8093.00   2.401130e-17
   8094.00   1.837774e-17
   8095.00   1.520145e-17
   8096.00   1.199280e-17
   8097.00   8.088317e-18
   8098.00   5.764869e-18
   8099.00   4.811226e-18
   8100.00   4.138499e-18
   8101.00   4.071962e-18
   8102.00   3.890819e-18
   8103.00   3.398681e-18
   8104.00   6.526944e-18
   8105.00   1.698027e-17
   8106.00   2.949303e-17
   8107.00   3.374869e-17
   8108.00   3.051115e-17
   8109.00   2.846155e-17
   8110.00   2.801269e-17
   8111.00   2.683034e-17
   8112.00   2.412083e-17
   8113.00   2.200313e-17
   8114.00   2.172003e-17
   8115.00   2.016101e-17
   8116.00   1.941115e-17
   8117.00   1.965567e-17
   8118.00   1.890226e-17
   8119.00   1.895836e-17
   8120.00   1.941379e-17
   8121.00   1.759407e-17
   8122.00   1.437261e-17
   8123.00   1.272625e-17
   8124.00   1.145033e-17
   8125.00   9.284336e-18
   8126.00   7.699830e-18
   8127.00   7.223519e-18
   8128.00   6.472745e-18
   8129.00   5.828747e-18
   8130.00   6.570013e-18
   8131.00   6.603039e-18
   8132.00   6.427903e-18
   8133.00   9.204149e-18
   8134.00   1.209241e-17
   8135.00   1.496800e-17
   8136.00   2.495772e-17
   8137.00   3.173275e-17
   8138.00   2.217261e-17
   8139.00   1.125375e-17
   8140.00   8.450895e-18
   8141.00   5.670959e-18
   8142.00   2.884132e-18
   8143.00   2.437606e-18
   8144.00   1.875854e-18
   8145.00   1.091817e-18
   8146.00   1.028184e-18
   8147.00   8.484696e-19
   8148.00   7.134976e-19
   8149.00   9.423116e-19
   8150.00   8.696520e-19
   8151.00   9.677314e-19
   8152.00   1.375804e-18
   8153.00   2.196976e-18
   8154.00   5.748029e-18
   8155.00   7.900550e-18
   8156.00   5.166555e-18
   8157.00   3.880518e-18
   8158.00   3.660041e-18
   8159.00   2.102766e-18
   8160.00   1.697907e-18
   8161.00   1.291696e-18
   8162.00   7.025290e-19
   8163.00   6.354321e-19
   8164.00   3.842769e-19
   8165.00   2.238183e-19
   8166.00   1.767116e-19
   8167.00   9.055504e-20
   8168.00   6.893987e-20
   8169.00   3.891950e-20
   8170.00   1.729211e-20
   8171.00   1.189600e-20
   8172.00   5.171300e-21
   8173.00   3.488754e-21
   8174.00   1.747711e-21
   8175.00   8.953690e-22
   8176.00   5.106912e-22
   8177.00   2.371043e-22
   8178.00   1.758380e-22
   8179.00   1.223689e-22
   8180.00   8.607959e-23
   8181.00   5.024373e-23
   8182.00   3.736297e-23
   8183.00   2.598480e-23
   8184.00   2.427804e-23
   8185.00   2.556944e-23
   8186.00   2.952776e-23
   8187.00   4.915560e-23
   8188.00   8.123871e-23
   8189.00   5.528077e-22
   8190.00   4.754799e-21
   8191.00   7.568514e-20
   8192.00   1.664349e-19
   8193.00   1.232404e-19
   8194.00   2.914886e-20
   8195.00   9.474286e-22
   8196.00   3.376288e-23
   8197.00   2.352306e-24
   8198.00   2.795330e-25
   8199.00   1.620050e-25
   8200.00   1.224612e-25
   8201.00   9.936344e-26
   8202.00   8.195244e-26
   8203.00   6.944847e-26
   8204.00   6.213029e-26
   8205.00   6.190691e-26
   8206.00   6.694485e-26
   8207.00   7.331144e-26
   8208.00   2.337851e-24
   8209.00   2.638433e-20
   8210.00   4.645685e-19
   8211.00   2.111600e-18
   8212.00   5.227701e-18
   8213.00   8.765758e-18
   8214.00   1.202172e-17
   8215.00   1.552439e-17
   8216.00   1.889904e-17
   8217.00   2.106944e-17
   8218.00   2.346973e-17
   8219.00   2.787507e-17
   8220.00   3.082201e-17
   8221.00   2.921365e-17
   8222.00   2.663010e-17
   8223.00   2.551128e-17
   8224.00   2.238824e-17
   8225.00   1.801809e-17
   8226.00   1.687271e-17
   8227.00   1.595572e-17
   8228.00   1.260795e-17
   8229.00   1.103462e-17
   8230.00   1.186782e-17
   8231.00   1.049581e-17
   8232.00   8.742440e-18
   8233.00   1.035929e-17
   8234.00   1.090434e-17
   8235.00   1.065678e-17
   8236.00   1.521161e-17
   8237.00   1.914243e-17
   8238.00   1.572470e-17
   8239.00   1.286703e-17
   8240.00   1.471900e-17
   8241.00   1.224063e-17
   8242.00   8.463753e-18
   8243.00   9.904558e-18
   8244.00   8.957765e-18
   8245.00   5.875158e-18
   8246.00   6.660413e-18
   8247.00   6.568267e-18
   8248.00   3.965643e-18
   8249.00   3.845846e-18
   8250.00   4.026896e-18
   8251.00   2.490827e-18
   8252.00   2.265038e-18
   8253.00   1.988003e-18
   8254.00   9.837374e-19
   8255.00   9.032292e-19
   8256.00   8.264218e-19
   8257.00   4.501243e-19
   8258.00   3.757460e-19
   8259.00   2.594769e-19
   8260.00   9.953413e-20
   8261.00   8.946476e-20
   8262.00   6.181366e-20
   8263.00   3.778435e-20
   8264.00   3.266464e-20
   8265.00   1.448411e-20
   8266.00   5.060990e-21
   8267.00   4.306686e-21
   8268.00   2.358818e-21
   8269.00   1.680800e-21
   8270.00   8.793903e-22
   8271.00   4.634335e-22
   8272.00   3.448478e-22
   8273.00   1.207571e-22
   8274.00   6.187338e-23
   8275.00   4.141093e-23
   8276.00   3.089288e-23
   8277.00   1.782092e-23
   8278.00   6.935974e-24
   8279.00   4.365662e-24
   8280.00   1.566710e-24
   8281.00   9.296322e-25
   8282.00   5.067059e-25
   8283.00   3.819603e-25
   8284.00   3.088658e-25
   8285.00   2.708929e-25
   8286.00   2.324663e-25
   8287.00   2.216760e-25
   8288.00   2.404829e-25
   8289.00   3.451423e-25
   8290.00   1.269640e-24
   8291.00   3.782180e-24
   8292.00   2.032124e-21
   8293.00   7.939041e-21
   8294.00   9.848030e-21
   8295.00   3.999046e-21
   8296.00   6.745771e-23
   8297.00   5.912248e-24
   8298.00   1.140109e-25
   8299.00   5.056705e-26
   8300.00   3.490175e-26
   8301.00   2.627016e-26
   8302.00   2.003939e-26
   8303.00   1.575482e-26
   8304.00   1.312224e-26
   8305.00   1.140822e-26
   8306.00   1.055478e-26
   8307.00   1.041955e-26
   8308.00   1.027732e-26
   8309.00   2.875617e-22
   8310.00   2.897271e-20
   8311.00   2.753807e-19
   8312.00   1.157682e-18
   8313.00   2.954989e-18
   8314.00   5.426735e-18
   8315.00   8.075920e-18
   8316.00   1.067764e-17
   8317.00   1.316441e-17
   8318.00   1.517884e-17
   8319.00   1.713461e-17
   8320.00   1.877499e-17
   8321.00   2.012850e-17
   8322.00   2.118669e-17
   8323.00   2.208897e-17
   8324.00   2.306581e-17
   8325.00   2.381550e-17
   8326.00   2.443563e-17
   8327.00   2.492105e-17
   8328.00   2.539789e-17
   8329.00   2.580015e-17
   8330.00   2.609259e-17
   8331.00   2.639831e-17
   8332.00   2.665976e-17
   8333.00   2.682700e-17
   8334.00   2.699038e-17
   8335.00   2.712163e-17
   8336.00   2.722748e-17
   8337.00   2.732051e-17
   8338.00   2.738995e-17
   8339.00   2.743821e-17
   8340.00   2.747081e-17
   8341.00   2.749205e-17
   8342.00   2.749532e-17
   8343.00   2.748029e-17
   8344.00   2.745042e-17
   8345.00   2.742090e-17
   8346.00   2.737448e-17
   8347.00   2.730015e-17
   8348.00   2.725053e-17
   8349.00   2.719774e-17
   8350.00   2.711190e-17
   8351.00   2.701414e-17
   8352.00   2.692905e-17
   8353.00   2.685167e-17
   8354.00   2.675058e-17
   8355.00   2.665260e-17
   8356.00   2.655813e-17
   8357.00   2.645536e-17
   8358.00   2.635141e-17
   8359.00   2.624550e-17
   8360.00   2.613169e-17
   8361.00   2.600474e-17
   8362.00   2.592675e-17
   8363.00   2.581402e-17
   8364.00   2.568844e-17
   8365.00   2.558152e-17
   8366.00   2.544739e-17
   8367.00   2.532049e-17
   8368.00   2.523401e-17
   8369.00   2.513852e-17
   8370.00   2.499391e-17
   8371.00   2.483107e-17
   8372.00   2.474010e-17
   8373.00   2.466020e-17
   8374.00   2.452239e-17
   8375.00   2.439528e-17
   8376.00   2.426693e-17
   8377.00   2.416299e-17
   8378.00   2.407991e-17
   8379.00   2.388122e-17
   8380.00   2.375039e-17
   8381.00   2.367190e-17
   8382.00   2.356306e-17
   8383.00   2.343935e-17
   8384.00   2.332273e-17
   8385.00   2.322422e-17
   8386.00   2.310881e-17
   8387.00   2.296254e-17
   8388.00   2.284385e-17
   8389.00   2.270925e-17
   8390.00   2.260482e-17
   8391.00   2.252147e-17
   8392.00   2.239786e-17
   8393.00   2.224116e-17
   8394.00   2.214656e-17
   8395.00   2.204574e-17
   8396.00   2.191103e-17
   8397.00   2.179804e-17
   8398.00   2.167090e-17
   8399.00   2.158042e-17
   8400.00   2.146417e-17
   8401.00   2.131123e-17
   8402.00   2.120383e-17
   8403.00   2.111245e-17
   8404.00   2.101313e-17
   8405.00   2.092324e-17
   8406.00   2.081671e-17
   8407.00   2.067558e-17
   8408.00   2.054492e-17
   8409.00   2.046043e-17
   8410.00   2.037230e-17
   8411.00   2.024410e-17
   8412.00   2.013505e-17
   8413.00   2.002729e-17
   8414.00   1.994167e-17
   8415.00   1.981519e-17
   8416.00   1.968548e-17
   8417.00   1.961571e-17
   8418.00   1.951505e-17
   8419.00   1.939384e-17
   8420.00   1.926706e-17
   8421.00   1.918520e-17
   8422.00   1.910426e-17
   8423.00   1.898396e-17
   8424.00   1.886929e-17
   8425.00   1.877738e-17
   8426.00   1.870718e-17
   8427.00   1.857580e-17
   8428.00   1.846514e-17
   8429.00   1.839250e-17
   8430.00   1.829042e-17
   8431.00   1.815861e-17
   8432.00   1.807327e-17
   8433.00   1.800245e-17
   8434.00   1.790329e-17
   8435.00   1.779952e-17
   8436.00   1.770388e-17
   8437.00   1.760425e-17
   8438.00   1.752715e-17
   8439.00   1.745142e-17
   8440.00   1.732140e-17
   8441.00   1.722666e-17
   8442.00   1.713787e-17
   8443.00   1.702931e-17
   8444.00   1.695152e-17
   8445.00   1.687605e-17
   8446.00   1.676143e-17
   8447.00   1.668565e-17
   8448.00   1.658917e-17
   8449.00   1.647132e-17
   8450.00   1.641396e-17
   8451.00   1.633824e-17
   8452.00   1.623484e-17
   8453.00   1.616510e-17
   8454.00   1.608633e-17
   8455.00   1.597653e-17
   8456.00   1.589144e-17
   8457.00   1.580640e-17
   8458.00   1.572550e-17
   8459.00   1.564310e-17
   8460.00   1.555404e-17
   8461.00   1.544787e-17
   8462.00   1.538166e-17
   8463.00   1.531047e-17
   8464.00   1.517232e-17
   8465.00   1.511270e-17
   8466.00   1.506450e-17
   8467.00   1.498703e-17
   8468.00   1.489959e-17
   8469.00   1.481992e-17
   8470.00   1.474029e-17
   8471.00   1.466067e-17
   8472.00   1.458110e-17
   8473.00   1.450157e-17
   8474.00   1.442194e-17
   8475.00   1.434804e-17
   8476.00   1.429334e-17
   8477.00   1.418941e-17
   8478.00   1.407319e-17
   8479.00   1.403656e-17
   8480.00   1.397469e-17
   8481.00   1.388616e-17
   8482.00   1.381156e-17
   8483.00   1.373699e-17
   8484.00   1.366221e-17
   8485.00   1.358503e-17
   8486.00   1.352144e-17
   8487.00   1.346392e-17
   8488.00   1.338184e-17
   8489.00   1.329683e-17
   8490.00   1.323717e-17
   8491.00   1.316876e-17
   8492.00   1.302150e-17
   8493.00   1.297570e-17
   8494.00   1.294409e-17
   8495.00   1.288588e-17
   8496.00   1.280673e-17
   8497.00   1.273868e-17
   8498.00   1.267064e-17
   8499.00   1.260265e-17
   8500.00   1.253469e-17
   8501.00   1.246674e-17
   8502.00   1.239885e-17
   8503.00   1.233098e-17
   8504.00   1.226313e-17
   8505.00   1.219500e-17
   8506.00   1.213610e-17
   8507.00   1.208475e-17
   8508.00   1.199678e-17
   8509.00   1.192429e-17
   8510.00   1.187391e-17
   8511.00   1.180420e-17
   8512.00   1.174067e-17
   8513.00   1.167716e-17
   8514.00   1.161231e-17
   8515.00   1.155863e-17
   8516.00   1.151482e-17
   8517.00   1.144617e-17
   8518.00   1.136241e-17
   8519.00   1.130321e-17
   8520.00   1.124202e-17
   8521.00   1.118091e-17
   8522.00   1.111726e-17
   8523.00   1.105608e-17
   8524.00   1.099975e-17
   8525.00   1.093929e-17
   8526.00   1.087619e-17
   8527.00   1.082135e-17
   8528.00   1.076393e-17
   8529.00   1.070197e-17
   8530.00   1.063940e-17
   8531.00   1.058648e-17
   8532.00   1.053685e-17
   8533.00   1.047865e-17
   8534.00   1.042106e-17
   8535.00   1.036297e-17
   8536.00   1.030518e-17
   8537.00   1.025009e-17
   8538.00   1.019537e-17
   8539.00   1.013951e-17
   8540.00   1.008406e-17
   8541.00   1.003107e-17
   8542.00   9.976284e-18
   8543.00   9.921833e-18
   8544.00   9.869720e-18
   8545.00   9.815779e-18
   8546.00   9.761934e-18
   8547.00   9.709864e-18
   8548.00   9.657336e-18
   8549.00   9.604759e-18
   8550.00   9.553597e-18
   8551.00   9.501699e-18
   8552.00   9.449965e-18
   8553.00   9.399444e-18
   8554.00   9.348461e-18
   8555.00   9.297717e-18
   8556.00   9.248075e-18
   8557.00   9.197844e-18
   8558.00   9.148028e-18
   8559.00   9.098876e-18
   8560.00   9.049835e-18
   8561.00   9.000656e-18
   8562.00   8.951108e-18
   8563.00   8.902769e-18
   8564.00   8.854629e-18
   8565.00   8.806434e-18
   8566.00   8.759663e-18
   8567.00   8.705180e-18
   8568.00   8.658650e-18
   8569.00   8.624473e-18
   8570.00   8.555887e-18
   8571.00   8.515002e-18
   8572.00   8.486707e-18
   8573.00   8.440055e-18
   8574.00   8.388984e-18
   8575.00   8.348276e-18
   8576.00   8.313304e-18
   8577.00   8.257981e-18
   8578.00   8.198921e-18
   8579.00   8.167735e-18
   8580.00   8.125350e-18
   8581.00   8.077901e-18
   8582.00   8.040721e-18
   8583.00   7.992290e-18
   8584.00   7.947957e-18
   8585.00   7.905139e-18
   8586.00   7.859180e-18
   8587.00   7.817994e-18
   8588.00   7.774780e-18
   8589.00   7.728642e-18
   8590.00   7.682009e-18
   8591.00   7.639855e-18
   8592.00   7.604904e-18
   8593.00   7.565244e-18
   8594.00   7.511932e-18
   8595.00   7.477780e-18
   8596.00   7.447125e-18
   8597.00   7.409476e-18
   8598.00   7.367664e-18
   8599.00   7.326803e-18
   8600.00   7.287113e-18
   8601.00   7.247924e-18
   8602.00   7.216664e-18
   8603.00   7.178968e-18
   8604.00   7.121948e-18
   8605.00   7.089287e-18
   8606.00   7.054808e-18
   8607.00   7.014608e-18
   8608.00   6.982091e-18
   8609.00   6.946345e-18
   8610.00   6.896624e-18
   8611.00   6.855188e-18
   8612.00   6.828932e-18
   8613.00   6.793877e-18
   8614.00   6.752984e-18
   8615.00   6.721639e-18
   8616.00   6.681050e-18
   8617.00   6.642630e-18
   8618.00   6.607848e-18
   8619.00   6.567284e-18
   8620.00   6.534150e-18
   8621.00   6.504866e-18
   8622.00   6.469320e-18
   8623.00   6.433863e-18
   8624.00   6.393635e-18
   8625.00   6.362953e-18
   8626.00   6.328740e-18
   8627.00   6.292697e-18
   8628.00   6.253255e-18
   8629.00   6.221621e-18
   8630.00   6.197282e-18
   8631.00   6.159179e-18
   8632.00   6.121011e-18
   8633.00   6.092694e-18
   8634.00   6.061949e-18
   8635.00   6.026944e-18
   8636.00   5.999480e-18
   8637.00   5.963364e-18
   8638.00   5.928995e-18
   8639.00   5.900345e-18
   8640.00   5.866030e-18
   8641.00   5.831363e-18
   8642.00   5.800001e-18
   8643.00   5.772156e-18
   8644.00   5.741626e-18
   8645.00   5.709219e-18
   8646.00   5.674300e-18
   8647.00   5.641702e-18
   8648.00   5.616176e-18
   8649.00   5.588528e-18
   8650.00   5.556083e-18
   8651.00   5.526478e-18
   8652.00   5.495223e-18
   8653.00   5.465207e-18
   8654.00   5.434792e-18
   8655.00   5.404801e-18
   8656.00   5.375597e-18
   8657.00   5.346045e-18
   8658.00   5.316841e-18
   8659.00   5.287775e-18
   8660.00   5.258794e-18
   8661.00   5.229738e-18
   8662.00   5.200514e-18
   8663.00   5.172242e-18
   8664.00   5.143953e-18
   8665.00   5.115958e-18
   8666.00   5.088350e-18
   8667.00   5.060747e-18
   8668.00   5.033913e-18
   8669.00   5.007064e-18
   8670.00   4.980749e-18
   8671.00   4.954694e-18
   8672.00   4.928562e-18
   8673.00   4.903352e-18
   8674.00   4.877099e-18
   8675.00   4.849803e-18
   8676.00   4.823824e-18
   8677.00   4.798765e-18
   8678.00   4.772553e-18
   8679.00   4.745576e-18
   8680.00   4.720129e-18
   8681.00   4.694201e-18
   8682.00   4.667045e-18
   8683.00   4.641071e-18
   8684.00   4.615280e-18
   8685.00   4.589424e-18
   8686.00   4.564822e-18
   8687.00   4.540280e-18
   8688.00   4.515256e-18
   8689.00   4.490969e-18
   8690.00   4.467173e-18
   8691.00   4.443083e-18
   8692.00   4.419172e-18
   8693.00   4.395781e-18
   8694.00   4.372303e-18
   8695.00   4.348704e-18
   8696.00   4.324955e-18
   8697.00   4.301620e-18
   8698.00   4.279423e-18
   8699.00   4.257796e-18
   8700.00   4.232398e-18
   8701.00   4.212398e-18
   8702.00   4.191153e-18
   8703.00   4.167187e-18
   8704.00   4.146112e-18
   8705.00   4.121972e-18
   8706.00   4.100257e-18
   8707.00   4.069920e-18
   8708.00   4.054770e-18
   8709.00   4.039265e-18
   8710.00   4.010655e-18
   8711.00   3.991438e-18
   8712.00   3.972313e-18
   8713.00   3.946485e-18
   8714.00   3.923977e-18
   8715.00   3.902311e-18
   8716.00   3.881544e-18
   8717.00   3.860402e-18
   8718.00   3.839461e-18
   8719.00   3.818899e-18
   8720.00   3.797228e-18
   8721.00   3.775840e-18
   8722.00   3.756581e-18
   8723.00   3.737436e-18
   8724.00   3.717565e-18
   8725.00   3.697060e-18
   8726.00   3.676280e-18
   8727.00   3.656903e-18
   8728.00   3.637568e-18
   8729.00   3.617169e-18
   8730.00   3.596903e-18
   8731.00   3.578097e-18
   8732.00   3.559438e-18
   8733.00   3.539505e-18
   8734.00   3.519840e-18
   8735.00   3.501972e-18
   8736.00   3.483359e-18
   8737.00   3.463300e-18
   8738.00   3.443070e-18
   8739.00   3.424019e-18
   8740.00   3.407558e-18
   8741.00   3.390105e-18
   8742.00   3.371045e-18
   8743.00   3.348108e-18
   8744.00   3.329887e-18
   8745.00   3.316928e-18
   8746.00   3.303790e-18
   8747.00   3.284674e-18
   8748.00   3.265207e-18
   8749.00   3.248331e-18
   8750.00   3.229076e-18
   8751.00   3.211107e-18
   8752.00   3.194317e-18
   8753.00   3.177079e-18
   8754.00   3.158472e-18
   8755.00   3.140063e-18
   8756.00   3.124986e-18
   8757.00   3.110473e-18
   8758.00   3.092172e-18
   8759.00   3.074561e-18
   8760.00   3.056384e-18
   8761.00   3.041577e-18
   8762.00   3.025708e-18
   8763.00   3.008388e-18
   8764.00   2.991610e-18
   8765.00   2.973923e-18
   8766.00   2.959151e-18
   8767.00   2.943131e-18
   8768.00   2.928299e-18
   8769.00   2.912312e-18
   8770.00   2.895888e-18
   8771.00   2.880771e-18
   8772.00   2.863860e-18
   8773.00   2.848261e-18
   8774.00   2.828092e-18
   8775.00   2.814015e-18
   8776.00   2.804529e-18
   8777.00   2.790238e-18
   8778.00   2.771681e-18
   8779.00   2.759865e-18
   8780.00   2.745770e-18
   8781.00   2.728092e-18
   8782.00   2.713461e-18
   8783.00   2.696613e-18
   8784.00   2.682284e-18
   8785.00   2.668558e-18
   8786.00   2.654402e-18
   8787.00   2.639865e-18
   8788.00   2.625360e-18
   8789.00   2.610864e-18
   8790.00   2.596314e-18
   8791.00   2.582195e-18
   8792.00   2.568106e-18
   8793.00   2.554152e-18
   8794.00   2.540153e-18
   8795.00   2.526213e-18
   8796.00   2.512335e-18
   8797.00   2.498385e-18
   8798.00   2.484714e-18
   8799.00   2.470980e-18
   8800.00   2.457318e-18
   8801.00   2.442602e-18
   8802.00   2.428009e-18
   8803.00   2.415238e-18
   8804.00   2.402913e-18
   8805.00   2.389639e-18
   8806.00   2.376056e-18
   8807.00   2.362344e-18
   8808.00   2.348452e-18
   8809.00   2.334957e-18
   8810.00   2.321125e-18
   8811.00   2.306977e-18
   8812.00   2.293412e-18
   8813.00   2.280285e-18
   8814.00   2.267869e-18
   8815.00   2.256095e-18
   8816.00   2.243363e-18
   8817.00   2.230578e-18
   8818.00   2.217897e-18
   8819.00   2.205778e-18
   8820.00   2.193304e-18
   8821.00   2.181278e-18
   8822.00   2.169655e-18
   8823.00   2.157882e-18
   8824.00   2.146742e-18
   8825.00   2.135364e-18
   8826.00   2.125622e-18
   8827.00   2.115454e-18
   8828.00   2.105276e-18
   8829.00   2.095915e-18
   8830.00   2.086082e-18
   8831.00   2.076471e-18
   8832.00   2.065371e-18
   8833.00   2.052430e-18
   8834.00   2.038548e-18
   8835.00   2.025074e-18
   8836.00   2.012517e-18
   8837.00   1.998863e-18
   8838.00   1.985405e-18
   8839.00   1.974307e-18
   8840.00   1.963406e-18
   8841.00   1.951258e-18
   8842.00   1.939519e-18
   8843.00   1.929542e-18
   8844.00   1.920334e-18
   8845.00   1.910889e-18
   8846.00   1.901466e-18
   8847.00   1.892162e-18
   8848.00   1.883161e-18
   8849.00   1.874684e-18
   8850.00   1.865894e-18
   8851.00   1.856423e-18
   8852.00   1.847716e-18
   8853.00   1.839912e-18
   8854.00   1.831605e-18
   8855.00   1.822615e-18
   8856.00   1.813304e-18
   8857.00   1.804009e-18
   8858.00   1.795246e-18
   8859.00   1.786435e-18
   8860.00   1.776495e-18
   8861.00   1.766294e-18
   8862.00   1.756975e-18
   8863.00   1.747611e-18
   8864.00   1.737657e-18
   8865.00   1.727476e-18
   8866.00   1.717446e-18
   8867.00   1.708583e-18
   8868.00   1.700058e-18
   8869.00   1.690659e-18
   8870.00   1.681319e-18
   8871.00   1.672378e-18
   8872.00   1.663615e-18
   8873.00   1.654496e-18
   8874.00   1.645345e-18
   8875.00   1.636846e-18
   8876.00   1.627798e-18
   8877.00   1.618956e-18
   8878.00   1.610216e-18
   8879.00   1.600997e-18
   8880.00   1.592618e-18
   8881.00   1.584164e-18
   8882.00   1.575321e-18
   8883.00   1.566560e-18
   8884.00   1.557779e-18
   8885.00   1.549018e-18
   8886.00   1.540782e-18
   8887.00   1.533094e-18
   8888.00   1.525129e-18
   8889.00   1.516766e-18
   8890.00   1.508759e-18
   8891.00   1.500562e-18
   8892.00   1.492213e-18
   8893.00   1.484223e-18
   8894.00   1.476362e-18
   8895.00   1.468383e-18
   8896.00   1.460218e-18
   8897.00   1.452152e-18
   8898.00   1.443869e-18
   8899.00   1.436047e-18
   8900.00   1.428701e-18
   8901.00   1.421133e-18
   8902.00   1.413821e-18
   8903.00   1.405833e-18
   8904.00   1.397923e-18
   8905.00   1.390512e-18
   8906.00   1.382658e-18
   8907.00   1.375288e-18
   8908.00   1.367790e-18
   8909.00   1.360094e-18
   8910.00   1.352962e-18
   8911.00   1.345988e-18
   8912.00   1.338528e-18
   8913.00   1.331134e-18
   8914.00   1.324147e-18
   8915.00   1.317306e-18
   8916.00   1.309899e-18
   8917.00   1.302577e-18
   8918.00   1.295748e-18
   8919.00   1.288768e-18
   8920.00   1.281758e-18
   8921.00   1.274765e-18
   8922.00   1.267743e-18
   8923.00   1.260758e-18
   8924.00   1.253717e-18
   8925.00   1.246466e-18
   8926.00   1.239458e-18
   8927.00   1.232846e-18
   8928.00   1.226345e-18
   8929.00   1.219714e-18
   8930.00   1.212976e-18
   8931.00   1.206285e-18
   8932.00   1.199753e-18
   8933.00   1.193136e-18
   8934.00   1.186471e-18
   8935.00   1.179928e-18
   8936.00   1.173415e-18
   8937.00   1.166889e-18
   8938.00   1.160422e-18
   8939.00   1.153975e-18
   8940.00   1.147487e-18
   8941.00   1.140955e-18
   8942.00   1.134608e-18
   8943.00   1.128342e-18
   8944.00   1.121859e-18
   8945.00   1.115283e-18
   8946.00   1.108940e-18
   8947.00   1.102649e-18
   8948.00   1.096182e-18
   8949.00   1.089949e-18
   8950.00   1.083666e-18
   8951.00   1.077640e-18
   8952.00   1.071458e-18
   8953.00   1.065439e-18
   8954.00   1.059464e-18
   8955.00   1.053609e-18
   8956.00   1.047935e-18
   8957.00   1.042014e-18
   8958.00   1.036884e-18
   8959.00   1.031540e-18
   8960.00   1.026563e-18
   8961.00   1.021869e-18
   8962.00   1.016759e-18
   8963.00   1.012165e-18
   8964.00   1.007652e-18
   8965.00   1.002791e-18
   8966.00   9.969945e-19
   8967.00   9.907019e-19
   8968.00   9.842772e-19
   8969.00   9.776092e-19
   8970.00   9.716469e-19
   8971.00   9.656373e-19
   8972.00   9.591709e-19
   8973.00   9.536380e-19
   8974.00   9.487256e-19
   8975.00   9.431829e-19
   8976.00   9.374633e-19
   8977.00   9.326204e-19
   8978.00   9.282805e-19
   8979.00   9.237503e-19
   8980.00   9.191423e-19
   8981.00   9.146616e-19
   8982.00   9.103483e-19
   8983.00   9.061730e-19
   8984.00   9.019930e-19
   8985.00   8.977406e-19
   8986.00   8.934400e-19
   8987.00   8.890052e-19
   8988.00   8.844626e-19
   8989.00   8.798986e-19
   8990.00   8.751928e-19
   8991.00   8.703935e-19
   8992.00   8.656494e-19
   8993.00   8.603701e-19
   8994.00   8.564424e-19
   8995.00   8.526886e-19
   8996.00   8.477283e-19
   8997.00   8.430729e-19
   8998.00   8.383302e-19
   8999.00   8.339750e-19
   9000.00   8.293881e-19
   9001.00   8.246803e-19
   9002.00   8.204315e-19
   9003.00   8.157542e-19
   9004.00   8.109009e-19
   9005.00   8.068060e-19
   9006.00   8.018796e-19
   9007.00   7.975793e-19
   9008.00   7.947424e-19
   9009.00   7.897955e-19
   9010.00   7.849806e-19
   9011.00   7.820553e-19
   9012.00   7.775797e-19
   9013.00   7.718775e-19
   9014.00   7.676189e-19
   9015.00   7.646475e-19
   9016.00   7.609490e-19
   9017.00   7.562861e-19
   9018.00   7.527434e-19
   9019.00   7.488773e-19
   9020.00   7.438428e-19
   9021.00   7.399574e-19
   9022.00   7.360049e-19
   9023.00   7.318589e-19
   9024.00   7.274641e-19
   9025.00   7.236861e-19
   9026.00   7.202863e-19
   9027.00   7.146098e-19
   9028.00   7.110075e-19
   9029.00   7.081138e-19
   9030.00   7.044682e-19
   9031.00   7.005809e-19
   9032.00   6.967879e-19
   9033.00   6.929952e-19
   9034.00   6.890985e-19
   9035.00   6.860636e-19
   9036.00   6.832237e-19
   9037.00   6.787623e-19
   9038.00   6.743052e-19
   9039.00   6.705669e-19
   9040.00   6.672121e-19
   9041.00   6.626717e-19
   9042.00   6.590384e-19
   9043.00   6.566050e-19
   9044.00   6.530681e-19
   9045.00   6.485861e-19
   9046.00   6.451250e-19
   9047.00   6.424172e-19
   9048.00   6.392139e-19
   9049.00   6.350125e-19
   9050.00   6.318623e-19
   9051.00   6.286680e-19
   9052.00   6.249652e-19
   9053.00   6.215785e-19
   9054.00   6.184986e-19
   9055.00   6.150005e-19
   9056.00   6.099336e-19
   9057.00   6.077098e-19
   9058.00   6.053506e-19
   9059.00   6.016389e-19
   9060.00   5.982887e-19
   9061.00   5.951928e-19
   9062.00   5.927127e-19
   9063.00   5.894948e-19
   9064.00   5.856142e-19
   9065.00   5.824855e-19
   9066.00   5.790933e-19
   9067.00   5.760884e-19
   9068.00   5.729123e-19
   9069.00   5.697781e-19
   9070.00   5.666939e-19
   9071.00   5.636131e-19
   9072.00   5.605581e-19
   9073.00   5.575236e-19
   9074.00   5.544644e-19
   9075.00   5.514077e-19
   9076.00   5.484100e-19
   9077.00   5.454364e-19
   9078.00   5.424682e-19
   9079.00   5.394856e-19
   9080.00   5.364919e-19
   9081.00   5.335457e-19
   9082.00   5.306381e-19
   9083.00   5.277541e-19
   9084.00   5.248837e-19
   9085.00   5.219795e-19
   9086.00   5.191149e-19
   9087.00   5.163555e-19
   9088.00   5.136093e-19
   9089.00   5.108385e-19
   9090.00   5.081091e-19
   9091.00   5.054344e-19
   9092.00   5.027541e-19
   9093.00   5.000404e-19
   9094.00   4.973302e-19
   9095.00   4.946737e-19
   9096.00   4.920010e-19
   9097.00   4.892586e-19
   9098.00   4.866216e-19
   9099.00   4.840433e-19
   9100.00   4.815193e-19
   9101.00   4.789095e-19
   9102.00   4.761700e-19
   9103.00   4.735540e-19
   9104.00   4.709402e-19
   9105.00   4.682955e-19
   9106.00   4.656543e-19
   9107.00   4.630444e-19
   9108.00   4.605027e-19
   9109.00   4.580023e-19
   9110.00   4.555063e-19
   9111.00   4.529996e-19
   9112.00   4.505444e-19
   9113.00   4.481438e-19
   9114.00   4.458168e-19
   9115.00   4.434860e-19
   9116.00   4.410087e-19
   9117.00   4.385757e-19
   9118.00   4.361796e-19
   9119.00   4.337345e-19
   9120.00   4.312498e-19
   9121.00   4.285500e-19
   9122.00   4.258639e-19
   9123.00   4.234190e-19
   9124.00   4.209757e-19
   9125.00   4.185525e-19
   9126.00   4.161164e-19
   9127.00   4.136793e-19
   9128.00   4.113982e-19
   9129.00   4.090943e-19
   9130.00   4.069355e-19
   9131.00   4.047886e-19
   9132.00   4.026613e-19
   9133.00   4.005092e-19
   9134.00   3.982848e-19
   9135.00   3.962383e-19
   9136.00   3.940578e-19
   9137.00   3.918750e-19
   9138.00   3.895998e-19
   9139.00   3.873439e-19
   9140.00   3.850736e-19
   9141.00   3.827065e-19
   9142.00   3.803391e-19
   9143.00   3.780136e-19
   9144.00   3.758667e-19
   9145.00   3.736349e-19
   9146.00   3.714551e-19
   9147.00   3.693636e-19
   9148.00   3.673592e-19
   9149.00   3.653126e-19
   9150.00   3.634435e-19
   9151.00   3.616203e-19
   9152.00   3.597528e-19
   9153.00   3.580285e-19
   9154.00   3.562687e-19
   9155.00   3.547598e-19
   9156.00   3.532044e-19
   9157.00   3.516504e-19
   9158.00   3.501972e-19
   9159.00   3.484521e-19
   9160.00   3.463235e-19
   9161.00   3.439757e-19
   9162.00   3.417336e-19
   9163.00   3.393460e-19
   9164.00   3.368144e-19
   9165.00   3.346100e-19
   9166.00   3.325545e-19
   9167.00   3.303879e-19
   9168.00   3.282465e-19
   9169.00   3.262502e-19
   9170.00   3.244400e-19
   9171.00   3.227909e-19
   9172.00   3.212496e-19
   9173.00   3.198286e-19
   9174.00   3.185435e-19
   9175.00   3.172920e-19
   9176.00   3.160436e-19
   9177.00   3.148339e-19
   9178.00   3.136014e-19
   9179.00   3.123316e-19
   9180.00   3.109929e-19
   9181.00   3.094250e-19
   9182.00   3.075188e-19
   9183.00   3.058074e-19
   9184.00   3.043551e-19
   9185.00   3.028782e-19
   9186.00   3.011765e-19
   9187.00   2.989861e-19
   9188.00   2.976977e-19
   9189.00   2.963927e-19
   9190.00   2.947678e-19
   9191.00   2.932700e-19
   9192.00   2.916197e-19
   9193.00   2.899715e-19
   9194.00   2.883995e-19
   9195.00   2.868281e-19
   9196.00   2.852239e-19
   9197.00   2.839884e-19
   9198.00   2.827460e-19
   9199.00   2.806166e-19
   9200.00   2.790955e-19
   9201.00   2.775826e-19
   9202.00   2.760755e-19
   9203.00   2.745788e-19
   9204.00   2.730926e-19
   9205.00   2.716114e-19
   9206.00   2.701344e-19
   9207.00   2.686590e-19
   9208.00   2.671882e-19
   9209.00   2.657356e-19
   9210.00   2.642911e-19
   9211.00   2.628443e-19
   9212.00   2.614133e-19
   9213.00   2.599896e-19
   9214.00   2.585624e-19
   9215.00   2.571488e-19
   9216.00   2.557563e-19
   9217.00   2.543630e-19
   9218.00   2.529753e-19
   9219.00   2.516087e-19
   9220.00   2.502406e-19
   9221.00   2.488693e-19
   9222.00   2.474950e-19
   9223.00   2.461161e-19
   9224.00   2.447751e-19
   9225.00   2.434434e-19
   9226.00   2.420851e-19
   9227.00   2.407519e-19
   9228.00   2.394348e-19
   9229.00   2.381131e-19
   9230.00   2.367922e-19
   9231.00   2.354746e-19
   9232.00   2.341809e-19
   9233.00   2.328707e-19
   9234.00   2.315569e-19
   9235.00   2.302903e-19
   9236.00   2.290085e-19
   9237.00   2.277066e-19
   9238.00   2.264450e-19
   9239.00   2.252033e-19
   9240.00   2.239143e-19
   9241.00   2.226352e-19
   9242.00   2.214236e-19
   9243.00   2.201653e-19
   9244.00   2.188633e-19
   9245.00   2.176749e-19
   9246.00   2.164784e-19
   9247.00   2.151800e-19
   9248.00   2.140090e-19
   9249.00   2.128561e-19
   9250.00   2.115594e-19
   9251.00   2.103855e-19
   9252.00   2.093054e-19
   9253.00   2.080173e-19
   9254.00   2.068137e-19
   9255.00   2.058299e-19
   9256.00   2.044961e-19
   9257.00   2.032163e-19
   9258.00   2.023415e-19
   9259.00   2.010214e-19
   9260.00   1.997424e-19
   9261.00   1.987895e-19
   9262.00   1.972599e-19
   9263.00   1.959985e-19
   9264.00   1.948855e-19
   9265.00   1.930520e-19
   9266.00   1.919912e-19
   9267.00   1.907151e-19
   9268.00   1.886755e-19
   9269.00   1.879570e-19
   9270.00   1.863983e-19
   9271.00   1.843976e-19
   9272.00   1.836474e-19
   9273.00   1.818594e-19
   9274.00   1.806941e-19
   9275.00   1.793015e-19
   9276.00   1.771092e-19
   9277.00   1.763014e-19
   9278.00   1.746585e-19
   9279.00   1.733700e-19
   9280.00   1.718220e-19
   9281.00   1.701194e-19
   9282.00   1.686047e-19
   9283.00   1.664362e-19
   9284.00   1.654472e-19
   9285.00   1.637528e-19
   9286.00   1.623802e-19
   9287.00   1.609047e-19
   9288.00   1.593050e-19
   9289.00   1.582803e-19
   9290.00   1.567881e-19
   9291.00   1.559452e-19
   9292.00   1.547993e-19
   9293.00   1.539756e-19
   9294.00   1.534363e-19
   9295.00   1.530111e-19
   9296.00   1.527437e-19
   9297.00   1.521564e-19
   9298.00   1.521047e-19
   9299.00   1.515900e-19
   9300.00   1.513915e-19
   9301.00   1.515297e-19
   9302.00   1.505823e-19
   9303.00   1.482886e-19
   9304.00   1.451624e-19
   9305.00   1.420237e-19
   9306.00   1.381882e-19
   9307.00   1.346975e-19
   9308.00   1.324962e-19
   9309.00   1.304355e-19
   9310.00   1.282805e-19
   9311.00   1.266196e-19
   9312.00   1.255922e-19
   9313.00   1.252932e-19
   9314.00   1.256912e-19
   9315.00   1.267703e-19
   9316.00   1.283743e-19
   9317.00   1.302234e-19
   9318.00   1.340676e-19
   9319.00   1.392180e-19
   9320.00   1.417381e-19
   9321.00   1.416933e-19
   9322.00   1.404555e-19
   9323.00   1.381345e-19
   9324.00   1.356352e-19
   9325.00   1.336983e-19
   9326.00   1.317278e-19
   9327.00   1.293820e-19
   9328.00   1.277051e-19
   9329.00   1.263884e-19
   9330.00   1.246632e-19
   9331.00   1.236632e-19
   9332.00   1.233900e-19
   9333.00   1.225573e-19
   9334.00   1.223903e-19
   9335.00   1.231531e-19
   9336.00   1.226779e-19
   9337.00   1.229374e-19
   9338.00   1.249706e-19
   9339.00   1.247953e-19
   9340.00   1.243981e-19
   9341.00   1.251061e-19
   9342.00   1.225705e-19
   9343.00   1.210800e-19
   9344.00   1.211820e-19
   9345.00   1.177831e-19
   9346.00   1.172152e-19
   9347.00   1.163688e-19
   9348.00   1.116368e-19
   9349.00   1.131962e-19
   9350.00   1.128106e-19
   9351.00   1.086743e-19
   9352.00   1.101241e-19
   9353.00   1.072477e-19
   9354.00   1.046836e-19
   9355.00   1.041198e-19
   9356.00   9.923571e-20
   9357.00   9.987333e-20
   9358.00   9.709438e-20
   9359.00   9.318395e-20
   9360.00   9.272616e-20
   9361.00   8.767191e-20
   9362.00   8.767169e-20
   9363.00   8.494019e-20
   9364.00   8.180233e-20
   9365.00   8.030004e-20
   9366.00   7.593447e-20
   9367.00   7.509867e-20
   9368.00   7.209954e-20
   9369.00   7.031128e-20
   9370.00   6.806642e-20
   9371.00   6.600307e-20
   9372.00   6.449292e-20
   9373.00   6.229185e-20
   9374.00   6.079279e-20
   9375.00   5.841391e-20
   9376.00   5.724768e-20
   9377.00   5.524804e-20
   9378.00   5.433127e-20
   9379.00   5.348253e-20
   9380.00   5.312551e-20
   9381.00   5.284473e-20
   9382.00   5.313403e-20
   9383.00   5.418108e-20
   9384.00   5.419863e-20
   9385.00   5.696430e-20
   9386.00   5.928741e-20
   9387.00   6.413530e-20
   9388.00   7.306001e-20
   9389.00   7.578574e-20
   9390.00   6.862181e-20
   9391.00   5.910195e-20
   9392.00   5.199860e-20
   9393.00   4.378981e-20
   9394.00   3.659478e-20
   9395.00   3.342248e-20
   9396.00   3.086971e-20
   9397.00   2.766322e-20
   9398.00   2.507305e-20
   9399.00   2.316864e-20
   9400.00   2.209094e-20
   9401.00   2.192500e-20
   9402.00   2.256304e-20
   9403.00   2.356728e-20
   9404.00   2.522600e-20
   9405.00   2.860393e-20
   9406.00   3.311351e-20
   9407.00   4.282413e-20
   9408.00   6.016820e-20
   9409.00   7.416377e-20
   9410.00   7.842660e-20
   9411.00   7.844362e-20
   9412.00   7.787396e-20
   9413.00   7.695769e-20
   9414.00   7.579998e-20
   9415.00   7.467489e-20
   9416.00   7.376499e-20
   9417.00   7.312862e-20
   9418.00   7.270828e-20
   9419.00   7.308748e-20
   9420.00   7.457539e-20
   9421.00   7.561807e-20
   9422.00   7.541366e-20
   9423.00   7.477374e-20
   9424.00   7.434560e-20
   9425.00   7.426516e-20
   9426.00   7.435303e-20
   9427.00   7.554562e-20
   9428.00   7.777442e-20
   9429.00   7.872283e-20
   9430.00   7.832924e-20
   9431.00   7.792580e-20
   9432.00   7.738631e-20
   9433.00   7.680510e-20
   9434.00   7.649438e-20
   9435.00   7.587402e-20
   9436.00   7.510175e-20
   9437.00   7.494719e-20
   9438.00   7.444374e-20
   9439.00   7.345435e-20
   9440.00   7.307716e-20
   9441.00   7.257266e-20
   9442.00   7.172116e-20
   9443.00   7.097552e-20
   9444.00   7.004023e-20
   9445.00   6.969965e-20
   9446.00   6.886405e-20
   9447.00   6.722470e-20
   9448.00   6.718998e-20
   9449.00   6.663208e-20
   9450.00   6.477736e-20
   9451.00   6.409105e-20
   9452.00   6.400063e-20
   9453.00   6.303795e-20
   9454.00   6.136655e-20
   9455.00   6.141009e-20
   9456.00   6.140574e-20
   9457.00   5.897031e-20
   9458.00   5.791136e-20
   9459.00   5.840411e-20
   9460.00   5.613580e-20
   9461.00   5.344588e-20
   9462.00   5.482545e-20
   9463.00   5.423338e-20
   9464.00   5.065307e-20
   9465.00   5.137291e-20
   9466.00   5.155603e-20
   9467.00   4.778218e-20
   9468.00   4.765859e-20
   9469.00   4.919251e-20
   9470.00   4.548403e-20
   9471.00   4.421898e-20
   9472.00   4.689097e-20
   9473.00   4.345024e-20
   9474.00   4.177490e-20
   9475.00   4.539051e-20
   9476.00   4.207760e-20
   9477.00   3.994904e-20
   9478.00   4.258898e-20
   9479.00   3.812966e-20
   9480.00   3.600593e-20
   9481.00   3.651535e-20
   9482.00   3.036090e-20
   9483.00   2.931280e-20
   9484.00   2.845256e-20
   9485.00   2.275520e-20
   9486.00   2.354634e-20
   9487.00   2.212429e-20
   9488.00   1.904145e-20
   9489.00   1.978176e-20
   9490.00   1.703987e-20
   9491.00   1.658356e-20
   9492.00   1.628682e-20
   9493.00   1.458160e-20
   9494.00   1.569792e-20
   9495.00   1.472818e-20
   9496.00   1.487941e-20
   9497.00   1.414263e-20
   9498.00   1.238774e-20
   9499.00   1.201710e-20
   9500.00   1.066158e-20
   9501.00   1.013706e-20
   9502.00   9.315719e-21
   9503.00   8.662830e-21
   9504.00   8.155323e-21
   9505.00   7.552894e-21
   9506.00   7.273934e-21
   9507.00   6.873854e-21
   9508.00   6.716957e-21
   9509.00   6.546853e-21
   9510.00   6.635747e-21
   9511.00   7.009825e-21
   9512.00   7.553321e-21
   9513.00   8.936723e-21
   9514.00   1.052901e-20
   9515.00   1.445311e-20
   9516.00   2.119165e-20
   9517.00   2.290581e-20
   9518.00   1.661632e-20
   9519.00   9.670520e-21
   9520.00   5.937538e-21
   9521.00   3.393458e-21
   9522.00   1.762470e-21
   9523.00   1.067628e-21
   9524.00   6.863137e-22
   9525.00   4.075549e-22
   9526.00   2.273173e-22
   9527.00   1.278425e-22
   9528.00   7.637821e-23
   9529.00   5.156202e-23
   9530.00   3.627941e-23
   9531.00   4.760520e-22
   9532.00   5.760024e-21
   9533.00   1.826789e-20
   9534.00   3.034434e-20
   9535.00   3.639788e-20
   9536.00   3.887582e-20
   9537.00   4.017736e-20
   9538.00   4.093068e-20
   9539.00   4.138187e-20
   9540.00   4.164146e-20
   9541.00   4.173051e-20
   9542.00   4.169011e-20
   9543.00   4.157258e-20
   9544.00   4.140812e-20
   9545.00   4.121935e-20
   9546.00   4.100754e-20
   9547.00   4.079341e-20
   9548.00   4.058219e-20
   9549.00   4.036350e-20
   9550.00   4.016115e-20
   9551.00   3.998902e-20
   9552.00   3.981843e-20
   9553.00   3.965910e-20
   9554.00   3.954442e-20
   9555.00   3.945647e-20
   9556.00   3.934198e-20
   9557.00   3.924740e-20
   9558.00   3.920741e-20
   9559.00   3.905270e-20
   9560.00   3.878378e-20
   9561.00   3.858453e-20
   9562.00   3.842488e-20
   9563.00   3.813308e-20
   9564.00   3.783678e-20
   9565.00   3.772722e-20
   9566.00   3.748636e-20
   9567.00   3.709830e-20
   9568.00   3.696441e-20
   9569.00   3.682498e-20
   9570.00   3.637826e-20
   9571.00   3.612503e-20
   9572.00   3.616718e-20
   9573.00   3.569487e-20
   9574.00   3.516035e-20
   9575.00   3.534907e-20
   9576.00   3.491979e-20
   9577.00   3.409858e-20
   9578.00   3.437038e-20
   9579.00   3.402153e-20
   9580.00   3.294327e-20
   9581.00   3.322902e-20
   9582.00   3.297890e-20
   9583.00   3.169397e-20
   9584.00   3.200924e-20
   9585.00   3.173914e-20
   9586.00   3.016378e-20
   9587.00   3.063442e-20
   9588.00   3.025341e-20
   9589.00   2.836551e-20
   9590.00   2.916197e-20
   9591.00   2.848728e-20
   9592.00   2.632194e-20
   9593.00   2.741198e-20
   9594.00   2.649734e-20
   9595.00   2.471800e-20
   9596.00   2.546590e-20
   9597.00   2.389359e-20
   9598.00   2.329047e-20
   9599.00   2.319258e-20
   9600.00   2.096290e-20
   9601.00   2.151983e-20
   9602.00   2.064157e-20
   9603.00   1.904834e-20
   9604.00   1.926081e-20
   9605.00   1.758292e-20
   9606.00   1.749816e-20
   9607.00   1.678635e-20
   9608.00   1.558898e-20
   9609.00   1.537044e-20
   9610.00   1.404716e-20
   9611.00   1.385574e-20
   9612.00   1.307211e-20
   9613.00   1.251364e-20
   9614.00   1.208001e-20
   9615.00   1.139631e-20
   9616.00   1.105218e-20
   9617.00   1.045623e-20
   9618.00   1.021367e-20
   9619.00   9.808557e-21
   9620.00   9.583404e-21
   9621.00   9.272655e-21
   9622.00   9.139120e-21
   9623.00   8.997605e-21
   9624.00   9.154854e-21
   9625.00   9.336603e-21
   9626.00   9.867539e-21
   9627.00   1.060599e-20
   9628.00   1.139355e-20
   9629.00   1.336075e-20
   9630.00   1.611227e-20
   9631.00   1.796192e-20
   9632.00   1.616545e-20
   9633.00   1.275079e-20
   9634.00   9.630338e-21
   9635.00   6.898977e-21
   9636.00   5.502384e-21
   9637.00   4.552238e-21
   9638.00   3.551383e-21
   9639.00   2.742572e-21
   9640.00   2.166536e-21
   9641.00   1.786053e-21
   9642.00   1.589976e-21
   9643.00   1.509803e-21
   9644.00   1.438185e-21
   9645.00   1.426847e-21
   9646.00   1.594656e-21
   9647.00   3.155381e-21
   9648.00   9.073119e-21
   9649.00   1.723222e-20
   9650.00   2.165418e-20
   9651.00   2.256496e-20
   9652.00   2.282514e-20
   9653.00   2.291302e-20
   9654.00   2.292261e-20
   9655.00   2.289143e-20
   9656.00   2.283724e-20
   9657.00   2.276436e-20
   9658.00   2.268075e-20
   9659.00   2.259145e-20
   9660.00   2.247083e-20
   9661.00   2.237721e-20
   9662.00   2.228692e-20
   9663.00   2.216954e-20
   9664.00   2.206735e-20
   9665.00   2.196165e-20
   9666.00   2.184403e-20
   9667.00   2.173820e-20
   9668.00   2.162085e-20
   9669.00   2.151039e-20
   9670.00   2.141398e-20
   9671.00   2.127748e-20
   9672.00   2.116354e-20
   9673.00   2.106420e-20
   9674.00   2.094893e-20
   9675.00   2.084776e-20
   9676.00   2.071954e-20
   9677.00   2.060939e-20
   9678.00   2.051320e-20
   9679.00   2.041107e-20
   9680.00   2.030088e-20
   9681.00   2.015321e-20
   9682.00   2.002515e-20
   9683.00   1.993475e-20
   9684.00   1.985025e-20
   9685.00   1.973648e-20
   9686.00   1.964117e-20
   9687.00   1.954450e-20
   9688.00   1.942545e-20
   9689.00   1.930311e-20
   9690.00   1.920688e-20
   9691.00   1.911783e-20
   9692.00   1.900641e-20
   9693.00   1.889609e-20
   9694.00   1.879160e-20
   9695.00   1.870808e-20
   9696.00   1.861019e-20
   9697.00   1.849492e-20
   9698.00   1.838042e-20
   9699.00   1.829038e-20
   9700.00   1.820393e-20
   9701.00   1.809561e-20
   9702.00   1.798724e-20
   9703.00   1.788977e-20
   9704.00   1.781098e-20
   9705.00   1.771656e-20
   9706.00   1.760992e-20
   9707.00   1.750541e-20
   9708.00   1.741753e-20
   9709.00   1.733153e-20
   9710.00   1.723000e-20
   9711.00   1.712424e-20
   9712.00   1.703215e-20
   9713.00   1.695996e-20
   9714.00   1.686986e-20
   9715.00   1.676609e-20
   9716.00   1.666631e-20
   9717.00   1.658787e-20
   9718.00   1.650668e-20
   9719.00   1.640474e-20
   9720.00   1.630223e-20
   9721.00   1.621774e-20
   9722.00   1.614533e-20
   9723.00   1.605523e-20
   9724.00   1.596364e-20
   9725.00   1.587046e-20
   9726.00   1.579649e-20
   9727.00   1.571592e-20
   9728.00   1.561433e-20
   9729.00   1.551625e-20
   9730.00   1.543874e-20
   9731.00   1.536759e-20
   9732.00   1.527430e-20
   9733.00   1.518166e-20
   9734.00   1.510304e-20
   9735.00   1.503888e-20
   9736.00   1.494102e-20
   9737.00   1.485922e-20
   9738.00   1.477088e-20
   9739.00   1.469824e-20
   9740.00   1.463320e-20
   9741.00   1.454184e-20
   9742.00   1.446271e-20
   9743.00   1.436911e-20
   9744.00   1.428649e-20
   9745.00   1.422127e-20
   9746.00   1.415043e-20
   9747.00   1.406459e-20
   9748.00   1.397874e-20
   9749.00   1.392109e-20
   9750.00   1.385658e-20
   9751.00   1.377294e-20
   9752.00   1.369925e-20
   9753.00   1.362558e-20
   9754.00   1.355193e-20
   9755.00   1.347833e-20
   9756.00   1.340476e-20
   9757.00   1.333122e-20
   9758.00   1.325770e-20
   9759.00   1.318293e-20
   9760.00   1.310056e-20
   9761.00   1.304258e-20
   9762.00   1.298248e-20
   9763.00   1.290017e-20
   9764.00   1.283120e-20
   9765.00   1.276224e-20
   9766.00   1.269336e-20
   9767.00   1.262446e-20
   9768.00   1.255559e-20
   9769.00   1.248676e-20
   9770.00   1.241795e-20
   9771.00   1.234918e-20
   9772.00   1.226810e-20
   9773.00   1.221284e-20
   9774.00   1.215926e-20
   9775.00   1.208268e-20
   9776.00   1.201811e-20
   9777.00   1.195359e-20
   9778.00   1.188907e-20
   9779.00   1.182458e-20
   9780.00   1.176015e-20
   9781.00   1.169570e-20
   9782.00   1.163131e-20
   9783.00   1.156693e-20
   9784.00   1.148960e-20
   9785.00   1.143552e-20
   9786.00   1.138495e-20
   9787.00   1.131392e-20
   9788.00   1.125080e-20
   9789.00   1.118839e-20
   9790.00   1.112599e-20
   9791.00   1.106362e-20
   9792.00   1.100129e-20
   9793.00   1.093897e-20
   9794.00   1.087666e-20
   9795.00   1.081439e-20
   9796.00   1.074206e-20
   9797.00   1.068614e-20
   9798.00   1.063975e-20
   9799.00   1.057974e-20
   9800.00   1.051991e-20
   9801.00   1.046354e-20
   9802.00   1.040719e-20
   9803.00   1.035087e-20
   9804.00   1.029457e-20
   9805.00   1.023829e-20
   9806.00   1.018203e-20
   9807.00   1.012579e-20
   9808.00   1.006958e-20
   9809.00   1.001339e-20
   9810.00   9.957508e-21
   9811.00   9.904639e-21
   9812.00   9.851728e-21
   9813.00   9.797448e-21
   9814.00   9.744708e-21
   9815.00   9.692009e-21
   9816.00   9.639310e-21
   9817.00   9.586633e-21
   9818.00   9.533976e-21
   9819.00   9.481359e-21
   9820.00   9.409517e-21
   9821.00   9.359194e-21
   9822.00   9.323803e-21
   9823.00   9.278501e-21
   9824.00   9.226386e-21
   9825.00   9.176868e-21
   9826.00   9.127351e-21
   9827.00   9.077872e-21
   9828.00   9.028395e-21
   9829.00   8.978954e-21
   9830.00   8.929516e-21
   9831.00   8.880115e-21
   9832.00   8.826085e-21
   9833.00   8.767960e-21
   9834.00   8.732344e-21
   9835.00   8.696200e-21
   9836.00   8.650843e-21
   9837.00   8.608454e-21
   9838.00   8.566082e-21
   9839.00   8.523725e-21
   9840.00   8.481370e-21
   9841.00   8.439048e-21
   9842.00   8.396743e-21
   9843.00   8.354436e-21
   9844.00   8.312164e-21
   9845.00   8.269909e-21
   9846.00   8.227670e-21
   9847.00   8.185448e-21
   9848.00   8.143241e-21
   9849.00   8.101052e-21
   9850.00   8.058864e-21
   9851.00   8.016708e-21
   9852.00   7.974569e-21
   9853.00   7.932447e-21
   9854.00   7.890340e-21
   9855.00   7.848251e-21
   9856.00   7.806177e-21
   9857.00   7.764121e-21
   9858.00   7.722097e-21
   9859.00   7.680074e-21
   9860.00   7.638068e-21
   9861.00   7.596077e-21
   9862.00   7.554104e-21
   9863.00   7.512148e-21
   9864.00   7.470222e-21
   9865.00   7.428299e-21
   9866.00   7.386392e-21
   9867.00   7.344501e-21
   9868.00   7.302641e-21
   9869.00   7.260784e-21
   9870.00   7.218943e-21
   9871.00   7.177133e-21
   9872.00   7.135325e-21
   9873.00   7.093534e-21
   9874.00   7.051772e-21
   9875.00   7.010014e-21
   9876.00   6.968286e-21
   9877.00   6.926561e-21
   9878.00   6.884866e-21
   9879.00   6.843174e-21
   9880.00   6.801511e-21
   9881.00   6.761713e-21
   9882.00   6.735008e-21
   9883.00   6.720682e-21
