
     ALT          P          T          FH2O           O3           THEAT        TCOOL        PSATCO2        FCO2
1.1020E+02  1.1585E-08 2.0000E+02    3.7268E-06    0.0000E+00    0.0000E+00    0.0000E+00    1.5785E+00    3.3000E-04
1.0843E+02  1.5532E-08 2.0000E+02    3.7268E-06    0.0000E+00    0.0000E+00    0.0000E+00    1.5785E+00    3.3000E-04
1.0668E+02  2.0778E-08 2.0000E+02    3.7268E-06    0.0000E+00    0.0000E+00    0.0000E+00    1.5785E+00    3.3000E-04
1.0494E+02  2.7733E-08 2.0000E+02    3.7268E-06    0.0000E+00    0.0000E+00    0.0000E+00    1.5785E+00    3.3000E-04
1.0321E+02  3.6934E-08 2.0000E+02    3.7268E-06    0.0000E+00    0.0000E+00    0.0000E+00    1.5785E+00    3.3000E-04
1.0150E+02  4.9078E-08 2.0000E+02    3.7268E-06    0.0000E+00    0.0000E+00    0.0000E+00    1.5785E+00    3.3000E-04
9.9802E+01  6.5071E-08 2.0000E+02    3.7268E-06    0.0000E+00    0.0000E+00    0.0000E+00    1.5785E+00    3.3000E-04
9.8116E+01  8.6083E-08 2.0000E+02    3.7268E-06    0.0000E+00    0.0000E+00    0.0000E+00    1.5785E+00    3.3000E-04
9.6443E+01  1.1363E-07 2.0000E+02    3.7268E-06    0.0000E+00    0.0000E+00    0.0000E+00    1.5785E+00    3.3000E-04
9.4784E+01  1.4965E-07 2.0000E+02    3.7268E-06    0.0000E+00    0.0000E+00    0.0000E+00    1.5785E+00    3.3000E-04
9.3138E+01  1.9666E-07 2.0000E+02    3.7268E-06    0.0000E+00    0.0000E+00    0.0000E+00    1.5785E+00    3.3000E-04
9.1506E+01  2.5786E-07 2.0000E+02    3.7268E-06    0.0000E+00    0.0000E+00    0.0000E+00    1.5785E+00    3.3000E-04
8.9887E+01  3.3736E-07 2.0000E+02    3.7268E-06    0.0000E+00    0.0000E+00    0.0000E+00    1.5785E+00    3.3000E-04
8.8281E+01  4.4038E-07 2.0000E+02    3.7268E-06    0.0000E+00    0.0000E+00    0.0000E+00    1.5785E+00    3.3000E-04
8.6689E+01  5.7359E-07 2.0000E+02    3.7268E-06    0.0000E+00    0.0000E+00    0.0000E+00    1.5785E+00    3.3000E-04
8.5110E+01  7.4543E-07 2.0000E+02    3.7268E-06    0.0000E+00    0.0000E+00    0.0000E+00    1.5785E+00    3.3000E-04
8.3545E+01  9.6661E-07 2.0000E+02    3.7268E-06    0.0000E+00    0.0000E+00    0.0000E+00    1.5785E+00    3.3000E-04
8.1993E+01  1.2506E-06 2.0000E+02    3.7268E-06    0.0000E+00    0.0000E+00    0.0000E+00    1.5785E+00    3.3000E-04
8.0454E+01  1.6145E-06 2.0000E+02    3.7268E-06    0.0000E+00    0.0000E+00    0.0000E+00    1.5785E+00    3.3000E-04
7.8929E+01  2.0796E-06 2.0000E+02    3.7268E-06    0.0000E+00    0.0000E+00    0.0000E+00    1.5785E+00    3.3000E-04
7.7417E+01  2.6727E-06 2.0000E+02    3.7268E-06    0.0000E+00    0.0000E+00    0.0000E+00    1.5785E+00    3.3000E-04
7.5919E+01  3.4274E-06 2.0000E+02    3.7268E-06    0.0000E+00    0.0000E+00    0.0000E+00    1.5785E+00    3.3000E-04
7.4434E+01  4.3854E-06 2.0000E+02    3.7268E-06    0.0000E+00    0.0000E+00    0.0000E+00    1.5785E+00    3.3000E-04
7.2962E+01  5.5987E-06 2.0000E+02    3.7268E-06    0.0000E+00    0.0000E+00    0.0000E+00    1.5785E+00    3.3000E-04
7.1504E+01  7.1319E-06 2.0000E+02    3.7268E-06    0.0000E+00    0.0000E+00    0.0000E+00    1.5785E+00    3.3000E-04
7.0059E+01  9.0647E-06 2.0000E+02    3.7268E-06    0.0000E+00    0.0000E+00    0.0000E+00    1.5785E+00    3.3000E-04
6.8628E+01  1.1496E-05 2.0000E+02    3.7268E-06    0.0000E+00    0.0000E+00    0.0000E+00    1.5785E+00    3.3000E-04
6.7209E+01  1.4546E-05 2.0000E+02    3.7268E-06    0.0000E+00    0.0000E+00    0.0000E+00    1.5785E+00    3.3000E-04
6.5805E+01  1.8365E-05 2.0000E+02    3.7268E-06    0.0000E+00    0.0000E+00    0.0000E+00    1.5785E+00    3.3000E-04
6.4414E+01  2.3136E-05 2.0000E+02    3.7268E-06    0.0000E+00    0.0000E+00    0.0000E+00    1.5785E+00    3.3000E-04
6.3036E+01  2.9081E-05 2.0000E+02    3.7268E-06    0.0000E+00    0.0000E+00    0.0000E+00    1.5785E+00    3.3000E-04
6.1671E+01  3.6472E-05 2.0000E+02    3.7268E-06    0.0000E+00    0.0000E+00    0.0000E+00    1.5785E+00    3.3000E-04
6.0320E+01  4.5640E-05 2.0000E+02    3.7268E-06    0.0000E+00    0.0000E+00    0.0000E+00    1.5785E+00    3.3000E-04
5.8983E+01  5.6986E-05 2.0000E+02    3.7268E-06    0.0000E+00    0.0000E+00    0.0000E+00    1.5785E+00    3.3000E-04
5.7658E+01  7.0994E-05 2.0000E+02    3.7268E-06    0.0000E+00    0.0000E+00    0.0000E+00    1.5785E+00    3.3000E-04
5.6348E+01  8.8249E-05 2.0000E+02    3.7268E-06    0.0000E+00    0.0000E+00    0.0000E+00    1.5785E+00    3.3000E-04
5.5050E+01  1.0945E-04 2.0000E+02    3.7268E-06    0.0000E+00    0.0000E+00    0.0000E+00    1.5785E+00    3.3000E-04
5.3766E+01  1.3545E-04 2.0000E+02    3.7268E-06    0.0000E+00    0.0000E+00    0.0000E+00    1.5785E+00    3.3000E-04
5.2495E+01  1.6726E-04 2.0000E+02    3.7268E-06    0.0000E+00    0.0000E+00    0.0000E+00    1.5785E+00    3.3000E-04
5.1238E+01  2.0607E-04 2.0000E+02    3.7268E-06    0.0000E+00    0.0000E+00    0.0000E+00    1.5785E+00    3.3000E-04
4.9994E+01  2.5332E-04 2.0000E+02    3.7268E-06    0.0000E+00    0.0000E+00    0.0000E+00    1.5785E+00    3.3000E-04
4.8764E+01  3.1072E-04 2.0000E+02    3.7268E-06    0.0000E+00    0.0000E+00    0.0000E+00    1.5785E+00    3.3000E-04
4.7547E+01  3.8027E-04 2.0000E+02    3.7268E-06    0.0000E+00    0.0000E+00    0.0000E+00    1.5785E+00    3.3000E-04
4.6343E+01  4.6436E-04 2.0000E+02    3.7268E-06    0.0000E+00    0.0000E+00    0.0000E+00    1.5785E+00    3.3000E-04
4.5153E+01  5.6579E-04 2.0000E+02    3.7268E-06    0.0000E+00    0.0000E+00    0.0000E+00    1.5785E+00    3.3000E-04
4.3976E+01  6.8784E-04 2.0000E+02    3.7268E-06    0.0000E+00    0.0000E+00    0.0000E+00    1.5785E+00    3.3000E-04
4.2813E+01  8.3436E-04 2.0000E+02    3.7268E-06    0.0000E+00    0.0000E+00    0.0000E+00    1.5785E+00    3.3000E-04
4.1662E+01  1.0098E-03 2.0000E+02    3.7268E-06    0.0000E+00    0.0000E+00    0.0000E+00    1.5785E+00    3.3000E-04
4.0526E+01  1.2195E-03 2.0000E+02    3.7268E-06    0.0000E+00    0.0000E+00    0.0000E+00    1.5785E+00    3.3000E-04
3.9403E+01  1.4695E-03 2.0000E+02    3.7268E-06    0.0000E+00    0.0000E+00    0.0000E+00    1.5785E+00    3.3000E-04
3.8293E+01  1.7667E-03 2.0000E+02    3.7268E-06    0.0000E+00    0.0000E+00    0.0000E+00    1.5785E+00    3.3000E-04
3.7196E+01  2.1193E-03 2.0000E+02    3.7268E-06    0.0000E+00    0.0000E+00    0.0000E+00    1.5785E+00    3.3000E-04
3.6113E+01  2.5367E-03 2.0000E+02    3.7268E-06    0.0000E+00    0.0000E+00    0.0000E+00    1.5785E+00    3.3000E-04
3.5043E+01  3.0295E-03 2.0000E+02    3.7268E-06    0.0000E+00    0.0000E+00    0.0000E+00    1.5785E+00    3.3000E-04
3.3987E+01  3.6100E-03 2.0000E+02    3.7268E-06    0.0000E+00    0.0000E+00    0.0000E+00    1.5785E+00    3.3000E-04
3.2944E+01  4.2922E-03 2.0000E+02    3.7268E-06    0.0000E+00    0.0000E+00    0.0000E+00    1.5785E+00    3.3000E-04
3.1915E+01  5.0920E-03 2.0000E+02    3.7268E-06    0.0000E+00    0.0000E+00    0.0000E+00    1.5785E+00    3.3000E-04
3.0899E+01  6.0274E-03 2.0000E+02    3.7268E-06    0.0000E+00    0.0000E+00    0.0000E+00    1.5785E+00    3.3000E-04
2.9896E+01  7.1188E-03 2.0000E+02    3.7268E-06    0.0000E+00    0.0000E+00    0.0000E+00    1.5785E+00    3.3000E-04
2.8907E+01  8.3891E-03 2.0000E+02    3.7268E-06    0.0000E+00    0.0000E+00    0.0000E+00    1.5785E+00    3.3000E-04
2.7931E+01  9.8642E-03 2.0000E+02    3.7268E-06    0.0000E+00    0.0000E+00    0.0000E+00    1.5785E+00    3.3000E-04
2.6968E+01  1.1573E-02 2.0000E+02    3.7268E-06    0.0000E+00    0.0000E+00    0.0000E+00    1.5785E+00    3.3000E-04
2.6019E+01  1.3547E-02 2.0000E+02    3.7268E-06    0.0000E+00    0.0000E+00    0.0000E+00    1.5785E+00    3.3000E-04
2.5084E+01  1.5823E-02 2.0000E+02    3.7268E-06    0.0000E+00    0.0000E+00    0.0000E+00    1.5785E+00    3.3000E-04
2.4161E+01  1.8441E-02 2.0000E+02    3.7268E-06    0.0000E+00    0.0000E+00    0.0000E+00    1.5785E+00    3.3000E-04
2.3253E+01  2.1443E-02 2.0000E+02    3.7268E-06    0.0000E+00    0.0000E+00    0.0000E+00    1.5785E+00    3.3000E-04
2.2357E+01  2.4880E-02 2.0000E+02    3.7268E-06    0.0000E+00    0.0000E+00    0.0000E+00    1.5785E+00    3.3000E-04
2.1475E+01  2.8802E-02 2.0000E+02    3.7268E-06    0.0000E+00    0.0000E+00    0.0000E+00    1.5785E+00    3.3000E-04
2.0606E+01  3.3269E-02 2.0000E+02    3.7268E-06    0.0000E+00    0.0000E+00    0.0000E+00    1.5785E+00    3.3000E-04
1.9751E+01  3.8344E-02 2.0000E+02    3.7268E-06    0.0000E+00    0.0000E+00    0.0000E+00    1.5785E+00    3.3000E-04
1.8909E+01  4.4094E-02 2.0000E+02    3.7268E-06    0.0000E+00    0.0000E+00    0.0000E+00    1.5785E+00    3.3000E-04
1.8081E+01  5.0594E-02 2.0000E+02    3.7268E-06    0.0000E+00    0.0000E+00    0.0000E+00    1.5785E+00    3.3000E-04
1.7266E+01  5.7924E-02 2.0000E+02    3.7268E-06    0.0000E+00    0.0000E+00    0.0000E+00    1.5785E+00    3.3000E-04
1.6464E+01  6.6167E-02 2.0000E+02    3.7268E-06    0.0000E+00    0.0000E+00    0.0000E+00    1.5785E+00    3.3000E-04
1.5676E+01  7.5417E-02 2.0000E+02    3.7268E-06    0.0000E+00    0.0000E+00    0.0000E+00    1.5785E+00    3.3000E-04
1.4901E+01  8.5768E-02 2.0000E+02    3.7268E-06    0.0000E+00    0.0000E+00    0.0000E+00    1.5785E+00    3.3000E-04
1.4139E+01  9.7323E-02 2.0000E+02    3.7268E-06    0.0000E+00    0.0000E+00    0.0000E+00    1.5785E+00    3.3000E-04
1.3391E+01  1.1019E-01 2.0000E+02    3.7268E-06    0.0000E+00    0.0000E+00    0.0000E+00    1.5785E+00    3.3000E-04
1.2656E+01  1.2448E-01 2.0000E+02    3.7268E-06    0.0000E+00    0.0000E+00    0.0000E+00    1.5785E+00    3.3000E-04
1.1935E+01  1.4031E-01 2.0000E+02    3.7268E-06    0.0000E+00    0.0000E+00    0.0000E+00    1.5785E+00    3.3000E-04
1.1227E+01  1.5780E-01 2.0000E+02    3.7268E-06    0.0000E+00    0.0000E+00    0.0000E+00    1.5785E+00    3.3000E-04
1.0533E+01  1.7709E-01 2.0000E+02    3.7268E-06    0.0000E+00    0.0000E+00    0.0000E+00    1.5785E+00    3.3000E-04
9.8515E+00  1.9828E-01 2.0000E+02    3.7268E-06    0.0000E+00    0.0000E+00    0.0000E+00    1.5785E+00    3.3000E-04
9.1838E+00  2.2152E-01 2.0000E+02    3.7268E-06    0.0000E+00    0.0000E+00    0.0000E+00    1.5785E+00    3.3000E-04
8.5295E+00  2.4693E-01 2.0000E+02    3.7268E-06    0.0000E+00    0.0000E+00    0.0000E+00    1.5785E+00    3.3000E-04
7.8886E+00  2.7464E-01 2.0000E+02    3.7268E-06    0.0000E+00    0.0000E+00    0.0000E+00    1.5785E+00    3.3000E-04
7.2611E+00  3.0479E-01 2.0000E+02    3.7268E-06    0.0000E+00    0.0000E+00    0.0000E+00    1.5785E+00    3.3000E-04
6.6470E+00  3.3750E-01 2.0000E+02    3.7268E-06    0.0000E+00    0.0000E+00    0.0000E+00    1.5785E+00    3.3000E-04
6.0463E+00  3.7288E-01 2.0000E+02    3.7268E-06    0.0000E+00    0.0000E+00    0.0000E+00    1.5785E+00    3.3000E-04
5.4590E+00  4.1106E-01 2.0000E+02    3.7268E-06    0.0000E+00    0.0000E+00    0.0000E+00    1.5785E+00    3.3000E-04
4.8851E+00  4.5214E-01 2.0000E+02    3.7268E-06    0.0000E+00    0.0000E+00    0.0000E+00    1.5785E+00    3.3000E-04
4.3245E+00  4.9623E-01 2.0000E+02    3.7268E-06    0.0000E+00    0.0000E+00    0.0000E+00    1.5785E+00    3.3000E-04
3.7774E+00  5.4340E-01 2.0000E+02    3.7268E-06    0.0000E+00    0.0000E+00    0.0000E+00    1.5785E+00    3.3000E-04
3.2437E+00  5.9373E-01 2.0000E+02    3.7268E-06    0.0000E+00    0.0000E+00    0.0000E+00    1.5785E+00    3.3000E-04
2.7234E+00  6.4729E-01 2.0000E+02    3.7268E-06    0.0000E+00    0.0000E+00    0.0000E+00    1.5785E+00    3.3000E-04
2.2165E+00  7.0410E-01 2.0000E+02    3.7268E-06    0.0000E+00    0.0000E+00    0.0000E+00    1.5785E+00    3.3000E-04
1.7185E+00  7.6421E-01 2.0359E+02    3.7268E-06    0.0000E+00    0.0000E+00    0.0000E+00    2.0774E+00    3.3000E-04
1.2241E+00  8.2760E-01 2.0832E+02    6.8183E-06    0.0000E+00    0.0000E+00    0.0000E+00    2.9382E+00    3.3000E-04
7.3246E-01  8.9426E-01 2.1302E+02    1.2075E-05    0.0000E+00    0.0000E+00    0.0000E+00    4.0819E+00    3.3000E-04
2.4435E-01  9.6414E-01 2.1767E+02    2.0727E-05    0.0000E+00    0.0000E+00    0.0000E+00    5.4350E+00    3.3000E-04
0.0000E+00  1.0005E+00 2.2000E+02    2.6903E-05    0.0000E+00    0.0000E+00    0.0000E+00    5.9979E+00    3.3000E-04

     ALT          P          T          FH2O           O3           THEAT        TCOOL        PSATCO2        FCO2
1.1240E+02  1.1585E-08 2.0000E+02    3.9580E-06    0.0000E+00    0.0000E+00    0.0000E+00    1.5785E+00    3.3000E-04
1.1057E+02  1.5532E-08 2.0000E+02    3.9580E-06    0.0000E+00    0.0000E+00    0.0000E+00    1.5785E+00    3.3000E-04
1.0876E+02  2.0778E-08 2.0000E+02    3.9580E-06    0.0000E+00    0.0000E+00    0.0000E+00    1.5785E+00    3.3000E-04
1.0696E+02  2.7733E-08 2.0000E+02    3.9580E-06    0.0000E+00    0.0000E+00    0.0000E+00    1.5785E+00    3.3000E-04
1.0517E+02  3.6934E-08 2.0000E+02    3.9580E-06    0.0000E+00    0.0000E+00    0.0000E+00    1.5785E+00    3.3000E-04
1.0341E+02  4.9079E-08 2.0000E+02    3.9580E-06    0.0000E+00    0.0000E+00    0.0000E+00    1.5785E+00    3.3000E-04
1.0165E+02  6.5072E-08 2.0000E+02    3.9580E-06    0.0000E+00    0.0000E+00    0.0000E+00    1.5785E+00    3.3000E-04
9.9913E+01  8.6085E-08 2.0000E+02    3.9580E-06    0.0000E+00    0.0000E+00    0.0000E+00    1.5785E+00    3.3000E-04
9.8189E+01  1.1363E-07 2.0000E+02    3.9580E-06    0.0000E+00    0.0000E+00    0.0000E+00    1.5785E+00    3.3000E-04
9.6479E+01  1.4966E-07 2.0000E+02    3.9580E-06    0.0000E+00    0.0000E+00    0.0000E+00    1.5785E+00    3.3000E-04
9.4785E+01  1.9667E-07 2.0000E+02    3.9580E-06    0.0000E+00    0.0000E+00    0.0000E+00    1.5785E+00    3.3000E-04
9.3104E+01  2.5787E-07 2.0000E+02    3.9580E-06    0.0000E+00    0.0000E+00    0.0000E+00    1.5785E+00    3.3000E-04
9.1439E+01  3.3738E-07 2.0000E+02    3.9580E-06    0.0000E+00    0.0000E+00    0.0000E+00    1.5785E+00    3.3000E-04
8.9788E+01  4.4041E-07 2.0000E+02    3.9580E-06    0.0000E+00    0.0000E+00    0.0000E+00    1.5785E+00    3.3000E-04
8.8152E+01  5.7362E-07 2.0000E+02    3.9580E-06    0.0000E+00    0.0000E+00    0.0000E+00    1.5785E+00    3.3000E-04
8.6530E+01  7.4548E-07 2.0000E+02    3.9580E-06    0.0000E+00    0.0000E+00    0.0000E+00    1.5785E+00    3.3000E-04
8.4923E+01  9.6667E-07 2.0000E+02    3.9580E-06    0.0000E+00    0.0000E+00    0.0000E+00    1.5785E+00    3.3000E-04
8.3330E+01  1.2507E-06 2.0000E+02    3.9580E-06    0.0000E+00    0.0000E+00    0.0000E+00    1.5785E+00    3.3000E-04
8.1752E+01  1.6146E-06 2.0000E+02    3.9580E-06    0.0000E+00    0.0000E+00    0.0000E+00    1.5785E+00    3.3000E-04
8.0188E+01  2.0797E-06 2.0000E+02    3.9580E-06    0.0000E+00    0.0000E+00    0.0000E+00    1.5785E+00    3.3000E-04
7.8639E+01  2.6729E-06 2.0000E+02    3.9580E-06    0.0000E+00    0.0000E+00    0.0000E+00    1.5785E+00    3.3000E-04
7.7104E+01  3.4277E-06 2.0000E+02    3.9580E-06    0.0000E+00    0.0000E+00    0.0000E+00    1.5785E+00    3.3000E-04
7.5584E+01  4.3858E-06 2.0000E+02    3.9580E-06    0.0000E+00    0.0000E+00    0.0000E+00    1.5785E+00    3.3000E-04
7.4078E+01  5.5992E-06 2.0000E+02    3.9580E-06    0.0000E+00    0.0000E+00    0.0000E+00    1.5785E+00    3.3000E-04
7.2587E+01  7.1325E-06 2.0000E+02    3.9580E-06    0.0000E+00    0.0000E+00    0.0000E+00    1.5785E+00    3.3000E-04
7.1109E+01  9.0655E-06 2.0000E+02    3.9580E-06    0.0000E+00    0.0000E+00    0.0000E+00    1.5785E+00    3.3000E-04
6.9647E+01  1.1497E-05 2.0000E+02    3.9580E-06    0.0000E+00    0.0000E+00    0.0000E+00    1.5785E+00    3.3000E-04
6.8198E+01  1.4548E-05 2.0000E+02    3.9580E-06    0.0000E+00    0.0000E+00    0.0000E+00    1.5785E+00    3.3000E-04
6.6764E+01  1.8367E-05 2.0000E+02    3.9580E-06    0.0000E+00    0.0000E+00    0.0000E+00    1.5785E+00    3.3000E-04
6.5344E+01  2.3138E-05 2.0000E+02    3.9580E-06    0.0000E+00    0.0000E+00    0.0000E+00    1.5785E+00    3.3000E-04
6.3939E+01  2.9084E-05 2.0000E+02    3.9580E-06    0.0000E+00    0.0000E+00    0.0000E+00    1.5785E+00    3.3000E-04
6.2547E+01  3.6476E-05 2.0000E+02    3.9580E-06    0.0000E+00    0.0000E+00    0.0000E+00    1.5785E+00    3.3000E-04
6.1170E+01  4.5645E-05 2.0000E+02    3.9580E-06    0.0000E+00    0.0000E+00    0.0000E+00    1.5785E+00    3.3000E-04
5.9807E+01  5.6992E-05 2.0000E+02    3.9580E-06    0.0000E+00    0.0000E+00    0.0000E+00    1.5785E+00    3.3000E-04
5.8459E+01  7.1002E-05 2.0000E+02    3.9580E-06    0.0000E+00    0.0000E+00    0.0000E+00    1.5785E+00    3.3000E-04
5.7124E+01  8.8260E-05 2.0000E+02    3.9580E-06    0.0000E+00    0.0000E+00    0.0000E+00    1.5785E+00    3.3000E-04
5.5804E+01  1.0947E-04 2.0000E+02    3.9580E-06    0.0000E+00    0.0000E+00    0.0000E+00    1.5785E+00    3.3000E-04
5.4498E+01  1.3547E-04 2.0000E+02    3.9580E-06    0.0000E+00    0.0000E+00    0.0000E+00    1.5785E+00    3.3000E-04
5.3206E+01  1.6728E-04 2.0000E+02    3.9580E-06    0.0000E+00    0.0000E+00    0.0000E+00    1.5785E+00    3.3000E-04
5.1928E+01  2.0610E-04 2.0000E+02    3.9580E-06    0.0000E+00    0.0000E+00    0.0000E+00    1.5785E+00    3.3000E-04
5.0665E+01  2.5336E-04 2.0000E+02    3.9580E-06    0.0000E+00    0.0000E+00    0.0000E+00    1.5785E+00    3.3000E-04
4.9415E+01  3.1076E-04 2.0000E+02    3.9580E-06    0.0000E+00    0.0000E+00    0.0000E+00    1.5785E+00    3.3000E-04
4.8179E+01  3.8033E-04 2.0000E+02    3.9580E-06    0.0000E+00    0.0000E+00    0.0000E+00    1.5785E+00    3.3000E-04
4.6958E+01  4.6443E-04 2.0000E+02    3.9580E-06    0.0000E+00    0.0000E+00    0.0000E+00    1.5785E+00    3.3000E-04
4.5751E+01  5.6587E-04 2.0000E+02    3.9580E-06    0.0000E+00    0.0000E+00    0.0000E+00    1.5785E+00    3.3000E-04
4.4557E+01  6.8794E-04 2.0000E+02    3.9580E-06    0.0000E+00    0.0000E+00    0.0000E+00    1.5785E+00    3.3000E-04
4.3378E+01  8.3449E-04 2.0000E+02    3.9580E-06    0.0000E+00    0.0000E+00    0.0000E+00    1.5785E+00    3.3000E-04
4.2212E+01  1.0100E-03 2.0000E+02    3.9580E-06    0.0000E+00    0.0000E+00    0.0000E+00    1.5785E+00    3.3000E-04
4.1061E+01  1.2197E-03 2.0000E+02    3.9580E-06    0.0000E+00    0.0000E+00    0.0000E+00    1.5785E+00    3.3000E-04
3.9924E+01  1.4697E-03 2.0000E+02    3.9580E-06    0.0000E+00    0.0000E+00    0.0000E+00    1.5785E+00    3.3000E-04
3.8800E+01  1.7670E-03 2.0000E+02    3.9580E-06    0.0000E+00    0.0000E+00    0.0000E+00    1.5785E+00    3.3000E-04
3.7691E+01  2.1197E-03 2.0000E+02    3.9580E-06    0.0000E+00    0.0000E+00    0.0000E+00    1.5785E+00    3.3000E-04
3.6595E+01  2.5371E-03 2.0000E+02    3.9580E-06    0.0000E+00    0.0000E+00    0.0000E+00    1.5785E+00    3.3000E-04
3.5514E+01  3.0300E-03 2.0000E+02    3.9580E-06    0.0000E+00    0.0000E+00    0.0000E+00    1.5785E+00    3.3000E-04
3.4446E+01  3.6106E-03 2.0000E+02    3.9580E-06    0.0000E+00    0.0000E+00    0.0000E+00    1.5785E+00    3.3000E-04
3.3392E+01  4.2930E-03 2.0000E+02    3.9580E-06    0.0000E+00    0.0000E+00    0.0000E+00    1.5785E+00    3.3000E-04
3.2352E+01  5.0929E-03 2.0000E+02    3.9580E-06    0.0000E+00    0.0000E+00    0.0000E+00    1.5785E+00    3.3000E-04
3.1326E+01  6.0285E-03 2.0000E+02    3.9580E-06    0.0000E+00    0.0000E+00    0.0000E+00    1.5785E+00    3.3000E-04
3.0314E+01  7.1201E-03 2.0000E+02    3.9580E-06    0.0000E+00    0.0000E+00    0.0000E+00    1.5785E+00    3.3000E-04
2.9315E+01  8.3907E-03 2.0000E+02    3.9580E-06    0.0000E+00    0.0000E+00    0.0000E+00    1.5785E+00    3.3000E-04
2.8331E+01  9.8660E-03 2.0000E+02    3.9580E-06    0.0000E+00    0.0000E+00    0.0000E+00    1.5785E+00    3.3000E-04
2.7360E+01  1.1575E-02 2.0000E+02    3.9580E-06    0.0000E+00    0.0000E+00    0.0000E+00    1.5785E+00    3.3000E-04
2.6403E+01  1.3550E-02 2.0000E+02    3.9580E-06    0.0000E+00    0.0000E+00    0.0000E+00    1.5785E+00    3.3000E-04
2.5460E+01  1.5826E-02 2.0000E+02    3.9580E-06    0.0000E+00    0.0000E+00    0.0000E+00    1.5785E+00    3.3000E-04
2.4531E+01  1.8444E-02 2.0000E+02    3.9580E-06    0.0000E+00    0.0000E+00    0.0000E+00    1.5785E+00    3.3000E-04
2.3615E+01  2.1448E-02 2.0000E+02    3.9580E-06    0.0000E+00    0.0000E+00    0.0000E+00    1.5785E+00    3.3000E-04
2.2713E+01  2.4885E-02 2.0000E+02    3.9580E-06    0.0000E+00    0.0000E+00    0.0000E+00    1.5785E+00    3.3000E-04
2.1825E+01  2.8808E-02 2.0000E+02    3.9580E-06    0.0000E+00    0.0000E+00    0.0000E+00    1.5785E+00    3.3000E-04
2.0951E+01  3.3276E-02 2.0000E+02    3.9580E-06    0.0000E+00    0.0000E+00    0.0000E+00    1.5785E+00    3.3000E-04
2.0090E+01  3.8352E-02 2.0000E+02    3.9580E-06    0.0000E+00    0.0000E+00    0.0000E+00    1.5785E+00    3.3000E-04
1.9243E+01  4.4103E-02 2.0000E+02    3.9580E-06    0.0000E+00    0.0000E+00    0.0000E+00    1.5785E+00    3.3000E-04
1.8410E+01  5.0605E-02 2.0000E+02    3.9580E-06    0.0000E+00    0.0000E+00    0.0000E+00    1.5785E+00    3.3000E-04
1.7590E+01  5.7936E-02 2.0000E+02    3.9580E-06    0.0000E+00    0.0000E+00    0.0000E+00    1.5785E+00    3.3000E-04
1.6784E+01  6.6181E-02 2.0000E+02    3.9580E-06    0.0000E+00    0.0000E+00    0.0000E+00    1.5785E+00    3.3000E-04
1.5992E+01  7.5433E-02 2.0000E+02    3.9580E-06    0.0000E+00    0.0000E+00    0.0000E+00    1.5785E+00    3.3000E-04
1.5213E+01  8.5786E-02 2.0000E+02    3.9580E-06    0.0000E+00    0.0000E+00    0.0000E+00    1.5785E+00    3.3000E-04
1.4448E+01  9.7344E-02 2.0000E+02    3.9580E-06    0.0000E+00    0.0000E+00    0.0000E+00    1.5785E+00    3.3000E-04
1.3697E+01  1.1021E-01 2.0000E+02    3.9580E-06    0.0000E+00    0.0000E+00    0.0000E+00    1.5785E+00    3.3000E-04
1.2959E+01  1.2451E-01 2.0000E+02    3.9580E-06    0.0000E+00    0.0000E+00    0.0000E+00    1.5785E+00    3.3000E-04
1.2235E+01  1.4034E-01 2.0000E+02    3.9580E-06    0.0000E+00    0.0000E+00    0.0000E+00    1.5785E+00    3.3000E-04
1.1525E+01  1.5784E-01 2.0000E+02    3.9580E-06    0.0000E+00    0.0000E+00    0.0000E+00    1.5785E+00    3.3000E-04
1.0828E+01  1.7713E-01 2.0000E+02    3.9580E-06    0.0000E+00    0.0000E+00    0.0000E+00    1.5785E+00    3.3000E-04
1.0145E+01  1.9832E-01 2.0000E+02    3.9580E-06    0.0000E+00    0.0000E+00    0.0000E+00    1.5785E+00    3.3000E-04
9.4752E+00  2.2157E-01 2.0000E+02    3.9580E-06    0.0000E+00    0.0000E+00    0.0000E+00    1.5785E+00    3.3000E-04
8.8192E+00  2.4699E-01 2.0000E+02    3.9580E-06    0.0000E+00    0.0000E+00    0.0000E+00    1.5785E+00    3.3000E-04
8.1767E+00  2.7471E-01 2.0000E+02    3.9580E-06    0.0000E+00    0.0000E+00    0.0000E+00    1.5785E+00    3.3000E-04
7.5477E+00  3.0486E-01 2.0000E+02    3.9580E-06    0.0000E+00    0.0000E+00    0.0000E+00    1.5785E+00    3.3000E-04
6.9323E+00  3.3758E-01 2.0000E+02    3.9580E-06    0.0000E+00    0.0000E+00    0.0000E+00    1.5785E+00    3.3000E-04
6.3304E+00  3.7297E-01 2.0000E+02    3.9580E-06    0.0000E+00    0.0000E+00    0.0000E+00    1.5785E+00    3.3000E-04
5.7421E+00  4.1116E-01 2.0000E+02    3.9580E-06    0.0000E+00    0.0000E+00    0.0000E+00    1.5785E+00    3.3000E-04
5.1673E+00  4.5225E-01 2.0000E+02    3.9580E-06    0.0000E+00    0.0000E+00    0.0000E+00    1.5785E+00    3.3000E-04
4.6060E+00  4.9635E-01 2.0000E+02    3.9580E-06    0.0000E+00    0.0000E+00    0.0000E+00    1.5785E+00    3.3000E-04
4.0559E+00  5.4353E-01 2.0171E+02    3.9580E-06    0.0000E+00    0.0000E+00    0.0000E+00    1.8017E+00    3.3000E-04
3.5101E+00  5.9387E-01 2.0693E+02    7.7940E-06    0.0000E+00    0.0000E+00    0.0000E+00    2.6574E+00    3.3000E-04
2.9645E+00  6.4744E-01 2.1214E+02    1.4794E-05    0.0000E+00    0.0000E+00    0.0000E+00    3.8415E+00    3.3000E-04
2.4199E+00  7.0428E-01 2.1732E+02    2.7109E-05    0.0000E+00    0.0000E+00    0.0000E+00    5.3534E+00    3.3000E-04
1.8770E+00  7.6439E-01 2.2247E+02    4.8010E-05    0.0000E+00    0.0000E+00    0.0000E+00    6.6439E+00    3.3000E-04
1.3366E+00  8.2780E-01 2.2758E+02    8.2252E-05    0.0000E+00    0.0000E+00    0.0000E+00    8.1404E+00    3.3000E-04
7.9951E-01  8.9448E-01 2.3261E+02    1.3638E-04    0.0000E+00    0.0000E+00    0.0000E+00    9.8507E+00    3.3000E-04
2.6661E-01  9.6438E-01 2.3755E+02    2.1892E-04    0.0000E+00    0.0000E+00    0.0000E+00    1.1776E+01    3.3000E-04
0.0000E+00  1.0008E+00 2.4000E+02    2.7446E-04    0.0000E+00    0.0000E+00    0.0000E+00    1.2826E+01    3.3000E-04

     ALT          P          T          FH2O           O3           THEAT        TCOOL        PSATCO2        FCO2
1.1292E+02  1.1585E-08 2.0000E+02    7.4480E-06    0.0000E+00    0.0000E+00    0.0000E+00    1.5785E+00    3.3000E-04
1.1109E+02  1.5533E-08 2.0000E+02    7.4480E-06    0.0000E+00    0.0000E+00    0.0000E+00    1.5785E+00    3.3000E-04
1.0928E+02  2.0779E-08 2.0000E+02    7.4480E-06    0.0000E+00    0.0000E+00    0.0000E+00    1.5785E+00    3.3000E-04
1.0748E+02  2.7736E-08 2.0000E+02    7.4480E-06    0.0000E+00    0.0000E+00    0.0000E+00    1.5785E+00    3.3000E-04
1.0569E+02  3.6939E-08 2.0000E+02    7.4480E-06    0.0000E+00    0.0000E+00    0.0000E+00    1.5785E+00    3.3000E-04
1.0392E+02  4.9086E-08 2.0000E+02    7.4480E-06    0.0000E+00    0.0000E+00    0.0000E+00    1.5785E+00    3.3000E-04
1.0217E+02  6.5083E-08 2.0000E+02    7.4480E-06    0.0000E+00    0.0000E+00    0.0000E+00    1.5785E+00    3.3000E-04
1.0043E+02  8.6102E-08 2.0000E+02    7.4480E-06    0.0000E+00    0.0000E+00    0.0000E+00    1.5785E+00    3.3000E-04
9.8705E+01  1.1366E-07 2.0000E+02    7.4480E-06    0.0000E+00    0.0000E+00    0.0000E+00    1.5785E+00    3.3000E-04
9.6994E+01  1.4970E-07 2.0000E+02    7.4480E-06    0.0000E+00    0.0000E+00    0.0000E+00    1.5785E+00    3.3000E-04
9.5298E+01  1.9672E-07 2.0000E+02    7.4480E-06    0.0000E+00    0.0000E+00    0.0000E+00    1.5785E+00    3.3000E-04
9.3617E+01  2.5795E-07 2.0000E+02    7.4480E-06    0.0000E+00    0.0000E+00    0.0000E+00    1.5785E+00    3.3000E-04
9.1950E+01  3.3748E-07 2.0000E+02    7.4480E-06    0.0000E+00    0.0000E+00    0.0000E+00    1.5785E+00    3.3000E-04
9.0299E+01  4.4056E-07 2.0000E+02    7.4480E-06    0.0000E+00    0.0000E+00    0.0000E+00    1.5785E+00    3.3000E-04
8.8661E+01  5.7384E-07 2.0000E+02    7.4480E-06    0.0000E+00    0.0000E+00    0.0000E+00    1.5785E+00    3.3000E-04
8.7039E+01  7.4577E-07 2.0000E+02    7.4480E-06    0.0000E+00    0.0000E+00    0.0000E+00    1.5785E+00    3.3000E-04
8.5431E+01  9.6707E-07 2.0000E+02    7.4480E-06    0.0000E+00    0.0000E+00    0.0000E+00    1.5785E+00    3.3000E-04
8.3837E+01  1.2513E-06 2.0000E+02    7.4480E-06    0.0000E+00    0.0000E+00    0.0000E+00    1.5785E+00    3.3000E-04
8.2258E+01  1.6153E-06 2.0000E+02    7.4480E-06    0.0000E+00    0.0000E+00    0.0000E+00    1.5785E+00    3.3000E-04
8.0694E+01  2.0807E-06 2.0000E+02    7.4480E-06    0.0000E+00    0.0000E+00    0.0000E+00    1.5785E+00    3.3000E-04
7.9144E+01  2.6743E-06 2.0000E+02    7.4480E-06    0.0000E+00    0.0000E+00    0.0000E+00    1.5785E+00    3.3000E-04
7.7608E+01  3.4295E-06 2.0000E+02    7.4480E-06    0.0000E+00    0.0000E+00    0.0000E+00    1.5785E+00    3.3000E-04
7.6087E+01  4.3882E-06 2.0000E+02    7.4480E-06    0.0000E+00    0.0000E+00    0.0000E+00    1.5785E+00    3.3000E-04
7.4581E+01  5.6024E-06 2.0000E+02    7.4480E-06    0.0000E+00    0.0000E+00    0.0000E+00    1.5785E+00    3.3000E-04
7.3089E+01  7.1368E-06 2.0000E+02    7.4480E-06    0.0000E+00    0.0000E+00    0.0000E+00    1.5785E+00    3.3000E-04
7.1611E+01  9.0711E-06 2.0000E+02    7.4480E-06    0.0000E+00    0.0000E+00    0.0000E+00    1.5785E+00    3.3000E-04
7.0147E+01  1.1504E-05 2.0000E+02    7.4480E-06    0.0000E+00    0.0000E+00    0.0000E+00    1.5785E+00    3.3000E-04
6.8698E+01  1.4557E-05 2.0000E+02    7.4480E-06    0.0000E+00    0.0000E+00    0.0000E+00    1.5785E+00    3.3000E-04
6.7264E+01  1.8380E-05 2.0000E+02    7.4480E-06    0.0000E+00    0.0000E+00    0.0000E+00    1.5785E+00    3.3000E-04
6.5843E+01  2.3155E-05 2.0000E+02    7.4480E-06    0.0000E+00    0.0000E+00    0.0000E+00    1.5785E+00    3.3000E-04
6.4437E+01  2.9105E-05 2.0000E+02    7.4480E-06    0.0000E+00    0.0000E+00    0.0000E+00    1.5785E+00    3.3000E-04
6.3045E+01  3.6503E-05 2.0000E+02    7.4480E-06    0.0000E+00    0.0000E+00    0.0000E+00    1.5785E+00    3.3000E-04
6.1668E+01  4.5680E-05 2.0000E+02    7.4480E-06    0.0000E+00    0.0000E+00    0.0000E+00    1.5785E+00    3.3000E-04
6.0304E+01  5.7037E-05 2.0000E+02    7.4480E-06    0.0000E+00    0.0000E+00    0.0000E+00    1.5785E+00    3.3000E-04
5.8955E+01  7.1060E-05 2.0000E+02    7.4480E-06    0.0000E+00    0.0000E+00    0.0000E+00    1.5785E+00    3.3000E-04
5.7620E+01  8.8333E-05 2.0000E+02    7.4480E-06    0.0000E+00    0.0000E+00    0.0000E+00    1.5785E+00    3.3000E-04
5.6300E+01  1.0956E-04 2.0000E+02    7.4480E-06    0.0000E+00    0.0000E+00    0.0000E+00    1.5785E+00    3.3000E-04
5.4993E+01  1.3559E-04 2.0000E+02    7.4480E-06    0.0000E+00    0.0000E+00    0.0000E+00    1.5785E+00    3.3000E-04
5.3701E+01  1.6743E-04 2.0000E+02    7.4480E-06    0.0000E+00    0.0000E+00    0.0000E+00    1.5785E+00    3.3000E-04
5.2423E+01  2.0628E-04 2.0000E+02    7.4480E-06    0.0000E+00    0.0000E+00    0.0000E+00    1.5785E+00    3.3000E-04
5.1159E+01  2.5359E-04 2.0000E+02    7.4480E-06    0.0000E+00    0.0000E+00    0.0000E+00    1.5785E+00    3.3000E-04
4.9909E+01  3.1106E-04 2.0000E+02    7.4480E-06    0.0000E+00    0.0000E+00    0.0000E+00    1.5785E+00    3.3000E-04
4.8673E+01  3.8069E-04 2.0000E+02    7.4480E-06    0.0000E+00    0.0000E+00    0.0000E+00    1.5785E+00    3.3000E-04
4.7451E+01  4.6489E-04 2.0000E+02    7.4480E-06    0.0000E+00    0.0000E+00    0.0000E+00    1.5785E+00    3.3000E-04
4.6243E+01  5.6644E-04 2.0000E+02    7.4480E-06    0.0000E+00    0.0000E+00    0.0000E+00    1.5785E+00    3.3000E-04
4.5049E+01  6.8864E-04 2.0000E+02    7.4480E-06    0.0000E+00    0.0000E+00    0.0000E+00    1.5785E+00    3.3000E-04
4.3870E+01  8.3535E-04 2.0000E+02    7.4480E-06    0.0000E+00    0.0000E+00    0.0000E+00    1.5785E+00    3.3000E-04
4.2704E+01  1.0111E-03 2.0000E+02    7.4480E-06    0.0000E+00    0.0000E+00    0.0000E+00    1.5785E+00    3.3000E-04
4.1552E+01  1.2210E-03 2.0000E+02    7.4480E-06    0.0000E+00    0.0000E+00    0.0000E+00    1.5785E+00    3.3000E-04
4.0415E+01  1.4713E-03 2.0000E+02    7.4480E-06    0.0000E+00    0.0000E+00    0.0000E+00    1.5785E+00    3.3000E-04
3.9291E+01  1.7689E-03 2.0000E+02    7.4480E-06    0.0000E+00    0.0000E+00    0.0000E+00    1.5785E+00    3.3000E-04
3.8181E+01  2.1220E-03 2.0000E+02    7.4480E-06    0.0000E+00    0.0000E+00    0.0000E+00    1.5785E+00    3.3000E-04
3.7085E+01  2.5400E-03 2.0000E+02    7.4480E-06    0.0000E+00    0.0000E+00    0.0000E+00    1.5785E+00    3.3000E-04
3.6004E+01  3.0335E-03 2.0000E+02    7.4480E-06    0.0000E+00    0.0000E+00    0.0000E+00    1.5785E+00    3.3000E-04
3.4936E+01  3.6149E-03 2.0000E+02    7.4480E-06    0.0000E+00    0.0000E+00    0.0000E+00    1.5785E+00    3.3000E-04
3.3881E+01  4.2981E-03 2.0000E+02    7.4480E-06    0.0000E+00    0.0000E+00    0.0000E+00    1.5785E+00    3.3000E-04
3.2841E+01  5.0990E-03 2.0000E+02    7.4480E-06    0.0000E+00    0.0000E+00    0.0000E+00    1.5785E+00    3.3000E-04
3.1815E+01  6.0358E-03 2.0000E+02    7.4480E-06    0.0000E+00    0.0000E+00    0.0000E+00    1.5785E+00    3.3000E-04
3.0802E+01  7.1289E-03 2.0000E+02    7.4480E-06    0.0000E+00    0.0000E+00    0.0000E+00    1.5785E+00    3.3000E-04
2.9804E+01  8.4011E-03 2.0000E+02    7.4480E-06    0.0000E+00    0.0000E+00    0.0000E+00    1.5785E+00    3.3000E-04
2.8819E+01  9.8785E-03 2.0000E+02    7.4480E-06    0.0000E+00    0.0000E+00    0.0000E+00    1.5785E+00    3.3000E-04
2.7848E+01  1.1590E-02 2.0000E+02    7.4480E-06    0.0000E+00    0.0000E+00    0.0000E+00    1.5785E+00    3.3000E-04
2.6891E+01  1.3567E-02 2.0000E+02    7.4480E-06    0.0000E+00    0.0000E+00    0.0000E+00    1.5785E+00    3.3000E-04
2.5948E+01  1.5847E-02 2.0000E+02    7.4480E-06    0.0000E+00    0.0000E+00    0.0000E+00    1.5785E+00    3.3000E-04
2.5018E+01  1.8469E-02 2.0000E+02    7.4480E-06    0.0000E+00    0.0000E+00    0.0000E+00    1.5785E+00    3.3000E-04
2.4102E+01  2.1476E-02 2.0000E+02    7.4480E-06    0.0000E+00    0.0000E+00    0.0000E+00    1.5785E+00    3.3000E-04
2.3200E+01  2.4918E-02 2.0000E+02    7.4480E-06    0.0000E+00    0.0000E+00    0.0000E+00    1.5785E+00    3.3000E-04
2.2312E+01  2.8847E-02 2.0000E+02    7.4480E-06    0.0000E+00    0.0000E+00    0.0000E+00    1.5785E+00    3.3000E-04
2.1437E+01  3.3322E-02 2.0000E+02    7.4480E-06    0.0000E+00    0.0000E+00    0.0000E+00    1.5785E+00    3.3000E-04
2.0576E+01  3.8405E-02 2.0000E+02    7.4480E-06    0.0000E+00    0.0000E+00    0.0000E+00    1.5785E+00    3.3000E-04
1.9729E+01  4.4165E-02 2.0000E+02    7.4480E-06    0.0000E+00    0.0000E+00    0.0000E+00    1.5785E+00    3.3000E-04
1.8896E+01  5.0676E-02 2.0000E+02    7.4480E-06    0.0000E+00    0.0000E+00    0.0000E+00    1.5785E+00    3.3000E-04
1.8076E+01  5.8018E-02 2.0000E+02    7.4480E-06    0.0000E+00    0.0000E+00    0.0000E+00    1.5785E+00    3.3000E-04
1.7270E+01  6.6277E-02 2.0000E+02    7.4480E-06    0.0000E+00    0.0000E+00    0.0000E+00    1.5785E+00    3.3000E-04
1.6478E+01  7.5542E-02 2.0000E+02    7.4480E-06    0.0000E+00    0.0000E+00    0.0000E+00    1.5785E+00    3.3000E-04
1.5699E+01  8.5911E-02 2.0000E+02    7.4480E-06    0.0000E+00    0.0000E+00    0.0000E+00    1.5785E+00    3.3000E-04
1.4934E+01  9.7487E-02 2.0000E+02    7.4480E-06    0.0000E+00    0.0000E+00    0.0000E+00    1.5785E+00    3.3000E-04
1.4182E+01  1.1038E-01 2.0000E+02    7.4480E-06    0.0000E+00    0.0000E+00    0.0000E+00    1.5785E+00    3.3000E-04
1.3445E+01  1.2469E-01 2.0000E+02    7.4480E-06    0.0000E+00    0.0000E+00    0.0000E+00    1.5785E+00    3.3000E-04
1.2720E+01  1.4055E-01 2.0000E+02    7.4480E-06    0.0000E+00    0.0000E+00    0.0000E+00    1.5785E+00    3.3000E-04
1.2010E+01  1.5808E-01 2.0000E+02    7.4480E-06    0.0000E+00    0.0000E+00    0.0000E+00    1.5785E+00    3.3000E-04
1.1313E+01  1.7740E-01 2.0000E+02    7.4480E-06    0.0000E+00    0.0000E+00    0.0000E+00    1.5785E+00    3.3000E-04
1.0630E+01  1.9863E-01 2.0000E+02    7.4480E-06    0.0000E+00    0.0000E+00    0.0000E+00    1.5785E+00    3.3000E-04
9.9598E+00  2.2191E-01 2.0000E+02    7.4480E-06    0.0000E+00    0.0000E+00    0.0000E+00    1.5785E+00    3.3000E-04
9.3036E+00  2.4737E-01 2.0000E+02    7.4480E-06    0.0000E+00    0.0000E+00    0.0000E+00    1.5785E+00    3.3000E-04
8.6610E+00  2.7514E-01 2.0000E+02    7.4480E-06    0.0000E+00    0.0000E+00    0.0000E+00    1.5785E+00    3.3000E-04
8.0319E+00  3.0534E-01 2.0000E+02    7.4480E-06    0.0000E+00    0.0000E+00    0.0000E+00    1.5785E+00    3.3000E-04
7.4164E+00  3.3811E-01 2.0000E+02    7.4480E-06    0.0000E+00    0.0000E+00    0.0000E+00    1.5785E+00    3.3000E-04
6.8144E+00  3.7356E-01 2.0000E+02    7.4480E-06    0.0000E+00    0.0000E+00    0.0000E+00    1.5785E+00    3.3000E-04
6.2199E+00  4.1182E-01 2.0410E+02    7.4480E-06    0.0000E+00    0.0000E+00    0.0000E+00    2.1570E+00    3.3000E-04
5.6251E+00  4.5298E-01 2.0977E+02    1.5259E-05    0.0000E+00    0.0000E+00    0.0000E+00    3.2563E+00    3.3000E-04
5.0284E+00  4.9715E-01 2.1545E+02    3.0035E-05    0.0000E+00    0.0000E+00    0.0000E+00    4.8098E+00    3.3000E-04
4.4304E+00  5.4441E-01 2.2111E+02    5.6865E-05    0.0000E+00    0.0000E+00    0.0000E+00    6.2814E+00    3.3000E-04
3.8321E+00  5.9485E-01 2.2674E+02    1.0362E-04    0.0000E+00    0.0000E+00    0.0000E+00    7.8790E+00    3.3000E-04
3.2344E+00  6.4851E-01 2.3231E+02    1.8173E-04    0.0000E+00    0.0000E+00    0.0000E+00    9.7404E+00    3.3000E-04
2.6381E+00  7.0544E-01 2.3778E+02    3.0658E-04    0.0000E+00    0.0000E+00    0.0000E+00    1.1869E+01    3.3000E-04
2.0443E+00  7.6566E-01 2.4310E+02    4.9701E-04    0.0000E+00    0.0000E+00    0.0000E+00    1.4254E+01    3.3000E-04
1.4541E+00  8.2918E-01 2.4824E+02    7.7353E-04    0.0000E+00    0.0000E+00    0.0000E+00    1.6871E+01    3.3000E-04
8.6867E-01  8.9598E-01 2.5314E+02    1.1552E-03    0.0000E+00    0.0000E+00    0.0000E+00    1.9681E+01    3.3000E-04
2.8925E-01  9.6600E-01 2.5778E+02    1.6560E-03    0.0000E+00    0.0000E+00    0.0000E+00    2.2638E+01    3.3000E-04
0.0000E+00  1.0025E+00 2.6000E+02    1.9559E-03    0.0000E+00    0.0000E+00    0.0000E+00    2.4167E+01    3.3000E-04

     ALT          P          T          FH2O           O3           THEAT        TCOOL        PSATCO2        FCO2
1.1389E+02  1.1586E-08 2.0000E+02    1.4227E-05    0.0000E+00    0.0000E+00    0.0000E+00    1.5785E+00    3.3000E-04
1.1206E+02  1.5536E-08 2.0000E+02    1.4227E-05    0.0000E+00    0.0000E+00    0.0000E+00    1.5785E+00    3.3000E-04
1.1025E+02  2.0786E-08 2.0000E+02    1.4227E-05    0.0000E+00    0.0000E+00    0.0000E+00    1.5785E+00    3.3000E-04
1.0845E+02  2.7748E-08 2.0000E+02    1.4227E-05    0.0000E+00    0.0000E+00    0.0000E+00    1.5785E+00    3.3000E-04
1.0666E+02  3.6960E-08 2.0000E+02    1.4227E-05    0.0000E+00    0.0000E+00    0.0000E+00    1.5785E+00    3.3000E-04
1.0489E+02  4.9120E-08 2.0000E+02    1.4227E-05    0.0000E+00    0.0000E+00    0.0000E+00    1.5785E+00    3.3000E-04
1.0314E+02  6.5136E-08 2.0000E+02    1.4227E-05    0.0000E+00    0.0000E+00    0.0000E+00    1.5785E+00    3.3000E-04
1.0140E+02  8.6183E-08 2.0000E+02    1.4227E-05    0.0000E+00    0.0000E+00    0.0000E+00    1.5785E+00    3.3000E-04
9.9670E+01  1.1378E-07 2.0000E+02    1.4227E-05    0.0000E+00    0.0000E+00    0.0000E+00    1.5785E+00    3.3000E-04
9.7958E+01  1.4987E-07 2.0000E+02    1.4227E-05    0.0000E+00    0.0000E+00    0.0000E+00    1.5785E+00    3.3000E-04
9.6261E+01  1.9698E-07 2.0000E+02    1.4227E-05    0.0000E+00    0.0000E+00    0.0000E+00    1.5785E+00    3.3000E-04
9.4579E+01  2.5832E-07 2.0000E+02    1.4227E-05    0.0000E+00    0.0000E+00    0.0000E+00    1.5785E+00    3.3000E-04
9.2912E+01  3.3800E-07 2.0000E+02    1.4227E-05    0.0000E+00    0.0000E+00    0.0000E+00    1.5785E+00    3.3000E-04
9.1259E+01  4.4129E-07 2.0000E+02    1.4227E-05    0.0000E+00    0.0000E+00    0.0000E+00    1.5785E+00    3.3000E-04
8.9621E+01  5.7485E-07 2.0000E+02    1.4227E-05    0.0000E+00    0.0000E+00    0.0000E+00    1.5785E+00    3.3000E-04
8.7997E+01  7.4717E-07 2.0000E+02    1.4227E-05    0.0000E+00    0.0000E+00    0.0000E+00    1.5785E+00    3.3000E-04
8.6388E+01  9.6900E-07 2.0000E+02    1.4227E-05    0.0000E+00    0.0000E+00    0.0000E+00    1.5785E+00    3.3000E-04
8.4793E+01  1.2539E-06 2.0000E+02    1.4227E-05    0.0000E+00    0.0000E+00    0.0000E+00    1.5785E+00    3.3000E-04
8.3214E+01  1.6189E-06 2.0000E+02    1.4227E-05    0.0000E+00    0.0000E+00    0.0000E+00    1.5785E+00    3.3000E-04
8.1648E+01  2.0856E-06 2.0000E+02    1.4227E-05    0.0000E+00    0.0000E+00    0.0000E+00    1.5785E+00    3.3000E-04
8.0097E+01  2.6808E-06 2.0000E+02    1.4227E-05    0.0000E+00    0.0000E+00    0.0000E+00    1.5785E+00    3.3000E-04
7.8561E+01  3.4382E-06 2.0000E+02    1.4227E-05    0.0000E+00    0.0000E+00    0.0000E+00    1.5785E+00    3.3000E-04
7.7039E+01  4.3999E-06 2.0000E+02    1.4227E-05    0.0000E+00    0.0000E+00    0.0000E+00    1.5785E+00    3.3000E-04
7.5531E+01  5.6179E-06 2.0000E+02    1.4227E-05    0.0000E+00    0.0000E+00    0.0000E+00    1.5785E+00    3.3000E-04
7.4038E+01  7.1572E-06 2.0000E+02    1.4227E-05    0.0000E+00    0.0000E+00    0.0000E+00    1.5785E+00    3.3000E-04
7.2560E+01  9.0981E-06 2.0000E+02    1.4227E-05    0.0000E+00    0.0000E+00    0.0000E+00    1.5785E+00    3.3000E-04
7.1095E+01  1.1540E-05 2.0000E+02    1.4227E-05    0.0000E+00    0.0000E+00    0.0000E+00    1.5785E+00    3.3000E-04
6.9646E+01  1.4604E-05 2.0000E+02    1.4227E-05    0.0000E+00    0.0000E+00    0.0000E+00    1.5785E+00    3.3000E-04
6.8210E+01  1.8440E-05 2.0000E+02    1.4227E-05    0.0000E+00    0.0000E+00    0.0000E+00    1.5785E+00    3.3000E-04
6.6789E+01  2.3233E-05 2.0000E+02    1.4227E-05    0.0000E+00    0.0000E+00    0.0000E+00    1.5785E+00    3.3000E-04
6.5382E+01  2.9206E-05 2.0000E+02    1.4227E-05    0.0000E+00    0.0000E+00    0.0000E+00    1.5785E+00    3.3000E-04
6.3989E+01  3.6634E-05 2.0000E+02    1.4227E-05    0.0000E+00    0.0000E+00    0.0000E+00    1.5785E+00    3.3000E-04
6.2611E+01  4.5848E-05 2.0000E+02    1.4227E-05    0.0000E+00    0.0000E+00    0.0000E+00    1.5785E+00    3.3000E-04
6.1247E+01  5.7253E-05 2.0000E+02    1.4227E-05    0.0000E+00    0.0000E+00    0.0000E+00    1.5785E+00    3.3000E-04
5.9897E+01  7.1335E-05 2.0000E+02    1.4227E-05    0.0000E+00    0.0000E+00    0.0000E+00    1.5785E+00    3.3000E-04
5.8561E+01  8.8684E-05 2.0000E+02    1.4227E-05    0.0000E+00    0.0000E+00    0.0000E+00    1.5785E+00    3.3000E-04
5.7240E+01  1.1001E-04 2.0000E+02    1.4227E-05    0.0000E+00    0.0000E+00    0.0000E+00    1.5785E+00    3.3000E-04
5.5932E+01  1.3615E-04 2.0000E+02    1.4227E-05    0.0000E+00    0.0000E+00    0.0000E+00    1.5785E+00    3.3000E-04
5.4639E+01  1.6814E-04 2.0000E+02    1.4227E-05    0.0000E+00    0.0000E+00    0.0000E+00    1.5785E+00    3.3000E-04
5.3360E+01  2.0718E-04 2.0000E+02    1.4227E-05    0.0000E+00    0.0000E+00    0.0000E+00    1.5785E+00    3.3000E-04
5.2095E+01  2.5471E-04 2.0000E+02    1.4227E-05    0.0000E+00    0.0000E+00    0.0000E+00    1.5785E+00    3.3000E-04
5.0845E+01  3.1246E-04 2.0000E+02    1.4227E-05    0.0000E+00    0.0000E+00    0.0000E+00    1.5785E+00    3.3000E-04
4.9608E+01  3.8245E-04 2.0000E+02    1.4227E-05    0.0000E+00    0.0000E+00    0.0000E+00    1.5785E+00    3.3000E-04
4.8386E+01  4.6707E-04 2.0000E+02    1.4227E-05    0.0000E+00    0.0000E+00    0.0000E+00    1.5785E+00    3.3000E-04
4.7177E+01  5.6915E-04 2.0000E+02    1.4227E-05    0.0000E+00    0.0000E+00    0.0000E+00    1.5785E+00    3.3000E-04
4.5983E+01  6.9199E-04 2.0000E+02    1.4227E-05    0.0000E+00    0.0000E+00    0.0000E+00    1.5785E+00    3.3000E-04
4.4802E+01  8.3949E-04 2.0000E+02    1.4227E-05    0.0000E+00    0.0000E+00    0.0000E+00    1.5785E+00    3.3000E-04
4.3636E+01  1.0162E-03 2.0000E+02    1.4227E-05    0.0000E+00    0.0000E+00    0.0000E+00    1.5785E+00    3.3000E-04
4.2484E+01  1.2273E-03 2.0000E+02    1.4227E-05    0.0000E+00    0.0000E+00    0.0000E+00    1.5785E+00    3.3000E-04
4.1345E+01  1.4789E-03 2.0000E+02    1.4227E-05    0.0000E+00    0.0000E+00    0.0000E+00    1.5785E+00    3.3000E-04
4.0221E+01  1.7783E-03 2.0000E+02    1.4227E-05    0.0000E+00    0.0000E+00    0.0000E+00    1.5785E+00    3.3000E-04
3.9110E+01  2.1334E-03 2.0000E+02    1.4227E-05    0.0000E+00    0.0000E+00    0.0000E+00    1.5785E+00    3.3000E-04
3.8014E+01  2.5538E-03 2.0000E+02    1.4227E-05    0.0000E+00    0.0000E+00    0.0000E+00    1.5785E+00    3.3000E-04
3.6931E+01  3.0502E-03 2.0000E+02    1.4227E-05    0.0000E+00    0.0000E+00    0.0000E+00    1.5785E+00    3.3000E-04
3.5863E+01  3.6351E-03 2.0000E+02    1.4227E-05    0.0000E+00    0.0000E+00    0.0000E+00    1.5785E+00    3.3000E-04
3.4808E+01  4.3224E-03 2.0000E+02    1.4227E-05    0.0000E+00    0.0000E+00    0.0000E+00    1.5785E+00    3.3000E-04
3.3767E+01  5.1283E-03 2.0000E+02    1.4227E-05    0.0000E+00    0.0000E+00    0.0000E+00    1.5785E+00    3.3000E-04
3.2740E+01  6.0709E-03 2.0000E+02    1.4227E-05    0.0000E+00    0.0000E+00    0.0000E+00    1.5785E+00    3.3000E-04
3.1727E+01  7.1708E-03 2.0000E+02    1.4227E-05    0.0000E+00    0.0000E+00    0.0000E+00    1.5785E+00    3.3000E-04
3.0728E+01  8.4512E-03 2.0000E+02    1.4227E-05    0.0000E+00    0.0000E+00    0.0000E+00    1.5785E+00    3.3000E-04
2.9743E+01  9.9380E-03 2.0000E+02    1.4227E-05    0.0000E+00    0.0000E+00    0.0000E+00    1.5785E+00    3.3000E-04
2.8771E+01  1.1660E-02 2.0000E+02    1.4227E-05    0.0000E+00    0.0000E+00    0.0000E+00    1.5785E+00    3.3000E-04
2.7813E+01  1.3651E-02 2.0000E+02    1.4227E-05    0.0000E+00    0.0000E+00    0.0000E+00    1.5785E+00    3.3000E-04
2.6870E+01  1.5946E-02 2.0000E+02    1.4227E-05    0.0000E+00    0.0000E+00    0.0000E+00    1.5785E+00    3.3000E-04
2.5939E+01  1.8585E-02 2.0000E+02    1.4227E-05    0.0000E+00    0.0000E+00    0.0000E+00    1.5785E+00    3.3000E-04
2.5023E+01  2.1613E-02 2.0000E+02    1.4227E-05    0.0000E+00    0.0000E+00    0.0000E+00    1.5785E+00    3.3000E-04
2.4120E+01  2.5078E-02 2.0000E+02    1.4227E-05    0.0000E+00    0.0000E+00    0.0000E+00    1.5785E+00    3.3000E-04
2.3232E+01  2.9035E-02 2.0000E+02    1.4227E-05    0.0000E+00    0.0000E+00    0.0000E+00    1.5785E+00    3.3000E-04
2.2357E+01  3.3541E-02 2.0000E+02    1.4227E-05    0.0000E+00    0.0000E+00    0.0000E+00    1.5785E+00    3.3000E-04
2.1495E+01  3.8659E-02 2.0000E+02    1.4227E-05    0.0000E+00    0.0000E+00    0.0000E+00    1.5785E+00    3.3000E-04
2.0648E+01  4.4460E-02 2.0000E+02    1.4227E-05    0.0000E+00    0.0000E+00    0.0000E+00    1.5785E+00    3.3000E-04
1.9814E+01  5.1018E-02 2.0000E+02    1.4227E-05    0.0000E+00    0.0000E+00    0.0000E+00    1.5785E+00    3.3000E-04
1.8993E+01  5.8413E-02 2.0000E+02    1.4227E-05    0.0000E+00    0.0000E+00    0.0000E+00    1.5785E+00    3.3000E-04
1.8187E+01  6.6732E-02 2.0000E+02    1.4227E-05    0.0000E+00    0.0000E+00    0.0000E+00    1.5785E+00    3.3000E-04
1.7394E+01  7.6065E-02 2.0000E+02    1.4227E-05    0.0000E+00    0.0000E+00    0.0000E+00    1.5785E+00    3.3000E-04
1.6615E+01  8.6511E-02 2.0000E+02    1.4227E-05    0.0000E+00    0.0000E+00    0.0000E+00    1.5785E+00    3.3000E-04
1.5849E+01  9.8173E-02 2.0000E+02    1.4227E-05    0.0000E+00    0.0000E+00    0.0000E+00    1.5785E+00    3.3000E-04
1.5097E+01  1.1116E-01 2.0000E+02    1.4227E-05    0.0000E+00    0.0000E+00    0.0000E+00    1.5785E+00    3.3000E-04
1.4359E+01  1.2558E-01 2.0000E+02    1.4227E-05    0.0000E+00    0.0000E+00    0.0000E+00    1.5785E+00    3.3000E-04
1.3635E+01  1.4157E-01 2.0000E+02    1.4227E-05    0.0000E+00    0.0000E+00    0.0000E+00    1.5785E+00    3.3000E-04
1.2924E+01  1.5923E-01 2.0000E+02    1.4227E-05    0.0000E+00    0.0000E+00    0.0000E+00    1.5785E+00    3.3000E-04
1.2226E+01  1.7869E-01 2.0000E+02    1.4227E-05    0.0000E+00    0.0000E+00    0.0000E+00    1.5785E+00    3.3000E-04
1.1542E+01  2.0009E-01 2.0000E+02    1.4227E-05    0.0000E+00    0.0000E+00    0.0000E+00    1.5785E+00    3.3000E-04
1.0872E+01  2.2355E-01 2.0000E+02    1.4227E-05    0.0000E+00    0.0000E+00    0.0000E+00    1.5785E+00    3.3000E-04
1.0216E+01  2.4921E-01 2.0000E+02    1.4227E-05    0.0000E+00    0.0000E+00    0.0000E+00    1.5785E+00    3.3000E-04
9.5633E+00  2.7720E-01 2.0582E+02    1.4227E-05    0.0000E+00    0.0000E+00    0.0000E+00    2.4502E+00    3.3000E-04
8.9058E+00  3.0765E-01 2.1207E+02    3.0844E-05    0.0000E+00    0.0000E+00    0.0000E+00    3.8233E+00    3.3000E-04
8.2431E+00  3.4068E-01 2.1833E+02    6.3877E-05    0.0000E+00    0.0000E+00    0.0000E+00    5.5905E+00    3.3000E-04
7.5761E+00  3.7641E-01 2.2459E+02    1.2636E-04    0.0000E+00    0.0000E+00    0.0000E+00    7.2360E+00    3.3000E-04
6.9058E+00  4.1498E-01 2.3078E+02    2.3852E-04    0.0000E+00    0.0000E+00    0.0000E+00    9.2008E+00    3.3000E-04
6.2332E+00  4.5647E-01 2.3686E+02    4.2866E-04    0.0000E+00    0.0000E+00    0.0000E+00    1.1489E+01    3.3000E-04
5.5596E+00  5.0100E-01 2.4274E+02    7.3141E-04    0.0000E+00    0.0000E+00    0.0000E+00    1.4081E+01    3.3000E-04
4.8863E+00  5.4866E-01 2.4835E+02    1.1822E-03    0.0000E+00    0.0000E+00    0.0000E+00    1.6932E+01    3.3000E-04
4.2150E+00  5.9950E-01 2.5363E+02    1.8091E-03    0.0000E+00    0.0000E+00    0.0000E+00    1.9979E+01    3.3000E-04
3.5472E+00  6.5361E-01 2.5854E+02    2.6256E-03    0.0000E+00    0.0000E+00    0.0000E+00    2.3154E+01    3.3000E-04
2.8846E+00  7.1102E-01 2.6306E+02    3.6290E-03    0.0000E+00    0.0000E+00    0.0000E+00    2.6394E+01    3.3000E-04
2.2285E+00  7.7174E-01 2.6721E+02    4.8030E-03    0.0000E+00    0.0000E+00    0.0000E+00    2.9650E+01    3.3000E-04
1.5806E+00  8.3580E-01 2.7102E+02    6.1234E-03    0.0000E+00    0.0000E+00    0.0000E+00    3.2891E+01    3.3000E-04
9.4177E-01  9.0315E-01 2.7467E+02    7.6460E-03    0.0000E+00    0.0000E+00    0.0000E+00    3.6229E+01    3.3000E-04
3.1286E-01  9.7377E-01 2.7826E+02    9.0413E-03    0.0000E+00    0.0000E+00    0.0000E+00    3.9761E+01    3.3000E-04
0.0000E+00  1.0106E+00 2.8000E+02    9.9355E-03    0.0000E+00    0.0000E+00    0.0000E+00    4.1560E+01    3.3000E-04

     ALT          P          T          FH2O           O3           THEAT        TCOOL        PSATCO2        FCO2
1.1599E+02  1.1588E-08 2.0000E+02    1.8234E-05    0.0000E+00    0.0000E+00    0.0000E+00    1.5785E+00    3.3000E-04
1.1416E+02  1.5545E-08 2.0000E+02    1.8234E-05    0.0000E+00    0.0000E+00    0.0000E+00    1.5785E+00    3.3000E-04
1.1234E+02  2.0806E-08 2.0000E+02    1.8234E-05    0.0000E+00    0.0000E+00    0.0000E+00    1.5785E+00    3.3000E-04
1.1054E+02  2.7786E-08 2.0000E+02    1.8234E-05    0.0000E+00    0.0000E+00    0.0000E+00    1.5785E+00    3.3000E-04
1.0875E+02  3.7025E-08 2.0000E+02    1.8234E-05    0.0000E+00    0.0000E+00    0.0000E+00    1.5785E+00    3.3000E-04
1.0697E+02  4.9226E-08 2.0000E+02    1.8234E-05    0.0000E+00    0.0000E+00    0.0000E+00    1.5785E+00    3.3000E-04
1.0522E+02  6.5303E-08 2.0000E+02    1.8234E-05    0.0000E+00    0.0000E+00    0.0000E+00    1.5785E+00    3.3000E-04
1.0347E+02  8.6436E-08 2.0000E+02    1.8234E-05    0.0000E+00    0.0000E+00    0.0000E+00    1.5785E+00    3.3000E-04
1.0174E+02  1.1415E-07 2.0000E+02    1.8234E-05    0.0000E+00    0.0000E+00    0.0000E+00    1.5785E+00    3.3000E-04
1.0003E+02  1.5042E-07 2.0000E+02    1.8234E-05    0.0000E+00    0.0000E+00    0.0000E+00    1.5785E+00    3.3000E-04
9.8329E+01  1.9778E-07 2.0000E+02    1.8234E-05    0.0000E+00    0.0000E+00    0.0000E+00    1.5785E+00    3.3000E-04
9.6644E+01  2.5946E-07 2.0000E+02    1.8234E-05    0.0000E+00    0.0000E+00    0.0000E+00    1.5785E+00    3.3000E-04
9.4974E+01  3.3962E-07 2.0000E+02    1.8234E-05    0.0000E+00    0.0000E+00    0.0000E+00    1.5785E+00    3.3000E-04
9.3318E+01  4.4356E-07 2.0000E+02    1.8234E-05    0.0000E+00    0.0000E+00    0.0000E+00    1.5785E+00    3.3000E-04
9.1677E+01  5.7802E-07 2.0000E+02    1.8234E-05    0.0000E+00    0.0000E+00    0.0000E+00    1.5785E+00    3.3000E-04
9.0051E+01  7.5157E-07 2.0000E+02    1.8234E-05    0.0000E+00    0.0000E+00    0.0000E+00    1.5785E+00    3.3000E-04
8.8439E+01  9.7504E-07 2.0000E+02    1.8234E-05    0.0000E+00    0.0000E+00    0.0000E+00    1.5785E+00    3.3000E-04
8.6842E+01  1.2621E-06 2.0000E+02    1.8234E-05    0.0000E+00    0.0000E+00    0.0000E+00    1.5785E+00    3.3000E-04
8.5260E+01  1.6302E-06 2.0000E+02    1.8234E-05    0.0000E+00    0.0000E+00    0.0000E+00    1.5785E+00    3.3000E-04
8.3692E+01  2.1008E-06 2.0000E+02    1.8234E-05    0.0000E+00    0.0000E+00    0.0000E+00    1.5785E+00    3.3000E-04
8.2138E+01  2.7013E-06 2.0000E+02    1.8234E-05    0.0000E+00    0.0000E+00    0.0000E+00    1.5785E+00    3.3000E-04
8.0599E+01  3.4656E-06 2.0000E+02    1.8234E-05    0.0000E+00    0.0000E+00    0.0000E+00    1.5785E+00    3.3000E-04
7.9075E+01  4.4364E-06 2.0000E+02    1.8234E-05    0.0000E+00    0.0000E+00    0.0000E+00    1.5785E+00    3.3000E-04
7.7565E+01  5.6665E-06 2.0000E+02    1.8234E-05    0.0000E+00    0.0000E+00    0.0000E+00    1.5785E+00    3.3000E-04
7.6069E+01  7.2215E-06 2.0000E+02    1.8234E-05    0.0000E+00    0.0000E+00    0.0000E+00    1.5785E+00    3.3000E-04
7.4588E+01  9.1827E-06 2.0000E+02    1.8234E-05    0.0000E+00    0.0000E+00    0.0000E+00    1.5785E+00    3.3000E-04
7.3121E+01  1.1651E-05 2.0000E+02    1.8234E-05    0.0000E+00    0.0000E+00    0.0000E+00    1.5785E+00    3.3000E-04
7.1669E+01  1.4749E-05 2.0000E+02    1.8234E-05    0.0000E+00    0.0000E+00    0.0000E+00    1.5785E+00    3.3000E-04
7.0231E+01  1.8630E-05 2.0000E+02    1.8234E-05    0.0000E+00    0.0000E+00    0.0000E+00    1.5785E+00    3.3000E-04
6.8807E+01  2.3479E-05 2.0000E+02    1.8234E-05    0.0000E+00    0.0000E+00    0.0000E+00    1.5785E+00    3.3000E-04
6.7398E+01  2.9525E-05 2.0000E+02    1.8234E-05    0.0000E+00    0.0000E+00    0.0000E+00    1.5785E+00    3.3000E-04
6.6003E+01  3.7045E-05 2.0000E+02    1.8234E-05    0.0000E+00    0.0000E+00    0.0000E+00    1.5785E+00    3.3000E-04
6.4623E+01  4.6376E-05 2.0000E+02    1.8234E-05    0.0000E+00    0.0000E+00    0.0000E+00    1.5785E+00    3.3000E-04
6.3256E+01  5.7930E-05 2.0000E+02    1.8234E-05    0.0000E+00    0.0000E+00    0.0000E+00    1.5785E+00    3.3000E-04
6.1904E+01  7.2200E-05 2.0000E+02    1.8234E-05    0.0000E+00    0.0000E+00    0.0000E+00    1.5785E+00    3.3000E-04
6.0566E+01  8.9786E-05 2.0000E+02    1.8234E-05    0.0000E+00    0.0000E+00    0.0000E+00    1.5785E+00    3.3000E-04
5.9243E+01  1.1141E-04 2.0000E+02    1.8234E-05    0.0000E+00    0.0000E+00    0.0000E+00    1.5785E+00    3.3000E-04
5.7933E+01  1.3793E-04 2.0000E+02    1.8234E-05    0.0000E+00    0.0000E+00    0.0000E+00    1.5785E+00    3.3000E-04
5.6638E+01  1.7038E-04 2.0000E+02    1.8234E-05    0.0000E+00    0.0000E+00    0.0000E+00    1.5785E+00    3.3000E-04
5.5357E+01  2.0999E-04 2.0000E+02    1.8234E-05    0.0000E+00    0.0000E+00    0.0000E+00    1.5785E+00    3.3000E-04
5.4090E+01  2.5825E-04 2.0000E+02    1.8234E-05    0.0000E+00    0.0000E+00    0.0000E+00    1.5785E+00    3.3000E-04
5.2837E+01  3.1689E-04 2.0000E+02    1.8234E-05    0.0000E+00    0.0000E+00    0.0000E+00    1.5785E+00    3.3000E-04
5.1598E+01  3.8797E-04 2.0000E+02    1.8234E-05    0.0000E+00    0.0000E+00    0.0000E+00    1.5785E+00    3.3000E-04
5.0374E+01  4.7394E-04 2.0000E+02    1.8234E-05    0.0000E+00    0.0000E+00    0.0000E+00    1.5785E+00    3.3000E-04
4.9163E+01  5.7768E-04 2.0000E+02    1.8234E-05    0.0000E+00    0.0000E+00    0.0000E+00    1.5785E+00    3.3000E-04
4.7967E+01  7.0255E-04 2.0000E+02    1.8234E-05    0.0000E+00    0.0000E+00    0.0000E+00    1.5785E+00    3.3000E-04
4.6785E+01  8.5252E-04 2.0000E+02    1.8234E-05    0.0000E+00    0.0000E+00    0.0000E+00    1.5785E+00    3.3000E-04
4.5616E+01  1.0322E-03 2.0000E+02    1.8234E-05    0.0000E+00    0.0000E+00    0.0000E+00    1.5785E+00    3.3000E-04
4.4462E+01  1.2470E-03 2.0000E+02    1.8234E-05    0.0000E+00    0.0000E+00    0.0000E+00    1.5785E+00    3.3000E-04
4.3322E+01  1.5031E-03 2.0000E+02    1.8234E-05    0.0000E+00    0.0000E+00    0.0000E+00    1.5785E+00    3.3000E-04
4.2196E+01  1.8077E-03 2.0000E+02    1.8234E-05    0.0000E+00    0.0000E+00    0.0000E+00    1.5785E+00    3.3000E-04
4.1083E+01  2.1693E-03 2.0000E+02    1.8234E-05    0.0000E+00    0.0000E+00    0.0000E+00    1.5785E+00    3.3000E-04
3.9985E+01  2.5974E-03 2.0000E+02    1.8234E-05    0.0000E+00    0.0000E+00    0.0000E+00    1.5785E+00    3.3000E-04
3.8901E+01  3.1030E-03 2.0000E+02    1.8234E-05    0.0000E+00    0.0000E+00    0.0000E+00    1.5785E+00    3.3000E-04
3.7831E+01  3.6989E-03 2.0000E+02    1.8234E-05    0.0000E+00    0.0000E+00    0.0000E+00    1.5785E+00    3.3000E-04
3.6774E+01  4.3993E-03 2.0000E+02    1.8234E-05    0.0000E+00    0.0000E+00    0.0000E+00    1.5785E+00    3.3000E-04
3.5732E+01  5.2208E-03 2.0000E+02    1.8234E-05    0.0000E+00    0.0000E+00    0.0000E+00    1.5785E+00    3.3000E-04
3.4703E+01  6.1818E-03 2.0000E+02    1.8234E-05    0.0000E+00    0.0000E+00    0.0000E+00    1.5785E+00    3.3000E-04
3.3688E+01  7.3034E-03 2.0000E+02    1.8234E-05    0.0000E+00    0.0000E+00    0.0000E+00    1.5785E+00    3.3000E-04
3.2687E+01  8.6094E-03 2.0000E+02    1.8234E-05    0.0000E+00    0.0000E+00    0.0000E+00    1.5785E+00    3.3000E-04
3.1700E+01  1.0126E-02 2.0000E+02    1.8234E-05    0.0000E+00    0.0000E+00    0.0000E+00    1.5785E+00    3.3000E-04
3.0727E+01  1.1884E-02 2.0000E+02    1.8234E-05    0.0000E+00    0.0000E+00    0.0000E+00    1.5785E+00    3.3000E-04
2.9768E+01  1.3916E-02 2.0000E+02    1.8234E-05    0.0000E+00    0.0000E+00    0.0000E+00    1.5785E+00    3.3000E-04
2.8822E+01  1.6258E-02 2.0000E+02    1.8234E-05    0.0000E+00    0.0000E+00    0.0000E+00    1.5785E+00    3.3000E-04
2.7891E+01  1.8953E-02 2.0000E+02    1.8234E-05    0.0000E+00    0.0000E+00    0.0000E+00    1.5785E+00    3.3000E-04
2.6973E+01  2.2046E-02 2.0000E+02    1.8234E-05    0.0000E+00    0.0000E+00    0.0000E+00    1.5785E+00    3.3000E-04
2.6069E+01  2.5586E-02 2.0000E+02    1.8234E-05    0.0000E+00    0.0000E+00    0.0000E+00    1.5785E+00    3.3000E-04
2.5178E+01  2.9628E-02 2.0000E+02    1.8234E-05    0.0000E+00    0.0000E+00    0.0000E+00    1.5785E+00    3.3000E-04
2.4302E+01  3.4232E-02 2.0000E+02    1.8234E-05    0.0000E+00    0.0000E+00    0.0000E+00    1.5785E+00    3.3000E-04
2.3439E+01  3.9464E-02 2.0000E+02    1.8234E-05    0.0000E+00    0.0000E+00    0.0000E+00    1.5785E+00    3.3000E-04
2.2590E+01  4.5395E-02 2.0000E+02    1.8234E-05    0.0000E+00    0.0000E+00    0.0000E+00    1.5785E+00    3.3000E-04
2.1755E+01  5.2100E-02 2.0000E+02    1.8234E-05    0.0000E+00    0.0000E+00    0.0000E+00    1.5785E+00    3.3000E-04
2.0933E+01  5.9663E-02 2.0000E+02    1.8234E-05    0.0000E+00    0.0000E+00    0.0000E+00    1.5785E+00    3.3000E-04
2.0125E+01  6.8172E-02 2.0000E+02    1.8234E-05    0.0000E+00    0.0000E+00    0.0000E+00    1.5785E+00    3.3000E-04
1.9331E+01  7.7721E-02 2.0000E+02    1.8234E-05    0.0000E+00    0.0000E+00    0.0000E+00    1.5785E+00    3.3000E-04
1.8551E+01  8.8409E-02 2.0000E+02    1.8234E-05    0.0000E+00    0.0000E+00    0.0000E+00    1.5785E+00    3.3000E-04
1.7784E+01  1.0034E-01 2.0000E+02    1.8234E-05    0.0000E+00    0.0000E+00    0.0000E+00    1.5785E+00    3.3000E-04
1.7031E+01  1.1364E-01 2.0000E+02    1.8234E-05    0.0000E+00    0.0000E+00    0.0000E+00    1.5785E+00    3.3000E-04
1.6287E+01  1.2840E-01 2.0228E+02    1.8234E-05    0.0000E+00    0.0000E+00    0.0000E+00    1.8808E+00    3.3000E-04
1.5540E+01  1.4477E-01 2.0935E+02    4.5046E-05    0.0000E+00    0.0000E+00    0.0000E+00    3.1617E+00    3.3000E-04
1.4782E+01  1.6285E-01 2.1647E+02    1.0493E-04    0.0000E+00    0.0000E+00    0.0000E+00    5.1495E+00    3.3000E-04
1.4014E+01  1.8279E-01 2.2357E+02    2.2981E-04    0.0000E+00    0.0000E+00    0.0000E+00    6.9461E+00    3.3000E-04
1.3236E+01  2.0471E-01 2.3055E+02    4.7063E-04    0.0000E+00    0.0000E+00    0.0000E+00    9.1200E+00    3.3000E-04
1.2451E+01  2.2875E-01 2.3727E+02    8.9472E-04    0.0000E+00    0.0000E+00    0.0000E+00    1.1658E+01    3.3000E-04
1.1660E+01  2.5505E-01 2.4359E+02    1.5701E-03    0.0000E+00    0.0000E+00    0.0000E+00    1.4491E+01    3.3000E-04
1.0865E+01  2.8373E-01 2.4942E+02    2.5417E-03    0.0000E+00    0.0000E+00    0.0000E+00    1.7520E+01    3.3000E-04
1.0070E+01  3.1494E-01 2.5472E+02    3.8169E-03    0.0000E+00    0.0000E+00    0.0000E+00    2.0652E+01    3.3000E-04
9.2756E+00  3.4880E-01 2.5950E+02    5.3703E-03    0.0000E+00    0.0000E+00    0.0000E+00    2.3815E+01    3.3000E-04
8.4845E+00  3.8544E-01 2.6382E+02    7.1582E-03    0.0000E+00    0.0000E+00    0.0000E+00    2.6968E+01    3.3000E-04
7.6985E+00  4.2499E-01 2.6775E+02    9.1329E-03    0.0000E+00    0.0000E+00    0.0000E+00    3.0092E+01    3.3000E-04
6.9192E+00  4.6755E-01 2.7135E+02    1.1250E-02    0.0000E+00    0.0000E+00    0.0000E+00    3.3182E+01    3.3000E-04
6.1475E+00  5.1322E-01 2.7488E+02    1.3668E-02    0.0000E+00    0.0000E+00    0.0000E+00    3.6428E+01    3.3000E-04
5.3841E+00  5.6210E-01 2.7840E+02    1.5834E-02    0.0000E+00    0.0000E+00    0.0000E+00    3.9899E+01    3.3000E-04
4.6297E+00  6.1427E-01 2.8173E+02    1.8349E-02    0.0000E+00    0.0000E+00    0.0000E+00    4.3413E+01    3.3000E-04
3.8852E+00  6.6979E-01 2.8491E+02    2.0842E-02    0.0000E+00    0.0000E+00    0.0000E+00    4.6976E+01    3.3000E-04
3.1515E+00  7.2870E-01 2.8791E+02    2.3093E-02    0.0000E+00    0.0000E+00    0.0000E+00    5.0547E+01    3.3000E-04
2.4293E+00  7.9103E-01 2.9080E+02    2.5803E-02    0.0000E+00    0.0000E+00    0.0000E+00    5.4175E+01    3.3000E-04
1.7193E+00  8.5677E-01 2.9356E+02    2.8086E-02    0.0000E+00    0.0000E+00    0.0000E+00    5.7827E+01    3.3000E-04
1.0224E+00  9.2592E-01 2.9621E+02    3.0738E-02    0.0000E+00    0.0000E+00    0.0000E+00    6.1515E+01    3.3000E-04
3.3896E-01  9.9842E-01 2.9875E+02    3.3039E-02    0.0000E+00    0.0000E+00    0.0000E+00    6.5237E+01    3.3000E-04
0.0000E+00  1.0362E+00 3.0000E+02    3.4424E-02    0.0000E+00    0.0000E+00    0.0000E+00    6.7125E+01    3.3000E-04

     ALT          P          T          FH2O           O3           THEAT        TCOOL        PSATCO2        FCO2
1.2083E+02  1.1595E-08 2.0000E+02    1.0653E-04    0.0000E+00    0.0000E+00    0.0000E+00    1.5785E+00    3.3000E-04
1.1899E+02  1.5570E-08 2.0000E+02    1.0653E-04    0.0000E+00    0.0000E+00    0.0000E+00    1.5785E+00    3.3000E-04
1.1716E+02  2.0861E-08 2.0000E+02    1.0653E-04    0.0000E+00    0.0000E+00    0.0000E+00    1.5785E+00    3.3000E-04
1.1535E+02  2.7888E-08 2.0000E+02    1.0653E-04    0.0000E+00    0.0000E+00    0.0000E+00    1.5785E+00    3.3000E-04
1.1356E+02  3.7198E-08 2.0000E+02    1.0653E-04    0.0000E+00    0.0000E+00    0.0000E+00    1.5785E+00    3.3000E-04
1.1178E+02  4.9507E-08 2.0000E+02    1.0653E-04    0.0000E+00    0.0000E+00    0.0000E+00    1.5785E+00    3.3000E-04
1.1001E+02  6.5741E-08 2.0000E+02    1.0653E-04    0.0000E+00    0.0000E+00    0.0000E+00    1.5785E+00    3.3000E-04
1.0826E+02  8.7102E-08 2.0000E+02    1.0653E-04    0.0000E+00    0.0000E+00    0.0000E+00    1.5785E+00    3.3000E-04
1.0652E+02  1.1515E-07 2.0000E+02    1.0653E-04    0.0000E+00    0.0000E+00    0.0000E+00    1.5785E+00    3.3000E-04
1.0480E+02  1.5188E-07 2.0000E+02    1.0653E-04    0.0000E+00    0.0000E+00    0.0000E+00    1.5785E+00    3.3000E-04
1.0309E+02  1.9989E-07 2.0000E+02    1.0653E-04    0.0000E+00    0.0000E+00    0.0000E+00    1.5785E+00    3.3000E-04
1.0140E+02  2.6249E-07 2.0000E+02    1.0653E-04    0.0000E+00    0.0000E+00    0.0000E+00    1.5785E+00    3.3000E-04
9.9724E+01  3.4392E-07 2.0000E+02    1.0653E-04    0.0000E+00    0.0000E+00    0.0000E+00    1.5785E+00    3.3000E-04
9.8061E+01  4.4960E-07 2.0000E+02    1.0653E-04    0.0000E+00    0.0000E+00    0.0000E+00    1.5785E+00    3.3000E-04
9.6413E+01  5.8644E-07 2.0000E+02    1.0653E-04    0.0000E+00    0.0000E+00    0.0000E+00    1.5785E+00    3.3000E-04
9.4780E+01  7.6322E-07 2.0000E+02    1.0653E-04    0.0000E+00    0.0000E+00    0.0000E+00    1.5785E+00    3.3000E-04
9.3162E+01  9.9108E-07 2.0000E+02    1.0653E-04    0.0000E+00    0.0000E+00    0.0000E+00    1.5785E+00    3.3000E-04
9.1558E+01  1.2841E-06 2.0000E+02    1.0653E-04    0.0000E+00    0.0000E+00    0.0000E+00    1.5785E+00    3.3000E-04
8.9969E+01  1.6600E-06 2.0000E+02    1.0653E-04    0.0000E+00    0.0000E+00    0.0000E+00    1.5785E+00    3.3000E-04
8.8394E+01  2.1412E-06 2.0000E+02    1.0653E-04    0.0000E+00    0.0000E+00    0.0000E+00    1.5785E+00    3.3000E-04
8.6834E+01  2.7557E-06 2.0000E+02    1.0653E-04    0.0000E+00    0.0000E+00    0.0000E+00    1.5785E+00    3.3000E-04
8.5289E+01  3.5386E-06 2.0000E+02    1.0653E-04    0.0000E+00    0.0000E+00    0.0000E+00    1.5785E+00    3.3000E-04
8.3758E+01  4.5338E-06 2.0000E+02    1.0653E-04    0.0000E+00    0.0000E+00    0.0000E+00    1.5785E+00    3.3000E-04
8.2241E+01  5.7959E-06 2.0000E+02    1.0653E-04    0.0000E+00    0.0000E+00    0.0000E+00    1.5785E+00    3.3000E-04
8.0739E+01  7.3928E-06 2.0000E+02    1.0653E-04    0.0000E+00    0.0000E+00    0.0000E+00    1.5785E+00    3.3000E-04
7.9252E+01  9.4086E-06 2.0000E+02    1.0653E-04    0.0000E+00    0.0000E+00    0.0000E+00    1.5785E+00    3.3000E-04
7.7779E+01  1.1947E-05 2.0000E+02    1.0653E-04    0.0000E+00    0.0000E+00    0.0000E+00    1.5785E+00    3.3000E-04
7.6321E+01  1.5137E-05 2.0000E+02    1.0653E-04    0.0000E+00    0.0000E+00    0.0000E+00    1.5785E+00    3.3000E-04
7.4877E+01  1.9136E-05 2.0000E+02    1.0653E-04    0.0000E+00    0.0000E+00    0.0000E+00    1.5785E+00    3.3000E-04
7.3447E+01  2.4137E-05 2.0000E+02    1.0653E-04    0.0000E+00    0.0000E+00    0.0000E+00    1.5785E+00    3.3000E-04
7.2032E+01  3.0377E-05 2.0000E+02    1.0653E-04    0.0000E+00    0.0000E+00    0.0000E+00    1.5785E+00    3.3000E-04
7.0631E+01  3.8145E-05 2.0000E+02    1.0653E-04    0.0000E+00    0.0000E+00    0.0000E+00    1.5785E+00    3.3000E-04
6.9245E+01  4.7792E-05 2.0000E+02    1.0653E-04    0.0000E+00    0.0000E+00    0.0000E+00    1.5785E+00    3.3000E-04
6.7872E+01  5.9746E-05 2.0000E+02    1.0653E-04    0.0000E+00    0.0000E+00    0.0000E+00    1.5785E+00    3.3000E-04
6.6515E+01  7.4522E-05 2.0000E+02    1.0653E-04    0.0000E+00    0.0000E+00    0.0000E+00    1.5785E+00    3.3000E-04
6.5171E+01  9.2745E-05 2.0000E+02    1.0653E-04    0.0000E+00    0.0000E+00    0.0000E+00    1.5785E+00    3.3000E-04
6.3842E+01  1.1517E-04 2.0000E+02    1.0653E-04    0.0000E+00    0.0000E+00    0.0000E+00    1.5785E+00    3.3000E-04
6.2527E+01  1.4269E-04 2.0000E+02    1.0653E-04    0.0000E+00    0.0000E+00    0.0000E+00    1.5785E+00    3.3000E-04
6.1226E+01  1.7639E-04 2.0000E+02    1.0653E-04    0.0000E+00    0.0000E+00    0.0000E+00    1.5785E+00    3.3000E-04
5.9940E+01  2.1757E-04 2.0000E+02    1.0653E-04    0.0000E+00    0.0000E+00    0.0000E+00    1.5785E+00    3.3000E-04
5.8667E+01  2.6777E-04 2.0000E+02    1.0653E-04    0.0000E+00    0.0000E+00    0.0000E+00    1.5785E+00    3.3000E-04
5.7409E+01  3.2880E-04 2.0000E+02    1.0653E-04    0.0000E+00    0.0000E+00    0.0000E+00    1.5785E+00    3.3000E-04
5.6165E+01  4.0285E-04 2.0000E+02    1.0653E-04    0.0000E+00    0.0000E+00    0.0000E+00    1.5785E+00    3.3000E-04
5.4936E+01  4.9247E-04 2.0000E+02    1.0653E-04    0.0000E+00    0.0000E+00    0.0000E+00    1.5785E+00    3.3000E-04
5.3720E+01  6.0069E-04 2.0000E+02    1.0653E-04    0.0000E+00    0.0000E+00    0.0000E+00    1.5785E+00    3.3000E-04
5.2519E+01  7.3105E-04 2.0000E+02    1.0653E-04    0.0000E+00    0.0000E+00    0.0000E+00    1.5785E+00    3.3000E-04
5.1331E+01  8.8771E-04 2.0000E+02    1.0653E-04    0.0000E+00    0.0000E+00    0.0000E+00    1.5785E+00    3.3000E-04
5.0158E+01  1.0755E-03 2.0000E+02    1.0653E-04    0.0000E+00    0.0000E+00    0.0000E+00    1.5785E+00    3.3000E-04
4.8999E+01  1.3002E-03 2.0000E+02    1.0653E-04    0.0000E+00    0.0000E+00    0.0000E+00    1.5785E+00    3.3000E-04
4.7854E+01  1.5683E-03 2.0000E+02    1.0653E-04    0.0000E+00    0.0000E+00    0.0000E+00    1.5785E+00    3.3000E-04
4.6723E+01  1.8874E-03 2.0000E+02    1.0653E-04    0.0000E+00    0.0000E+00    0.0000E+00    1.5785E+00    3.3000E-04
4.5606E+01  2.2663E-03 2.0000E+02    1.0653E-04    0.0000E+00    0.0000E+00    0.0000E+00    1.5785E+00    3.3000E-04
4.4503E+01  2.7153E-03 2.0000E+02    1.0653E-04    0.0000E+00    0.0000E+00    0.0000E+00    1.5785E+00    3.3000E-04
4.3414E+01  3.2460E-03 2.0000E+02    1.0653E-04    0.0000E+00    0.0000E+00    0.0000E+00    1.5785E+00    3.3000E-04
4.2339E+01  3.8717E-03 2.0000E+02    1.0653E-04    0.0000E+00    0.0000E+00    0.0000E+00    1.5785E+00    3.3000E-04
4.1279E+01  4.6078E-03 2.0000E+02    1.0653E-04    0.0000E+00    0.0000E+00    0.0000E+00    1.5785E+00    3.3000E-04
4.0232E+01  5.4715E-03 2.0000E+02    1.0653E-04    0.0000E+00    0.0000E+00    0.0000E+00    1.5785E+00    3.3000E-04
3.9199E+01  6.4825E-03 2.0000E+02    1.0653E-04    0.0000E+00    0.0000E+00    0.0000E+00    1.5785E+00    3.3000E-04
3.8180E+01  7.6633E-03 2.0000E+02    1.0653E-04    0.0000E+00    0.0000E+00    0.0000E+00    1.5785E+00    3.3000E-04
3.7175E+01  9.0389E-03 2.0000E+02    1.0653E-04    0.0000E+00    0.0000E+00    0.0000E+00    1.5785E+00    3.3000E-04
3.6183E+01  1.0638E-02 2.0000E+02    1.0653E-04    0.0000E+00    0.0000E+00    0.0000E+00    1.5785E+00    3.3000E-04
3.5206E+01  1.2491E-02 2.0000E+02    1.0653E-04    0.0000E+00    0.0000E+00    0.0000E+00    1.5785E+00    3.3000E-04
3.4243E+01  1.4635E-02 2.0000E+02    1.0653E-04    0.0000E+00    0.0000E+00    0.0000E+00    1.5785E+00    3.3000E-04
3.3293E+01  1.7108E-02 2.0000E+02    1.0653E-04    0.0000E+00    0.0000E+00    0.0000E+00    1.5785E+00    3.3000E-04
3.2358E+01  1.9955E-02 2.0000E+02    1.0653E-04    0.0000E+00    0.0000E+00    0.0000E+00    1.5785E+00    3.3000E-04
3.1436E+01  2.3223E-02 2.0000E+02    1.0653E-04    0.0000E+00    0.0000E+00    0.0000E+00    1.5785E+00    3.3000E-04
3.0528E+01  2.6967E-02 2.0000E+02    1.0653E-04    0.0000E+00    0.0000E+00    0.0000E+00    1.5785E+00    3.3000E-04
2.9624E+01  3.1243E-02 2.0465E+02    1.0653E-04    0.0000E+00    0.0000E+00    0.0000E+00    2.2482E+00    3.3000E-04
2.8705E+01  3.6117E-02 2.1304E+02    2.9984E-04    0.0000E+00    0.0000E+00    0.0000E+00    4.0879E+00    3.3000E-04
2.7764E+01  4.1659E-02 2.2117E+02    7.4923E-04    0.0000E+00    0.0000E+00    0.0000E+00    6.2983E+00    3.3000E-04
2.6805E+01  4.7943E-02 2.2872E+02    1.6254E-03    0.0000E+00    0.0000E+00    0.0000E+00    8.5084E+00    3.3000E-04
2.5831E+01  5.5052E-02 2.3544E+02    3.0426E-03    0.0000E+00    0.0000E+00    0.0000E+00    1.0923E+01    3.3000E-04
2.4846E+01  6.3073E-02 2.4130E+02    4.9962E-03    0.0000E+00    0.0000E+00    0.0000E+00    1.3410E+01    3.3000E-04
2.3855E+01  7.2102E-02 2.4640E+02    7.3983E-03    0.0000E+00    0.0000E+00    0.0000E+00    1.5897E+01    3.3000E-04
2.2860E+01  8.2240E-02 2.5091E+02    1.0142E-02    0.0000E+00    0.0000E+00    0.0000E+00    1.8360E+01    3.3000E-04
2.1865E+01  9.3594E-02 2.5495E+02    1.3133E-02    0.0000E+00    0.0000E+00    0.0000E+00    2.0800E+01    3.3000E-04
2.0871E+01  1.0628E-01 2.5864E+02    1.6300E-02    0.0000E+00    0.0000E+00    0.0000E+00    2.3224E+01    3.3000E-04
1.9880E+01  1.2041E-01 2.6205E+02    1.9589E-02    0.0000E+00    0.0000E+00    0.0000E+00    2.5644E+01    3.3000E-04
1.8894E+01  1.3612E-01 2.6524E+02    2.2961E-02    0.0000E+00    0.0000E+00    0.0000E+00    2.8069E+01    3.3000E-04
1.7913E+01  1.5353E-01 2.6825E+02    2.6385E-02    0.0000E+00    0.0000E+00    0.0000E+00    3.0508E+01    3.3000E-04
1.6939E+01  1.7278E-01 2.7111E+02    2.9839E-02    0.0000E+00    0.0000E+00    0.0000E+00    3.2968E+01    3.3000E-04
1.5972E+01  1.9401E-01 2.7395E+02    3.3660E-02    0.0000E+00    0.0000E+00    0.0000E+00    3.5552E+01    3.3000E-04
1.5013E+01  2.1737E-01 2.7699E+02    3.7352E-02    0.0000E+00    0.0000E+00    0.0000E+00    3.8483E+01    3.3000E-04
1.4061E+01  2.4299E-01 2.7995E+02    4.1187E-02    0.0000E+00    0.0000E+00    0.0000E+00    4.1512E+01    3.3000E-04
1.3118E+01  2.7102E-01 2.8281E+02    4.4416E-02    0.0000E+00    0.0000E+00    0.0000E+00    4.4598E+01    3.3000E-04
1.2183E+01  3.0162E-01 2.8561E+02    4.8501E-02    0.0000E+00    0.0000E+00    0.0000E+00    4.7792E+01    3.3000E-04
1.1259E+01  3.3492E-01 2.8833E+02    5.1589E-02    0.0000E+00    0.0000E+00    0.0000E+00    5.1055E+01    3.3000E-04
1.0344E+01  3.7106E-01 2.9099E+02    5.5658E-02    0.0000E+00    0.0000E+00    0.0000E+00    5.4422E+01    3.3000E-04
9.4405E+00  4.1019E-01 2.9359E+02    5.8811E-02    0.0000E+00    0.0000E+00    0.0000E+00    5.7876E+01    3.3000E-04
8.5484E+00  4.5243E-01 2.9614E+02    6.2677E-02    0.0000E+00    0.0000E+00    0.0000E+00    6.1426E+01    3.3000E-04
7.6682E+00  4.9791E-01 2.9864E+02    6.5764E-02    0.0000E+00    0.0000E+00    0.0000E+00    6.5069E+01    3.3000E-04
6.8006E+00  5.4673E-01 3.0109E+02    6.9528E-02    0.0000E+00    0.0000E+00    0.0000E+00    6.8808E+01    3.3000E-04
5.9461E+00  5.9900E-01 3.0348E+02    7.2413E-02    0.0000E+00    0.0000E+00    0.0000E+00    7.2638E+01    3.3000E-04
5.1051E+00  6.5480E-01 3.0584E+02    7.6169E-02    0.0000E+00    0.0000E+00    0.0000E+00    7.6569E+01    3.3000E-04
4.2782E+00  7.1420E-01 3.0813E+02    7.8720E-02    0.0000E+00    0.0000E+00    0.0000E+00    8.0577E+01    3.3000E-04
3.4659E+00  7.7725E-01 3.1040E+02    8.2537E-02    0.0000E+00    0.0000E+00    0.0000E+00    8.4697E+01    3.3000E-04
2.6685E+00  8.4397E-01 3.1260E+02    8.5190E-02    0.0000E+00    0.0000E+00    0.0000E+00    8.8889E+01    3.3000E-04
1.8867E+00  9.1438E-01 3.1478E+02    8.8584E-02    0.0000E+00    0.0000E+00    0.0000E+00    9.3190E+01    3.3000E-04
1.1207E+00  9.8845E-01 3.1689E+02    9.1409E-02    0.0000E+00    0.0000E+00    0.0000E+00    9.7557E+01    3.3000E-04
3.7124E-01  1.0661E+00 3.1897E+02    9.4198E-02    0.0000E+00    0.0000E+00    0.0000E+00    1.0202E+02    3.3000E-04
0.0000E+00  1.1066E+00 3.2000E+02    9.5870E-02    0.0000E+00    0.0000E+00    0.0000E+00    1.0429E+02    3.3000E-04

     ALT          P          T          FH2O           O3           THEAT        TCOOL        PSATCO2        FCO2
1.3064E+02  1.1608E-08 2.0000E+02    1.9425E-03    0.0000E+00    0.0000E+00    0.0000E+00    1.5785E+00    3.3000E-04
1.2878E+02  1.5622E-08 2.0000E+02    1.9425E-03    0.0000E+00    0.0000E+00    0.0000E+00    1.5785E+00    3.3000E-04
1.2694E+02  2.0978E-08 2.0000E+02    1.9425E-03    0.0000E+00    0.0000E+00    0.0000E+00    1.5785E+00    3.3000E-04
1.2511E+02  2.8106E-08 2.0000E+02    1.9425E-03    0.0000E+00    0.0000E+00    0.0000E+00    1.5785E+00    3.3000E-04
1.2329E+02  3.7571E-08 2.0000E+02    1.9425E-03    0.0000E+00    0.0000E+00    0.0000E+00    1.5785E+00    3.3000E-04
1.2150E+02  5.0111E-08 2.0000E+02    1.9425E-03    0.0000E+00    0.0000E+00    0.0000E+00    1.5785E+00    3.3000E-04
1.1971E+02  6.6686E-08 2.0000E+02    1.9425E-03    0.0000E+00    0.0000E+00    0.0000E+00    1.5785E+00    3.3000E-04
1.1794E+02  8.8544E-08 2.0000E+02    1.9425E-03    0.0000E+00    0.0000E+00    0.0000E+00    1.5785E+00    3.3000E-04
1.1619E+02  1.1730E-07 2.0000E+02    1.9425E-03    0.0000E+00    0.0000E+00    0.0000E+00    1.5785E+00    3.3000E-04
1.1445E+02  1.5505E-07 2.0000E+02    1.9425E-03    0.0000E+00    0.0000E+00    0.0000E+00    1.5785E+00    3.3000E-04
1.1273E+02  2.0449E-07 2.0000E+02    1.9425E-03    0.0000E+00    0.0000E+00    0.0000E+00    1.5785E+00    3.3000E-04
1.1102E+02  2.6907E-07 2.0000E+02    1.9425E-03    0.0000E+00    0.0000E+00    0.0000E+00    1.5785E+00    3.3000E-04
1.0933E+02  3.5327E-07 2.0000E+02    1.9425E-03    0.0000E+00    0.0000E+00    0.0000E+00    1.5785E+00    3.3000E-04
1.0765E+02  4.6276E-07 2.0000E+02    1.9425E-03    0.0000E+00    0.0000E+00    0.0000E+00    1.5785E+00    3.3000E-04
1.0598E+02  6.0483E-07 2.0000E+02    1.9425E-03    0.0000E+00    0.0000E+00    0.0000E+00    1.5785E+00    3.3000E-04
1.0433E+02  7.8873E-07 2.0000E+02    1.9425E-03    0.0000E+00    0.0000E+00    0.0000E+00    1.5785E+00    3.3000E-04
1.0270E+02  1.0262E-06 2.0000E+02    1.9425E-03    0.0000E+00    0.0000E+00    0.0000E+00    1.5785E+00    3.3000E-04
1.0108E+02  1.3323E-06 2.0000E+02    1.9425E-03    0.0000E+00    0.0000E+00    0.0000E+00    1.5785E+00    3.3000E-04
9.9476E+01  1.7256E-06 2.0000E+02    1.9425E-03    0.0000E+00    0.0000E+00    0.0000E+00    1.5785E+00    3.3000E-04
9.7886E+01  2.2301E-06 2.0000E+02    1.9425E-03    0.0000E+00    0.0000E+00    0.0000E+00    1.5785E+00    3.3000E-04
9.6311E+01  2.8756E-06 2.0000E+02    1.9425E-03    0.0000E+00    0.0000E+00    0.0000E+00    1.5785E+00    3.3000E-04
9.4751E+01  3.6997E-06 2.0000E+02    1.9425E-03    0.0000E+00    0.0000E+00    0.0000E+00    1.5785E+00    3.3000E-04
9.3205E+01  4.7491E-06 2.0000E+02    1.9425E-03    0.0000E+00    0.0000E+00    0.0000E+00    1.5785E+00    3.3000E-04
9.1674E+01  6.0824E-06 2.0000E+02    1.9425E-03    0.0000E+00    0.0000E+00    0.0000E+00    1.5785E+00    3.3000E-04
9.0157E+01  7.7726E-06 2.0000E+02    1.9425E-03    0.0000E+00    0.0000E+00    0.0000E+00    1.5785E+00    3.3000E-04
8.8656E+01  9.9101E-06 2.0000E+02    1.9425E-03    0.0000E+00    0.0000E+00    0.0000E+00    1.5785E+00    3.3000E-04
8.7168E+01  1.2607E-05 2.0000E+02    1.9425E-03    0.0000E+00    0.0000E+00    0.0000E+00    1.5785E+00    3.3000E-04
8.5696E+01  1.6002E-05 2.0000E+02    1.9425E-03    0.0000E+00    0.0000E+00    0.0000E+00    1.5785E+00    3.3000E-04
8.4238E+01  2.0265E-05 2.0000E+02    1.9425E-03    0.0000E+00    0.0000E+00    0.0000E+00    1.5785E+00    3.3000E-04
8.2794E+01  2.5606E-05 2.0000E+02    1.9425E-03    0.0000E+00    0.0000E+00    0.0000E+00    1.5785E+00    3.3000E-04
8.1365E+01  3.2282E-05 2.0000E+02    1.9425E-03    0.0000E+00    0.0000E+00    0.0000E+00    1.5785E+00    3.3000E-04
7.9951E+01  4.0607E-05 2.0000E+02    1.9425E-03    0.0000E+00    0.0000E+00    0.0000E+00    1.5785E+00    3.3000E-04
7.8551E+01  5.0964E-05 2.0000E+02    1.9425E-03    0.0000E+00    0.0000E+00    0.0000E+00    1.5785E+00    3.3000E-04
7.7165E+01  6.3819E-05 2.0000E+02    1.9425E-03    0.0000E+00    0.0000E+00    0.0000E+00    1.5785E+00    3.3000E-04
7.5794E+01  7.9736E-05 2.0000E+02    1.9425E-03    0.0000E+00    0.0000E+00    0.0000E+00    1.5785E+00    3.3000E-04
7.4438E+01  9.9399E-05 2.0000E+02    1.9425E-03    0.0000E+00    0.0000E+00    0.0000E+00    1.5785E+00    3.3000E-04
7.3096E+01  1.2363E-04 2.0000E+02    1.9425E-03    0.0000E+00    0.0000E+00    0.0000E+00    1.5785E+00    3.3000E-04
7.1768E+01  1.5343E-04 2.0000E+02    1.9425E-03    0.0000E+00    0.0000E+00    0.0000E+00    1.5785E+00    3.3000E-04
7.0455E+01  1.8997E-04 2.0000E+02    1.9425E-03    0.0000E+00    0.0000E+00    0.0000E+00    1.5785E+00    3.3000E-04
6.9156E+01  2.3470E-04 2.0000E+02    1.9425E-03    0.0000E+00    0.0000E+00    0.0000E+00    1.5785E+00    3.3000E-04
6.7871E+01  2.8930E-04 2.0000E+02    1.9425E-03    0.0000E+00    0.0000E+00    0.0000E+00    1.5785E+00    3.3000E-04
6.6601E+01  3.5579E-04 2.0000E+02    1.9425E-03    0.0000E+00    0.0000E+00    0.0000E+00    1.5785E+00    3.3000E-04
6.5345E+01  4.3659E-04 2.0000E+02    1.9425E-03    0.0000E+00    0.0000E+00    0.0000E+00    1.5785E+00    3.3000E-04
6.4103E+01  5.3453E-04 2.0000E+02    1.9425E-03    0.0000E+00    0.0000E+00    0.0000E+00    1.5785E+00    3.3000E-04
6.2876E+01  6.5297E-04 2.0000E+02    1.9425E-03    0.0000E+00    0.0000E+00    0.0000E+00    1.5785E+00    3.3000E-04
6.1663E+01  7.9586E-04 2.0000E+02    1.9425E-03    0.0000E+00    0.0000E+00    0.0000E+00    1.5785E+00    3.3000E-04
6.0464E+01  9.6784E-04 2.0000E+02    1.9425E-03    0.0000E+00    0.0000E+00    0.0000E+00    1.5785E+00    3.3000E-04
5.9280E+01  1.1743E-03 2.0000E+02    1.9425E-03    0.0000E+00    0.0000E+00    0.0000E+00    1.5785E+00    3.3000E-04
5.8100E+01  1.4217E-03 2.0339E+02    1.9425E-03    0.0000E+00    0.0000E+00    0.0000E+00    2.0451E+00    3.3000E-04
5.6903E+01  1.7172E-03 2.1035E+02    4.3638E-03    0.0000E+00    0.0000E+00    0.0000E+00    3.3923E+00    3.3000E-04
5.5685E+01  2.0695E-03 2.1591E+02    7.6741E-03    0.0000E+00    0.0000E+00    0.0000E+00    4.9623E+00    3.3000E-04
5.4451E+01  2.4885E-03 2.2053E+02    1.1571E-02    0.0000E+00    0.0000E+00    0.0000E+00    6.1329E+00    3.3000E-04
5.3206E+01  2.9856E-03 2.2454E+02    1.5839E-02    0.0000E+00    0.0000E+00    0.0000E+00    7.2222E+00    3.3000E-04
5.1955E+01  3.5740E-03 2.2813E+02    2.0345E-02    0.0000E+00    0.0000E+00    0.0000E+00    8.3176E+00    3.3000E-04
5.0699E+01  4.2686E-03 2.3144E+02    2.5004E-02    0.0000E+00    0.0000E+00    0.0000E+00    9.4302E+00    3.3000E-04
4.9440E+01  5.0868E-03 2.3453E+02    2.9762E-02    0.0000E+00    0.0000E+00    0.0000E+00    1.0569E+01    3.3000E-04
4.8179E+01  6.0482E-03 2.3747E+02    3.4581E-02    0.0000E+00    0.0000E+00    0.0000E+00    1.1740E+01    3.3000E-04
4.6917E+01  7.1751E-03 2.4028E+02    3.9435E-02    0.0000E+00    0.0000E+00    0.0000E+00    1.2950E+01    3.3000E-04
4.5656E+01  8.4928E-03 2.4299E+02    4.4305E-02    0.0000E+00    0.0000E+00    0.0000E+00    1.4202E+01    3.3000E-04
4.4396E+01  1.0030E-02 2.4563E+02    4.9176E-02    0.0000E+00    0.0000E+00    0.0000E+00    1.5500E+01    3.3000E-04
4.3139E+01  1.1818E-02 2.4820E+02    5.4037E-02    0.0000E+00    0.0000E+00    0.0000E+00    1.6847E+01    3.3000E-04
4.1884E+01  1.3895E-02 2.5071E+02    5.8879E-02    0.0000E+00    0.0000E+00    0.0000E+00    1.8247E+01    3.3000E-04
4.0632E+01  1.6299E-02 2.5317E+02    6.3694E-02    0.0000E+00    0.0000E+00    0.0000E+00    1.9700E+01    3.3000E-04
3.9384E+01  1.9076E-02 2.5560E+02    6.8478E-02    0.0000E+00    0.0000E+00    0.0000E+00    2.1211E+01    3.3000E-04
3.8141E+01  2.2276E-02 2.5799E+02    7.3224E-02    0.0000E+00    0.0000E+00    0.0000E+00    2.2779E+01    3.3000E-04
3.6902E+01  2.5954E-02 2.6034E+02    7.7928E-02    0.0000E+00    0.0000E+00    0.0000E+00    2.4409E+01    3.3000E-04
3.5669E+01  3.0172E-02 2.6267E+02    8.2588E-02    0.0000E+00    0.0000E+00    0.0000E+00    2.6100E+01    3.3000E-04
3.4442E+01  3.4996E-02 2.6497E+02    8.7200E-02    0.0000E+00    0.0000E+00    0.0000E+00    2.7855E+01    3.3000E-04
3.3221E+01  4.0500E-02 2.6725E+02    9.1762E-02    0.0000E+00    0.0000E+00    0.0000E+00    2.9675E+01    3.3000E-04
3.2008E+01  4.6764E-02 2.6950E+02    9.6271E-02    0.0000E+00    0.0000E+00    0.0000E+00    3.1562E+01    3.3000E-04
3.0801E+01  5.3876E-02 2.7173E+02    1.0072E-01    0.0000E+00    0.0000E+00    0.0000E+00    3.3516E+01    3.3000E-04
2.9602E+01  6.1929E-02 2.7406E+02    1.0636E-01    0.0000E+00    0.0000E+00    0.0000E+00    3.5654E+01    3.3000E-04
2.8410E+01  7.1027E-02 2.7659E+02    1.1133E-01    0.0000E+00    0.0000E+00    0.0000E+00    3.8083E+01    3.3000E-04
2.7225E+01  8.1277E-02 2.7911E+02    1.1576E-01    0.0000E+00    0.0000E+00    0.0000E+00    4.0633E+01    3.3000E-04
2.6048E+01  9.2797E-02 2.8161E+02    1.2056E-01    0.0000E+00    0.0000E+00    0.0000E+00    4.3285E+01    3.3000E-04
2.4879E+01  1.0571E-01 2.8411E+02    1.2487E-01    0.0000E+00    0.0000E+00    0.0000E+00    4.6065E+01    3.3000E-04
2.3718E+01  1.2015E-01 2.8659E+02    1.2957E-01    0.0000E+00    0.0000E+00    0.0000E+00    4.8954E+01    3.3000E-04
2.2566E+01  1.3626E-01 2.8907E+02    1.3371E-01    0.0000E+00    0.0000E+00    0.0000E+00    5.1977E+01    3.3000E-04
2.1424E+01  1.5418E-01 2.9153E+02    1.3835E-01    0.0000E+00    0.0000E+00    0.0000E+00    5.5118E+01    3.3000E-04
2.0291E+01  1.7406E-01 2.9398E+02    1.4225E-01    0.0000E+00    0.0000E+00    0.0000E+00    5.8398E+01    3.3000E-04
1.9169E+01  1.9606E-01 2.9641E+02    1.4689E-01    0.0000E+00    0.0000E+00    0.0000E+00    6.1806E+01    3.3000E-04
1.8058E+01  2.2034E-01 2.9883E+02    1.5048E-01    0.0000E+00    0.0000E+00    0.0000E+00    6.5356E+01    3.3000E-04
1.6958E+01  2.4708E-01 3.0124E+02    1.5516E-01    0.0000E+00    0.0000E+00    0.0000E+00    6.9044E+01    3.3000E-04
1.5869E+01  2.7644E-01 3.0363E+02    1.5836E-01    0.0000E+00    0.0000E+00    0.0000E+00    7.2875E+01    3.3000E-04
1.4793E+01  3.0859E-01 3.0601E+02    1.6314E-01    0.0000E+00    0.0000E+00    0.0000E+00    7.6859E+01    3.3000E-04
1.3729E+01  3.4371E-01 3.0836E+02    1.6586E-01    0.0000E+00    0.0000E+00    0.0000E+00    8.0982E+01    3.3000E-04
1.2679E+01  3.8196E-01 3.1071E+02    1.7080E-01    0.0000E+00    0.0000E+00    0.0000E+00    8.5274E+01    3.3000E-04
1.1642E+01  4.2351E-01 3.1302E+02    1.7323E-01    0.0000E+00    0.0000E+00    0.0000E+00    8.9702E+01    3.3000E-04
1.0619E+01  4.6852E-01 3.1533E+02    1.7811E-01    0.0000E+00    0.0000E+00    0.0000E+00    9.4316E+01    3.3000E-04
9.6099E+00  5.1715E-01 3.1761E+02    1.8081E-01    0.0000E+00    0.0000E+00    0.0000E+00    9.9069E+01    3.3000E-04
8.6161E+00  5.6955E-01 3.1988E+02    1.8506E-01    0.0000E+00    0.0000E+00    0.0000E+00    1.0401E+02    3.3000E-04
7.6375E+00  6.2584E-01 3.2211E+02    1.8808E-01    0.0000E+00    0.0000E+00    0.0000E+00    1.0910E+02    3.3000E-04
6.6748E+00  6.8614E-01 3.2433E+02    1.9160E-01    0.0000E+00    0.0000E+00    0.0000E+00    1.1437E+02    3.3000E-04
5.7282E+00  7.5057E-01 3.2651E+02    1.9499E-01    0.0000E+00    0.0000E+00    0.0000E+00    1.1980E+02    3.3000E-04
4.7985E+00  8.1920E-01 3.2867E+02    1.9761E-01    0.0000E+00    0.0000E+00    0.0000E+00    1.2540E+02    3.3000E-04
3.8858E+00  8.9209E-01 3.3080E+02    2.0144E-01    0.0000E+00    0.0000E+00    0.0000E+00    1.3117E+02    3.3000E-04
2.9908E+00  9.6928E-01 3.3290E+02    2.0348E-01    0.0000E+00    0.0000E+00    0.0000E+00    1.3708E+02    3.3000E-04
2.1138E+00  1.0508E+00 3.3497E+02    2.0734E-01    0.0000E+00    0.0000E+00    0.0000E+00    1.4319E+02    3.3000E-04
1.2553E+00  1.1366E+00 3.3700E+02    2.0990E-01    0.0000E+00    0.0000E+00    0.0000E+00    1.4944E+02    3.3000E-04
4.1568E-01  1.2266E+00 3.3901E+02    2.1259E-01    0.0000E+00    0.0000E+00    0.0000E+00    1.5585E+02    3.3000E-04
0.0000E+00  1.2735E+00 3.4000E+02    2.1437E-01    0.0000E+00    0.0000E+00    0.0000E+00    1.5914E+02    3.3000E-04

     ALT          P          T          FH2O           O3           THEAT        TCOOL        PSATCO2        FCO2
1.4681E+02  1.1630E-08 2.0000E+02    7.6134E-02    0.0000E+00    0.0000E+00    0.0000E+00    1.5785E+00    3.3000E-04
1.4487E+02  1.5713E-08 2.0000E+02    7.6134E-02    0.0000E+00    0.0000E+00    0.0000E+00    1.5785E+00    3.3000E-04
1.4295E+02  2.1181E-08 2.0000E+02    7.6134E-02    0.0000E+00    0.0000E+00    0.0000E+00    1.5785E+00    3.3000E-04
1.4104E+02  2.8487E-08 2.0000E+02    7.6134E-02    0.0000E+00    0.0000E+00    0.0000E+00    1.5785E+00    3.3000E-04
1.3914E+02  3.8225E-08 2.0000E+02    7.6134E-02    0.0000E+00    0.0000E+00    0.0000E+00    1.5785E+00    3.3000E-04
1.3727E+02  5.1175E-08 2.0000E+02    7.6134E-02    0.0000E+00    0.0000E+00    0.0000E+00    1.5785E+00    3.3000E-04
1.3541E+02  6.8356E-08 2.0000E+02    7.6134E-02    0.0000E+00    0.0000E+00    0.0000E+00    1.5785E+00    3.3000E-04
1.3356E+02  9.1097E-08 2.0000E+02    7.6134E-02    0.0000E+00    0.0000E+00    0.0000E+00    1.5785E+00    3.3000E-04
1.3173E+02  1.2113E-07 2.0000E+02    7.6134E-02    0.0000E+00    0.0000E+00    0.0000E+00    1.5785E+00    3.3000E-04
1.2992E+02  1.6069E-07 2.0000E+02    7.6134E-02    0.0000E+00    0.0000E+00    0.0000E+00    1.5785E+00    3.3000E-04
1.2812E+02  2.1269E-07 2.0000E+02    7.6134E-02    0.0000E+00    0.0000E+00    0.0000E+00    1.5785E+00    3.3000E-04
1.2633E+02  2.8087E-07 2.0000E+02    7.6134E-02    0.0000E+00    0.0000E+00    0.0000E+00    1.5785E+00    3.3000E-04
1.2457E+02  3.7007E-07 2.0000E+02    7.6134E-02    0.0000E+00    0.0000E+00    0.0000E+00    1.5785E+00    3.3000E-04
1.2281E+02  4.8648E-07 2.0000E+02    7.6134E-02    0.0000E+00    0.0000E+00    0.0000E+00    1.5785E+00    3.3000E-04
1.2108E+02  6.3805E-07 2.0000E+02    7.6134E-02    0.0000E+00    0.0000E+00    0.0000E+00    1.5785E+00    3.3000E-04
1.1936E+02  8.3494E-07 2.0000E+02    7.6134E-02    0.0000E+00    0.0000E+00    0.0000E+00    1.5785E+00    3.3000E-04
1.1765E+02  1.0901E-06 2.0000E+02    7.6134E-02    0.0000E+00    0.0000E+00    0.0000E+00    1.5785E+00    3.3000E-04
1.1596E+02  1.4200E-06 2.0000E+02    7.6134E-02    0.0000E+00    0.0000E+00    0.0000E+00    1.5785E+00    3.3000E-04
1.1429E+02  1.8455E-06 2.0000E+02    7.6134E-02    0.0000E+00    0.0000E+00    0.0000E+00    1.5785E+00    3.3000E-04
1.1263E+02  2.3930E-06 2.0000E+02    7.6134E-02    0.0000E+00    0.0000E+00    0.0000E+00    1.5785E+00    3.3000E-04
1.1098E+02  3.0959E-06 2.0000E+02    7.6134E-02    0.0000E+00    0.0000E+00    0.0000E+00    1.5785E+00    3.3000E-04
1.0935E+02  3.9961E-06 2.0000E+02    7.6134E-02    0.0000E+00    0.0000E+00    0.0000E+00    1.5785E+00    3.3000E-04
1.0774E+02  5.1463E-06 2.0000E+02    7.6134E-02    0.0000E+00    0.0000E+00    0.0000E+00    1.5785E+00    3.3000E-04
1.0614E+02  6.6125E-06 2.0000E+02    7.6134E-02    0.0000E+00    0.0000E+00    0.0000E+00    1.5785E+00    3.3000E-04
1.0456E+02  8.4770E-06 2.0000E+02    7.6134E-02    0.0000E+00    0.0000E+00    0.0000E+00    1.5785E+00    3.3000E-04
1.0299E+02  1.0843E-05 2.0000E+02    7.6134E-02    0.0000E+00    0.0000E+00    0.0000E+00    1.5785E+00    3.3000E-04
1.0144E+02  1.3836E-05 2.0000E+02    7.6134E-02    0.0000E+00    0.0000E+00    0.0000E+00    1.5785E+00    3.3000E-04
9.9904E+01  1.7617E-05 2.0000E+02    7.6134E-02    0.0000E+00    0.0000E+00    0.0000E+00    1.5785E+00    3.3000E-04
9.8382E+01  2.2379E-05 2.0000E+02    7.6134E-02    0.0000E+00    0.0000E+00    0.0000E+00    1.5785E+00    3.3000E-04
9.6869E+01  2.8364E-05 2.0174E+02    7.6134E-02    0.0000E+00    0.0000E+00    0.0000E+00    1.8052E+00    3.3000E-04
9.5356E+01  3.5867E-05 2.0383E+02    8.2168E-02    0.0000E+00    0.0000E+00    0.0000E+00    2.1137E+00    3.3000E-04
9.3839E+01  4.5252E-05 2.0590E+02    8.8171E-02    0.0000E+00    0.0000E+00    0.0000E+00    2.4647E+00    3.3000E-04
9.2319E+01  5.6962E-05 2.0796E+02    9.4138E-02    0.0000E+00    0.0000E+00    0.0000E+00    2.8632E+00    3.3000E-04
9.0796E+01  7.1539E-05 2.1002E+02    1.0007E-01    0.0000E+00    0.0000E+00    0.0000E+00    3.3147E+00    3.3000E-04
8.9271E+01  8.9641E-05 2.1207E+02    1.0596E-01    0.0000E+00    0.0000E+00    0.0000E+00    3.8251E+00    3.3000E-04
8.7744E+01  1.1207E-04 2.1413E+02    1.1180E-01    0.0000E+00    0.0000E+00    0.0000E+00    4.4011E+00    3.3000E-04
8.6216E+01  1.3979E-04 2.1618E+02    1.1760E-01    0.0000E+00    0.0000E+00    0.0000E+00    5.0498E+00    3.3000E-04
8.4686E+01  1.7396E-04 2.1823E+02    1.2336E-01    0.0000E+00    0.0000E+00    0.0000E+00    5.5648E+00    3.3000E-04
8.3156E+01  2.1600E-04 2.2028E+02    1.2907E-01    0.0000E+00    0.0000E+00    0.0000E+00    6.0678E+00    3.3000E-04
8.1625E+01  2.6759E-04 2.2233E+02    1.3473E-01    0.0000E+00    0.0000E+00    0.0000E+00    6.6050E+00    3.3000E-04
8.0093E+01  3.3074E-04 2.2439E+02    1.4034E-01    0.0000E+00    0.0000E+00    0.0000E+00    7.1781E+00    3.3000E-04
7.8561E+01  4.0786E-04 2.2644E+02    1.4590E-01    0.0000E+00    0.0000E+00    0.0000E+00    7.7886E+00    3.3000E-04
7.7030E+01  5.0182E-04 2.2851E+02    1.5141E-01    0.0000E+00    0.0000E+00    0.0000E+00    8.4383E+00    3.3000E-04
7.5499E+01  6.1602E-04 2.3057E+02    1.5686E-01    0.0000E+00    0.0000E+00    0.0000E+00    9.1289E+00    3.3000E-04
7.3969E+01  7.5449E-04 2.3264E+02    1.6227E-01    0.0000E+00    0.0000E+00    0.0000E+00    9.8621E+00    3.3000E-04
7.2440E+01  9.2196E-04 2.3472E+02    1.6762E-01    0.0000E+00    0.0000E+00    0.0000E+00    1.0640E+01    3.3000E-04
7.0912E+01  1.1240E-03 2.3679E+02    1.7291E-01    0.0000E+00    0.0000E+00    0.0000E+00    1.1464E+01    3.3000E-04
6.9387E+01  1.3673E-03 2.3888E+02    1.7815E-01    0.0000E+00    0.0000E+00    0.0000E+00    1.2336E+01    3.3000E-04
6.7863E+01  1.6594E-03 2.4096E+02    1.8334E-01    0.0000E+00    0.0000E+00    0.0000E+00    1.3258E+01    3.3000E-04
6.6342E+01  2.0093E-03 2.4305E+02    1.8847E-01    0.0000E+00    0.0000E+00    0.0000E+00    1.4231E+01    3.3000E-04
6.4824E+01  2.4275E-03 2.4515E+02    1.9354E-01    0.0000E+00    0.0000E+00    0.0000E+00    1.5258E+01    3.3000E-04
6.3309E+01  2.9260E-03 2.4725E+02    1.9855E-01    0.0000E+00    0.0000E+00    0.0000E+00    1.6341E+01    3.3000E-04
6.1797E+01  3.5188E-03 2.4935E+02    2.0351E-01    0.0000E+00    0.0000E+00    0.0000E+00    1.7481E+01    3.3000E-04
6.0289E+01  4.2221E-03 2.5146E+02    2.0841E-01    0.0000E+00    0.0000E+00    0.0000E+00    1.8680E+01    3.3000E-04
5.8785E+01  5.0544E-03 2.5357E+02    2.1325E-01    0.0000E+00    0.0000E+00    0.0000E+00    1.9940E+01    3.3000E-04
5.7285E+01  6.0370E-03 2.5568E+02    2.1804E-01    0.0000E+00    0.0000E+00    0.0000E+00    2.1263E+01    3.3000E-04
5.5790E+01  7.1942E-03 2.5780E+02    2.2277E-01    0.0000E+00    0.0000E+00    0.0000E+00    2.2651E+01    3.3000E-04
5.4301E+01  8.5536E-03 2.5991E+02    2.2743E-01    0.0000E+00    0.0000E+00    0.0000E+00    2.4106E+01    3.3000E-04
5.2817E+01  1.0147E-02 2.6203E+02    2.3204E-01    0.0000E+00    0.0000E+00    0.0000E+00    2.5629E+01    3.3000E-04
5.1339E+01  1.2009E-02 2.6415E+02    2.3659E-01    0.0000E+00    0.0000E+00    0.0000E+00    2.7223E+01    3.3000E-04
4.9867E+01  1.4181E-02 2.6628E+02    2.4108E-01    0.0000E+00    0.0000E+00    0.0000E+00    2.8890E+01    3.3000E-04
4.8402E+01  1.6707E-02 2.6840E+02    2.4551E-01    0.0000E+00    0.0000E+00    0.0000E+00    3.0631E+01    3.3000E-04
4.6943E+01  1.9639E-02 2.7052E+02    2.4988E-01    0.0000E+00    0.0000E+00    0.0000E+00    3.2449E+01    3.3000E-04
4.5492E+01  2.3032E-02 2.7265E+02    2.5419E-01    0.0000E+00    0.0000E+00    0.0000E+00    3.4345E+01    3.3000E-04
4.4047E+01  2.6951E-02 2.7501E+02    2.6275E-01    0.0000E+00    0.0000E+00    0.0000E+00    3.6549E+01    3.3000E-04
4.2608E+01  3.1464E-02 2.7743E+02    2.6527E-01    0.0000E+00    0.0000E+00    0.0000E+00    3.8917E+01    3.3000E-04
4.1176E+01  3.6648E-02 2.7988E+02    2.7161E-01    0.0000E+00    0.0000E+00    0.0000E+00    4.1432E+01    3.3000E-04
3.9751E+01  4.2590E-02 2.8232E+02    2.7440E-01    0.0000E+00    0.0000E+00    0.0000E+00    4.4052E+01    3.3000E-04
3.8333E+01  4.9383E-02 2.8478E+02    2.8023E-01    0.0000E+00    0.0000E+00    0.0000E+00    4.6830E+01    3.3000E-04
3.6923E+01  5.7128E-02 2.8723E+02    2.8322E-01    0.0000E+00    0.0000E+00    0.0000E+00    4.9723E+01    3.3000E-04
3.5522E+01  6.5937E-02 2.8971E+02    2.8864E-01    0.0000E+00    0.0000E+00    0.0000E+00    5.2784E+01    3.3000E-04
3.4129E+01  7.5931E-02 2.9218E+02    2.9175E-01    0.0000E+00    0.0000E+00    0.0000E+00    5.5973E+01    3.3000E-04
3.2745E+01  8.7241E-02 2.9466E+02    2.9684E-01    0.0000E+00    0.0000E+00    0.0000E+00    5.9342E+01    3.3000E-04
3.1371E+01  1.0001E-01 2.9713E+02    3.0000E-01    0.0000E+00    0.0000E+00    0.0000E+00    6.2851E+01    3.3000E-04
3.0006E+01  1.1438E-01 2.9963E+02    3.0482E-01    0.0000E+00    0.0000E+00    0.0000E+00    6.6554E+01    3.3000E-04
2.8652E+01  1.3052E-01 3.0210E+02    3.0799E-01    0.0000E+00    0.0000E+00    0.0000E+00    7.0409E+01    3.3000E-04
2.7309E+01  1.4860E-01 3.0460E+02    3.1256E-01    0.0000E+00    0.0000E+00    0.0000E+00    7.4472E+01    3.3000E-04
2.5977E+01  1.6879E-01 3.0707E+02    3.1571E-01    0.0000E+00    0.0000E+00    0.0000E+00    7.8704E+01    3.3000E-04
2.4657E+01  1.9129E-01 3.0956E+02    3.2004E-01    0.0000E+00    0.0000E+00    0.0000E+00    8.3157E+01    3.3000E-04
2.3349E+01  2.1630E-01 3.1204E+02    3.2319E-01    0.0000E+00    0.0000E+00    0.0000E+00    8.7795E+01    3.3000E-04
2.2054E+01  2.4402E-01 3.1452E+02    3.2727E-01    0.0000E+00    0.0000E+00    0.0000E+00    9.2670E+01    3.3000E-04
2.0771E+01  2.7467E-01 3.1699E+02    3.3041E-01    0.0000E+00    0.0000E+00    0.0000E+00    9.7748E+01    3.3000E-04
1.9503E+01  3.0846E-01 3.1946E+02    3.3421E-01    0.0000E+00    0.0000E+00    0.0000E+00    1.0308E+02    3.3000E-04
1.8248E+01  3.4562E-01 3.2191E+02    3.3739E-01    0.0000E+00    0.0000E+00    0.0000E+00    1.0863E+02    3.3000E-04
1.7008E+01  3.8636E-01 3.2436E+02    3.4087E-01    0.0000E+00    0.0000E+00    0.0000E+00    1.1446E+02    3.3000E-04
1.5782E+01  4.3093E-01 3.2680E+02    3.4412E-01    0.0000E+00    0.0000E+00    0.0000E+00    1.2052E+02    3.3000E-04
1.4573E+01  4.7955E-01 3.2923E+02    3.4722E-01    0.0000E+00    0.0000E+00    0.0000E+00    1.2687E+02    3.3000E-04
1.3379E+01  5.3243E-01 3.3164E+02    3.5059E-01    0.0000E+00    0.0000E+00    0.0000E+00    1.3349E+02    3.3000E-04
1.2201E+01  5.8980E-01 3.3404E+02    3.5324E-01    0.0000E+00    0.0000E+00    0.0000E+00    1.4040E+02    3.3000E-04
1.1041E+01  6.5186E-01 3.3642E+02    3.5679E-01    0.0000E+00    0.0000E+00    0.0000E+00    1.4760E+02    3.3000E-04
9.8978E+00  7.1880E-01 3.3878E+02    3.5889E-01    0.0000E+00    0.0000E+00    0.0000E+00    1.5511E+02    3.3000E-04
8.7727E+00  7.9082E-01 3.4112E+02    3.6268E-01    0.0000E+00    0.0000E+00    0.0000E+00    1.6294E+02    3.3000E-04
7.6661E+00  8.6806E-01 3.4344E+02    3.6411E-01    0.0000E+00    0.0000E+00    0.0000E+00    1.7107E+02    3.3000E-04
6.5784E+00  9.5068E-01 3.4574E+02    3.6822E-01    0.0000E+00    0.0000E+00    0.0000E+00    1.7955E+02    3.3000E-04
5.5102E+00  1.0388E+00 3.4801E+02    3.6925E-01    0.0000E+00    0.0000E+00    0.0000E+00    1.8833E+02    3.3000E-04
4.4619E+00  1.1325E+00 3.5026E+02    3.7336E-01    0.0000E+00    0.0000E+00    0.0000E+00    1.9749E+02    3.3000E-04
3.4339E+00  1.2318E+00 3.5247E+02    3.7495E-01    0.0000E+00    0.0000E+00    0.0000E+00    2.0696E+02    3.3000E-04
2.4268E+00  1.3368E+00 3.5467E+02    3.7809E-01    0.0000E+00    0.0000E+00    0.0000E+00    2.1681E+02    3.3000E-04
1.4410E+00  1.4474E+00 3.5682E+02    3.8028E-01    0.0000E+00    0.0000E+00    0.0000E+00    2.2698E+02    3.3000E-04
4.7714E-01  1.5636E+00 3.5894E+02    3.8227E-01    0.0000E+00    0.0000E+00    0.0000E+00    2.3751E+02    3.3000E-04
0.0000E+00  1.6242E+00 3.6000E+02    3.8400E-01    0.0000E+00    0.0000E+00    0.0000E+00    2.4295E+02    3.3000E-04

     ALT          P          T          FH2O           O3           THEAT        TCOOL        PSATCO2        FCO2
1.6895E+02  1.1662E-08 2.0000E+02    2.9335E-01    0.0000E+00    0.0000E+00    0.0000E+00    1.5785E+00    3.3000E-04
1.6679E+02  1.5843E-08 2.0000E+02    2.9335E-01    0.0000E+00    0.0000E+00    0.0000E+00    1.5785E+00    3.3000E-04
1.6465E+02  2.1472E-08 2.0000E+02    2.9335E-01    0.0000E+00    0.0000E+00    0.0000E+00    1.5785E+00    3.3000E-04
1.6253E+02  2.9035E-08 2.0000E+02    2.9335E-01    0.0000E+00    0.0000E+00    0.0000E+00    1.5785E+00    3.3000E-04
1.6043E+02  3.9169E-08 2.0000E+02    2.9335E-01    0.0000E+00    0.0000E+00    0.0000E+00    1.5785E+00    3.3000E-04
1.5834E+02  5.2719E-08 2.0000E+02    2.9335E-01    0.0000E+00    0.0000E+00    0.0000E+00    1.5785E+00    3.3000E-04
1.5627E+02  7.0790E-08 2.0000E+02    2.9335E-01    0.0000E+00    0.0000E+00    0.0000E+00    1.5785E+00    3.3000E-04
1.5422E+02  9.4836E-08 2.0000E+02    2.9335E-01    0.0000E+00    0.0000E+00    0.0000E+00    1.5785E+00    3.3000E-04
1.5218E+02  1.2675E-07 2.0000E+02    2.9335E-01    0.0000E+00    0.0000E+00    0.0000E+00    1.5785E+00    3.3000E-04
1.5017E+02  1.6902E-07 2.0000E+02    2.9335E-01    0.0000E+00    0.0000E+00    0.0000E+00    1.5785E+00    3.3000E-04
1.4817E+02  2.2486E-07 2.0000E+02    2.9335E-01    0.0000E+00    0.0000E+00    0.0000E+00    1.5785E+00    3.3000E-04
1.4618E+02  2.9846E-07 2.0000E+02    2.9335E-01    0.0000E+00    0.0000E+00    0.0000E+00    1.5785E+00    3.3000E-04
1.4422E+02  3.9522E-07 2.0000E+02    2.9335E-01    0.0000E+00    0.0000E+00    0.0000E+00    1.5785E+00    3.3000E-04
1.4227E+02  5.2213E-07 2.0000E+02    2.9335E-01    0.0000E+00    0.0000E+00    0.0000E+00    1.5785E+00    3.3000E-04
1.4034E+02  6.8820E-07 2.0000E+02    2.9335E-01    0.0000E+00    0.0000E+00    0.0000E+00    1.5785E+00    3.3000E-04
1.3843E+02  9.0498E-07 2.0000E+02    2.9335E-01    0.0000E+00    0.0000E+00    0.0000E+00    1.5785E+00    3.3000E-04
1.3653E+02  1.1873E-06 2.0000E+02    2.9335E-01    0.0000E+00    0.0000E+00    0.0000E+00    1.5785E+00    3.3000E-04
1.3465E+02  1.5540E-06 2.0000E+02    2.9335E-01    0.0000E+00    0.0000E+00    0.0000E+00    1.5785E+00    3.3000E-04
1.3279E+02  2.0294E-06 2.0000E+02    2.9335E-01    0.0000E+00    0.0000E+00    0.0000E+00    1.5785E+00    3.3000E-04
1.3095E+02  2.6439E-06 2.0000E+02    2.9335E-01    0.0000E+00    0.0000E+00    0.0000E+00    1.5785E+00    3.3000E-04
1.2912E+02  3.4366E-06 2.0000E+02    2.9335E-01    0.0000E+00    0.0000E+00    0.0000E+00    1.5785E+00    3.3000E-04
1.2731E+02  4.4565E-06 2.0000E+02    2.9335E-01    0.0000E+00    0.0000E+00    0.0000E+00    1.5785E+00    3.3000E-04
1.2552E+02  5.7658E-06 2.0013E+02    2.9335E-01    0.0000E+00    0.0000E+00    0.0000E+00    1.5947E+00    3.3000E-04
1.2373E+02  7.4423E-06 2.0193E+02    2.9846E-01    0.0000E+00    0.0000E+00    0.0000E+00    1.8313E+00    3.3000E-04
1.2194E+02  9.5841E-06 2.0374E+02    3.0353E-01    0.0000E+00    0.0000E+00    0.0000E+00    2.0998E+00    3.3000E-04
1.2015E+02  1.2314E-05 2.0556E+02    3.0856E-01    0.0000E+00    0.0000E+00    0.0000E+00    2.4044E+00    3.3000E-04
1.1836E+02  1.5784E-05 2.0740E+02    3.1354E-01    0.0000E+00    0.0000E+00    0.0000E+00    2.7491E+00    3.3000E-04
1.1656E+02  2.0185E-05 2.0925E+02    3.1847E-01    0.0000E+00    0.0000E+00    0.0000E+00    3.1387E+00    3.3000E-04
1.1477E+02  2.5753E-05 2.1111E+02    3.2336E-01    0.0000E+00    0.0000E+00    0.0000E+00    3.5786E+00    3.3000E-04
1.1297E+02  3.2781E-05 2.1299E+02    3.2820E-01    0.0000E+00    0.0000E+00    0.0000E+00    4.0743E+00    3.3000E-04
1.1117E+02  4.1630E-05 2.1488E+02    3.3299E-01    0.0000E+00    0.0000E+00    0.0000E+00    4.6323E+00    3.3000E-04
1.0937E+02  5.2746E-05 2.1679E+02    3.3774E-01    0.0000E+00    0.0000E+00    0.0000E+00    5.2319E+00    3.3000E-04
1.0757E+02  6.6674E-05 2.1871E+02    3.4245E-01    0.0000E+00    0.0000E+00    0.0000E+00    5.6801E+00    3.3000E-04
1.0577E+02  8.4084E-05 2.2064E+02    3.4710E-01    0.0000E+00    0.0000E+00    0.0000E+00    6.1603E+00    3.3000E-04
1.0396E+02  1.0579E-04 2.2259E+02    3.5172E-01    0.0000E+00    0.0000E+00    0.0000E+00    6.6742E+00    3.3000E-04
1.0216E+02  1.3280E-04 2.2454E+02    3.5628E-01    0.0000E+00    0.0000E+00    0.0000E+00    7.2235E+00    3.3000E-04
1.0036E+02  1.6632E-04 2.2651E+02    3.6080E-01    0.0000E+00    0.0000E+00    0.0000E+00    7.8100E+00    3.3000E-04
9.8560E+01  2.0781E-04 2.2850E+02    3.6527E-01    0.0000E+00    0.0000E+00    0.0000E+00    8.4355E+00    3.3000E-04
9.6760E+01  2.5904E-04 2.3049E+02    3.6970E-01    0.0000E+00    0.0000E+00    0.0000E+00    9.1021E+00    3.3000E-04
9.4961E+01  3.2216E-04 2.3250E+02    3.7407E-01    0.0000E+00    0.0000E+00    0.0000E+00    9.8115E+00    3.3000E-04
9.3163E+01  3.9973E-04 2.3452E+02    3.7841E-01    0.0000E+00    0.0000E+00    0.0000E+00    1.0566E+01    3.3000E-04
9.1367E+01  4.9483E-04 2.3656E+02    3.8269E-01    0.0000E+00    0.0000E+00    0.0000E+00    1.1367E+01    3.3000E-04
8.9573E+01  6.1112E-04 2.3860E+02    3.8693E-01    0.0000E+00    0.0000E+00    0.0000E+00    1.2217E+01    3.3000E-04
8.7781E+01  7.5300E-04 2.4066E+02    3.9112E-01    0.0000E+00    0.0000E+00    0.0000E+00    1.3119E+01    3.3000E-04
8.5991E+01  9.2566E-04 2.4272E+02    3.9527E-01    0.0000E+00    0.0000E+00    0.0000E+00    1.4074E+01    3.3000E-04
8.4204E+01  1.1353E-03 2.4480E+02    3.9936E-01    0.0000E+00    0.0000E+00    0.0000E+00    1.5084E+01    3.3000E-04
8.2420E+01  1.3891E-03 2.4689E+02    4.0341E-01    0.0000E+00    0.0000E+00    0.0000E+00    1.6152E+01    3.3000E-04
8.0640E+01  1.6958E-03 2.4899E+02    4.0742E-01    0.0000E+00    0.0000E+00    0.0000E+00    1.7280E+01    3.3000E-04
7.8863E+01  2.0653E-03 2.5110E+02    4.1137E-01    0.0000E+00    0.0000E+00    0.0000E+00    1.8470E+01    3.3000E-04
7.7090E+01  2.5095E-03 2.5321E+02    4.1528E-01    0.0000E+00    0.0000E+00    0.0000E+00    1.9725E+01    3.3000E-04
7.5322E+01  3.0423E-03 2.5534E+02    4.1915E-01    0.0000E+00    0.0000E+00    0.0000E+00    2.1047E+01    3.3000E-04
7.3558E+01  3.6795E-03 2.5748E+02    4.2296E-01    0.0000E+00    0.0000E+00    0.0000E+00    2.2438E+01    3.3000E-04
7.1799E+01  4.4399E-03 2.5962E+02    4.2673E-01    0.0000E+00    0.0000E+00    0.0000E+00    2.3902E+01    3.3000E-04
7.0046E+01  5.3450E-03 2.6177E+02    4.3045E-01    0.0000E+00    0.0000E+00    0.0000E+00    2.5440E+01    3.3000E-04
6.8298E+01  6.4196E-03 2.6393E+02    4.3413E-01    0.0000E+00    0.0000E+00    0.0000E+00    2.7055E+01    3.3000E-04
6.6557E+01  7.6924E-03 2.6610E+02    4.3775E-01    0.0000E+00    0.0000E+00    0.0000E+00    2.8750E+01    3.3000E-04
6.4822E+01  9.1962E-03 2.6828E+02    4.4133E-01    0.0000E+00    0.0000E+00    0.0000E+00    3.0527E+01    3.3000E-04
6.3094E+01  1.0968E-02 2.7045E+02    4.4487E-01    0.0000E+00    0.0000E+00    0.0000E+00    3.2390E+01    3.3000E-04
6.1373E+01  1.3052E-02 2.7264E+02    4.4835E-01    0.0000E+00    0.0000E+00    0.0000E+00    3.4340E+01    3.3000E-04
5.9656E+01  1.5495E-02 2.7507E+02    4.5923E-01    0.0000E+00    0.0000E+00    0.0000E+00    3.6612E+01    3.3000E-04
5.7944E+01  1.8353E-02 2.7756E+02    4.5870E-01    0.0000E+00    0.0000E+00    0.0000E+00    3.9055E+01    3.3000E-04
5.6239E+01  2.1687E-02 2.8010E+02    4.6619E-01    0.0000E+00    0.0000E+00    0.0000E+00    4.1664E+01    3.3000E-04
5.4540E+01  2.5567E-02 2.8262E+02    4.6557E-01    0.0000E+00    0.0000E+00    0.0000E+00    4.4388E+01    3.3000E-04
5.2849E+01  3.0072E-02 2.8518E+02    4.7293E-01    0.0000E+00    0.0000E+00    0.0000E+00    4.7295E+01    3.3000E-04
5.1165E+01  3.5289E-02 2.8774E+02    4.7204E-01    0.0000E+00    0.0000E+00    0.0000E+00    5.0330E+01    3.3000E-04
4.9489E+01  4.1314E-02 2.9033E+02    4.7947E-01    0.0000E+00    0.0000E+00    0.0000E+00    5.3565E+01    3.3000E-04
4.7822E+01  4.8256E-02 2.9290E+02    4.7814E-01    0.0000E+00    0.0000E+00    0.0000E+00    5.6942E+01    3.3000E-04
4.6163E+01  5.6234E-02 2.9552E+02    4.8575E-01    0.0000E+00    0.0000E+00    0.0000E+00    6.0537E+01    3.3000E-04
4.4514E+01  6.5378E-02 2.9812E+02    4.8387E-01    0.0000E+00    0.0000E+00    0.0000E+00    6.4292E+01    3.3000E-04
4.2875E+01  7.5833E-02 3.0075E+02    4.9172E-01    0.0000E+00    0.0000E+00    0.0000E+00    6.8284E+01    3.3000E-04
4.1245E+01  8.7755E-02 3.0338E+02    4.9101E-01    0.0000E+00    0.0000E+00    0.0000E+00    7.2468E+01    3.3000E-04
3.9626E+01  1.0132E-01 3.0603E+02    4.9753E-01    0.0000E+00    0.0000E+00    0.0000E+00    7.6899E+01    3.3000E-04
3.8018E+01  1.1670E-01 3.0868E+02    4.9816E-01    0.0000E+00    0.0000E+00    0.0000E+00    8.1560E+01    3.3000E-04
3.6420E+01  1.3411E-01 3.1135E+02    5.0317E-01    0.0000E+00    0.0000E+00    0.0000E+00    8.6477E+01    3.3000E-04
3.4835E+01  1.5376E-01 3.1402E+02    5.0498E-01    0.0000E+00    0.0000E+00    0.0000E+00    9.1667E+01    3.3000E-04
3.3262E+01  1.7588E-01 3.1669E+02    5.0858E-01    0.0000E+00    0.0000E+00    0.0000E+00    9.7127E+01    3.3000E-04
3.1701E+01  2.0071E-01 3.1937E+02    5.1139E-01    0.0000E+00    0.0000E+00    0.0000E+00    1.0290E+02    3.3000E-04
3.0154E+01  2.2852E-01 3.2205E+02    5.1371E-01    0.0000E+00    0.0000E+00    0.0000E+00    1.0897E+02    3.3000E-04
2.8621E+01  2.5958E-01 3.2474E+02    5.1737E-01    0.0000E+00    0.0000E+00    0.0000E+00    1.1539E+02    3.3000E-04
2.7102E+01  2.9417E-01 3.2742E+02    5.1858E-01    0.0000E+00    0.0000E+00    0.0000E+00    1.2213E+02    3.3000E-04
2.5598E+01  3.3260E-01 3.3011E+02    5.2291E-01    0.0000E+00    0.0000E+00    0.0000E+00    1.2927E+02    3.3000E-04
2.4109E+01  3.7518E-01 3.3279E+02    5.2317E-01    0.0000E+00    0.0000E+00    0.0000E+00    1.3676E+02    3.3000E-04
2.2636E+01  4.2222E-01 3.3547E+02    5.2802E-01    0.0000E+00    0.0000E+00    0.0000E+00    1.4470E+02    3.3000E-04
2.1180E+01  4.7406E-01 3.3813E+02    5.2752E-01    0.0000E+00    0.0000E+00    0.0000E+00    1.5303E+02    3.3000E-04
1.9740E+01  5.3103E-01 3.4080E+02    5.3275E-01    0.0000E+00    0.0000E+00    0.0000E+00    1.6185E+02    3.3000E-04
1.8318E+01  5.9347E-01 3.4346E+02    5.3306E-01    0.0000E+00    0.0000E+00    0.0000E+00    1.7114E+02    3.3000E-04
1.6914E+01  6.6171E-01 3.4611E+02    5.3727E-01    0.0000E+00    0.0000E+00    0.0000E+00    1.8095E+02    3.3000E-04
1.5529E+01  7.3608E-01 3.4875E+02    5.3824E-01    0.0000E+00    0.0000E+00    0.0000E+00    1.9129E+02    3.3000E-04
1.4162E+01  8.1691E-01 3.5137E+02    5.4160E-01    0.0000E+00    0.0000E+00    0.0000E+00    2.0219E+02    3.3000E-04
1.2816E+01  9.0451E-01 3.5398E+02    5.4302E-01    0.0000E+00    0.0000E+00    0.0000E+00    2.1369E+02    3.3000E-04
1.1489E+01  9.9918E-01 3.5658E+02    5.4575E-01    0.0000E+00    0.0000E+00    0.0000E+00    2.2580E+02    3.3000E-04
1.0183E+01  1.1012E+00 3.5915E+02    5.4744E-01    0.0000E+00    0.0000E+00    0.0000E+00    2.3857E+02    3.3000E-04
8.8988E+00  1.2108E+00 3.6170E+02    5.4974E-01    0.0000E+00    0.0000E+00    0.0000E+00    2.5201E+02    3.3000E-04
7.6363E+00  1.3282E+00 3.6424E+02    5.5152E-01    0.0000E+00    0.0000E+00    0.0000E+00    2.6617E+02    3.3000E-04
6.3963E+00  1.4537E+00 3.6674E+02    5.5359E-01    0.0000E+00    0.0000E+00    0.0000E+00    2.8105E+02    3.3000E-04
5.1794E+00  1.5873E+00 3.6922E+02    5.5528E-01    0.0000E+00    0.0000E+00    0.0000E+00    2.9671E+02    3.3000E-04
3.9861E+00  1.7291E+00 3.7167E+02    5.5729E-01    0.0000E+00    0.0000E+00    0.0000E+00    3.1314E+02    3.3000E-04
2.8170E+00  1.8793E+00 3.7409E+02    5.5871E-01    0.0000E+00    0.0000E+00    0.0000E+00    3.3040E+02    3.3000E-04
1.6727E+00  2.0378E+00 3.7648E+02    5.6084E-01    0.0000E+00    0.0000E+00    0.0000E+00    3.4848E+02    3.3000E-04
5.5388E-01  2.2044E+00 3.7883E+02    5.6179E-01    0.0000E+00    0.0000E+00    0.0000E+00    3.6742E+02    3.3000E-04
0.0000E+00  2.2915E+00 3.8000E+02    5.6338E-01    0.0000E+00    0.0000E+00    0.0000E+00    3.7729E+02    3.3000E-04

     ALT          P          T          FH2O           O3           THEAT        TCOOL        PSATCO2        FCO2
1.9329E+02  1.1701E-08 2.0000E+02    5.1516E-01    0.0000E+00    0.0000E+00    0.0000E+00    1.5785E+00    3.3000E-04
1.9086E+02  1.6000E-08 2.0000E+02    5.1516E-01    0.0000E+00    0.0000E+00    0.0000E+00    1.5785E+00    3.3000E-04
1.8844E+02  2.1827E-08 2.0000E+02    5.1516E-01    0.0000E+00    0.0000E+00    0.0000E+00    1.5785E+00    3.3000E-04
1.8605E+02  2.9705E-08 2.0000E+02    5.1516E-01    0.0000E+00    0.0000E+00    0.0000E+00    1.5785E+00    3.3000E-04
1.8367E+02  4.0332E-08 2.0000E+02    5.1516E-01    0.0000E+00    0.0000E+00    0.0000E+00    1.5785E+00    3.3000E-04
1.8132E+02  5.4630E-08 2.0000E+02    5.1516E-01    0.0000E+00    0.0000E+00    0.0000E+00    1.5785E+00    3.3000E-04
1.7899E+02  7.3822E-08 2.0000E+02    5.1516E-01    0.0000E+00    0.0000E+00    0.0000E+00    1.5785E+00    3.3000E-04
1.7667E+02  9.9519E-08 2.0000E+02    5.1516E-01    0.0000E+00    0.0000E+00    0.0000E+00    1.5785E+00    3.3000E-04
1.7438E+02  1.3384E-07 2.0000E+02    5.1516E-01    0.0000E+00    0.0000E+00    0.0000E+00    1.5785E+00    3.3000E-04
1.7210E+02  1.7958E-07 2.0000E+02    5.1516E-01    0.0000E+00    0.0000E+00    0.0000E+00    1.5785E+00    3.3000E-04
1.6985E+02  2.4037E-07 2.0000E+02    5.1516E-01    0.0000E+00    0.0000E+00    0.0000E+00    1.5785E+00    3.3000E-04
1.6762E+02  3.2098E-07 2.0000E+02    5.1516E-01    0.0000E+00    0.0000E+00    0.0000E+00    1.5785E+00    3.3000E-04
1.6540E+02  4.2761E-07 2.0000E+02    5.1516E-01    0.0000E+00    0.0000E+00    0.0000E+00    1.5785E+00    3.3000E-04
1.6320E+02  5.6831E-07 2.0000E+02    5.1516E-01    0.0000E+00    0.0000E+00    0.0000E+00    1.5785E+00    3.3000E-04
1.6103E+02  7.5351E-07 2.0000E+02    5.1516E-01    0.0000E+00    0.0000E+00    0.0000E+00    1.5785E+00    3.3000E-04
1.5887E+02  9.9669E-07 2.0000E+02    5.1516E-01    0.0000E+00    0.0000E+00    0.0000E+00    1.5785E+00    3.3000E-04
1.5674E+02  1.3152E-06 2.0000E+02    5.1516E-01    0.0000E+00    0.0000E+00    0.0000E+00    1.5785E+00    3.3000E-04
1.5462E+02  1.7315E-06 2.0000E+02    5.1516E-01    0.0000E+00    0.0000E+00    0.0000E+00    1.5785E+00    3.3000E-04
1.5252E+02  2.2740E-06 2.0000E+02    5.1516E-01    0.0000E+00    0.0000E+00    0.0000E+00    1.5785E+00    3.3000E-04
1.5044E+02  2.9795E-06 2.0000E+02    5.1516E-01    0.0000E+00    0.0000E+00    0.0000E+00    1.5785E+00    3.3000E-04
1.4838E+02  3.8946E-06 2.0125E+02    5.1516E-01    0.0000E+00    0.0000E+00    0.0000E+00    1.7391E+00    3.3000E-04
1.4631E+02  5.0787E-06 2.0307E+02    5.1882E-01    0.0000E+00    0.0000E+00    0.0000E+00    1.9970E+00    3.3000E-04
1.4425E+02  6.6071E-06 2.0490E+02    5.2245E-01    0.0000E+00    0.0000E+00    0.0000E+00    2.2902E+00    3.3000E-04
1.4218E+02  8.5751E-06 2.0675E+02    5.2604E-01    0.0000E+00    0.0000E+00    0.0000E+00    2.6229E+00    3.3000E-04
1.4011E+02  1.1103E-05 2.0861E+02    5.2960E-01    0.0000E+00    0.0000E+00    0.0000E+00    3.0001E+00    3.3000E-04
1.3804E+02  1.4342E-05 2.1050E+02    5.3312E-01    0.0000E+00    0.0000E+00    0.0000E+00    3.4271E+00    3.3000E-04
1.3597E+02  1.8481E-05 2.1239E+02    5.3662E-01    0.0000E+00    0.0000E+00    0.0000E+00    3.9097E+00    3.3000E-04
1.3390E+02  2.3759E-05 2.1430E+02    5.4007E-01    0.0000E+00    0.0000E+00    0.0000E+00    4.4546E+00    3.3000E-04
1.3182E+02  3.0472E-05 2.1623E+02    5.4350E-01    0.0000E+00    0.0000E+00    0.0000E+00    5.0687E+00    3.3000E-04
1.2975E+02  3.8990E-05 2.1818E+02    5.4689E-01    0.0000E+00    0.0000E+00    0.0000E+00    5.5530E+00    3.3000E-04
1.2767E+02  4.9769E-05 2.2014E+02    5.5025E-01    0.0000E+00    0.0000E+00    0.0000E+00    6.0321E+00    3.3000E-04
1.2560E+02  6.3378E-05 2.2211E+02    5.5358E-01    0.0000E+00    0.0000E+00    0.0000E+00    6.5461E+00    3.3000E-04
1.2352E+02  8.0517E-05 2.2410E+02    5.5687E-01    0.0000E+00    0.0000E+00    0.0000E+00    7.0968E+00    3.3000E-04
1.2145E+02  1.0205E-04 2.2611E+02    5.6013E-01    0.0000E+00    0.0000E+00    0.0000E+00    7.6864E+00    3.3000E-04
1.1937E+02  1.2903E-04 2.2813E+02    5.6336E-01    0.0000E+00    0.0000E+00    0.0000E+00    8.3168E+00    3.3000E-04
1.1730E+02  1.6276E-04 2.3017E+02    5.6655E-01    0.0000E+00    0.0000E+00    0.0000E+00    8.9902E+00    3.3000E-04
1.1523E+02  2.0482E-04 2.3222E+02    5.6971E-01    0.0000E+00    0.0000E+00    0.0000E+00    9.7088E+00    3.3000E-04
1.1316E+02  2.5714E-04 2.3429E+02    5.7284E-01    0.0000E+00    0.0000E+00    0.0000E+00    1.0475E+01    3.3000E-04
1.1109E+02  3.2205E-04 2.3637E+02    5.7593E-01    0.0000E+00    0.0000E+00    0.0000E+00    1.1291E+01    3.3000E-04
1.0902E+02  4.0240E-04 2.3846E+02    5.7899E-01    0.0000E+00    0.0000E+00    0.0000E+00    1.2159E+01    3.3000E-04
1.0696E+02  5.0161E-04 2.4057E+02    5.8202E-01    0.0000E+00    0.0000E+00    0.0000E+00    1.3082E+01    3.3000E-04
1.0489E+02  6.2378E-04 2.4270E+02    5.8501E-01    0.0000E+00    0.0000E+00    0.0000E+00    1.4062E+01    3.3000E-04
1.0283E+02  7.7388E-04 2.4484E+02    5.8797E-01    0.0000E+00    0.0000E+00    0.0000E+00    1.5101E+01    3.3000E-04
1.0078E+02  9.5781E-04 2.4699E+02    5.9089E-01    0.0000E+00    0.0000E+00    0.0000E+00    1.6203E+01    3.3000E-04
9.8723E+01  1.1827E-03 2.4915E+02    5.9379E-01    0.0000E+00    0.0000E+00    0.0000E+00    1.7371E+01    3.3000E-04
9.6674E+01  1.4568E-03 2.5133E+02    5.9665E-01    0.0000E+00    0.0000E+00    0.0000E+00    1.8606E+01    3.3000E-04
9.4628E+01  1.7903E-03 2.5352E+02    5.9947E-01    0.0000E+00    0.0000E+00    0.0000E+00    1.9912E+01    3.3000E-04
9.2588E+01  2.1949E-03 2.5573E+02    6.0226E-01    0.0000E+00    0.0000E+00    0.0000E+00    2.1292E+01    3.3000E-04
9.0552E+01  2.6845E-03 2.5794E+02    6.0502E-01    0.0000E+00    0.0000E+00    0.0000E+00    2.2748E+01    3.3000E-04
8.8521E+01  3.2755E-03 2.6017E+02    6.0775E-01    0.0000E+00    0.0000E+00    0.0000E+00    2.4285E+01    3.3000E-04
8.6496E+01  3.9873E-03 2.6241E+02    6.1044E-01    0.0000E+00    0.0000E+00    0.0000E+00    2.5904E+01    3.3000E-04
8.4477E+01  4.8421E-03 2.6465E+02    6.1310E-01    0.0000E+00    0.0000E+00    0.0000E+00    2.7610E+01    3.3000E-04
8.2464E+01  5.8664E-03 2.6691E+02    6.1572E-01    0.0000E+00    0.0000E+00    0.0000E+00    2.9405E+01    3.3000E-04
8.0457E+01  7.0904E-03 2.6918E+02    6.1832E-01    0.0000E+00    0.0000E+00    0.0000E+00    3.1294E+01    3.3000E-04
7.8458E+01  8.5494E-03 2.7146E+02    6.2087E-01    0.0000E+00    0.0000E+00    0.0000E+00    3.3279E+01    3.3000E-04
7.6463E+01  1.0284E-02 2.7383E+02    6.2896E-01    0.0000E+00    0.0000E+00    0.0000E+00    3.5442E+01    3.3000E-04
7.4471E+01  1.2342E-02 2.7645E+02    6.3475E-01    0.0000E+00    0.0000E+00    0.0000E+00    3.7944E+01    3.3000E-04
7.2484E+01  1.4776E-02 2.7909E+02    6.3551E-01    0.0000E+00    0.0000E+00    0.0000E+00    4.0607E+01    3.3000E-04
7.0503E+01  1.7648E-02 2.8173E+02    6.3880E-01    0.0000E+00    0.0000E+00    0.0000E+00    4.3417E+01    3.3000E-04
6.8529E+01  2.1029E-02 2.8442E+02    6.4166E-01    0.0000E+00    0.0000E+00    0.0000E+00    4.6415E+01    3.3000E-04
6.6563E+01  2.4998E-02 2.8711E+02    6.4239E-01    0.0000E+00    0.0000E+00    0.0000E+00    4.9570E+01    3.3000E-04
6.4603E+01  2.9645E-02 2.8984E+02    6.4730E-01    0.0000E+00    0.0000E+00    0.0000E+00    5.2941E+01    3.3000E-04
6.2652E+01  3.5073E-02 2.9256E+02    6.4541E-01    0.0000E+00    0.0000E+00    0.0000E+00    5.6481E+01    3.3000E-04
6.0710E+01  4.1397E-02 2.9532E+02    6.5214E-01    0.0000E+00    0.0000E+00    0.0000E+00    6.0267E+01    3.3000E-04
5.8777E+01  4.8745E-02 2.9808E+02    6.4771E-01    0.0000E+00    0.0000E+00    0.0000E+00    6.4237E+01    3.3000E-04
5.6854E+01  5.7261E-02 3.0088E+02    6.5598E-01    0.0000E+00    0.0000E+00    0.0000E+00    6.8481E+01    3.3000E-04
5.4940E+01  6.7105E-02 3.0368E+02    6.5461E-01    0.0000E+00    0.0000E+00    0.0000E+00    7.2965E+01    3.3000E-04
5.3036E+01  7.8455E-02 3.0651E+02    6.5936E-01    0.0000E+00    0.0000E+00    0.0000E+00    7.7722E+01    3.3000E-04
5.1141E+01  9.1508E-02 3.0936E+02    6.6115E-01    0.0000E+00    0.0000E+00    0.0000E+00    8.2781E+01    3.3000E-04
4.9258E+01  1.0648E-01 3.1221E+02    6.6212E-01    0.0000E+00    0.0000E+00    0.0000E+00    8.8120E+01    3.3000E-04
4.7387E+01  1.2361E-01 3.1509E+02    6.6639E-01    0.0000E+00    0.0000E+00    0.0000E+00    9.3819E+01    3.3000E-04
4.5528E+01  1.4315E-01 3.1796E+02    6.6406E-01    0.0000E+00    0.0000E+00    0.0000E+00    9.9821E+01    3.3000E-04
4.3682E+01  1.6538E-01 3.2086E+02    6.7023E-01    0.0000E+00    0.0000E+00    0.0000E+00    1.0623E+02    3.3000E-04
4.1848E+01  1.9062E-01 3.2377E+02    6.6979E-01    0.0000E+00    0.0000E+00    0.0000E+00    1.1303E+02    3.3000E-04
4.0029E+01  2.1919E-01 3.2669E+02    6.7322E-01    0.0000E+00    0.0000E+00    0.0000E+00    1.2025E+02    3.3000E-04
3.8222E+01  2.5145E-01 3.2962E+02    6.7550E-01    0.0000E+00    0.0000E+00    0.0000E+00    1.2795E+02    3.3000E-04
3.6431E+01  2.8776E-01 3.3256E+02    6.7540E-01    0.0000E+00    0.0000E+00    0.0000E+00    1.3610E+02    3.3000E-04
3.4655E+01  3.2854E-01 3.3551E+02    6.7972E-01    0.0000E+00    0.0000E+00    0.0000E+00    1.4481E+02    3.3000E-04
3.2895E+01  3.7421E-01 3.3845E+02    6.7860E-01    0.0000E+00    0.0000E+00    0.0000E+00    1.5405E+02    3.3000E-04
3.1151E+01  4.2522E-01 3.4141E+02    6.8274E-01    0.0000E+00    0.0000E+00    0.0000E+00    1.6391E+02    3.3000E-04
2.9424E+01  4.8204E-01 3.4437E+02    6.8413E-01    0.0000E+00    0.0000E+00    0.0000E+00    1.7444E+02    3.3000E-04
2.7714E+01  5.4515E-01 3.4732E+02    6.8500E-01    0.0000E+00    0.0000E+00    0.0000E+00    1.8562E+02    3.3000E-04
2.6022E+01  6.1507E-01 3.5029E+02    6.8824E-01    0.0000E+00    0.0000E+00    0.0000E+00    1.9760E+02    3.3000E-04
2.4350E+01  6.9230E-01 3.5324E+02    6.8696E-01    0.0000E+00    0.0000E+00    0.0000E+00    2.1033E+02    3.3000E-04
2.2697E+01  7.7739E-01 3.5619E+02    6.9117E-01    0.0000E+00    0.0000E+00    0.0000E+00    2.2396E+02    3.3000E-04
2.1063E+01  8.7086E-01 3.5914E+02    6.9197E-01    0.0000E+00    0.0000E+00    0.0000E+00    2.3853E+02    3.3000E-04
1.9449E+01  9.7326E-01 3.6208E+02    6.9345E-01    0.0000E+00    0.0000E+00    0.0000E+00    2.5406E+02    3.3000E-04
1.7857E+01  1.0851E+00 3.6502E+02    6.9581E-01    0.0000E+00    0.0000E+00    0.0000E+00    2.7071E+02    3.3000E-04
1.6287E+01  1.2070E+00 3.6793E+02    6.9517E-01    0.0000E+00    0.0000E+00    0.0000E+00    2.8844E+02    3.3000E-04
1.4739E+01  1.3393E+00 3.7084E+02    6.9868E-01    0.0000E+00    0.0000E+00    0.0000E+00    3.0746E+02    3.3000E-04
1.3215E+01  1.4827E+00 3.7373E+02    6.9872E-01    0.0000E+00    0.0000E+00    0.0000E+00    3.2776E+02    3.3000E-04
1.1714E+01  1.6374E+00 3.7661E+02    7.0099E-01    0.0000E+00    0.0000E+00    0.0000E+00    3.4948E+02    3.3000E-04
1.0237E+01  1.8041E+00 3.7946E+02    7.0224E-01    0.0000E+00    0.0000E+00    0.0000E+00    3.7273E+02    3.3000E-04
8.7849E+00  1.9830E+00 3.8229E+02    7.0296E-01    0.0000E+00    0.0000E+00    0.0000E+00    3.9754E+02    3.3000E-04
7.3587E+00  2.1745E+00 3.8510E+02    7.0508E-01    0.0000E+00    0.0000E+00    0.0000E+00    4.2411E+02    3.3000E-04
5.9592E+00  2.3788E+00 3.8788E+02    7.0469E-01    0.0000E+00    0.0000E+00    0.0000E+00    4.5241E+02    3.3000E-04
4.5866E+00  2.5962E+00 3.9063E+02    7.0742E-01    0.0000E+00    0.0000E+00    0.0000E+00    4.8270E+02    3.3000E-04
3.2417E+00  2.8266E+00 3.9335E+02    7.0693E-01    0.0000E+00    0.0000E+00    0.0000E+00    5.1494E+02    3.3000E-04
1.9252E+00  3.0703E+00 3.9603E+02    7.0948E-01    0.0000E+00    0.0000E+00    0.0000E+00    5.4936E+02    3.3000E-04
6.3750E-01  3.3270E+00 3.9868E+02    7.0949E-01    0.0000E+00    0.0000E+00    0.0000E+00    5.8599E+02    3.3000E-04
0.0000E+00  3.4613E+00 4.0000E+02    7.1094E-01    0.0000E+00    0.0000E+00    0.0000E+00    6.0534E+02    3.3000E-04

     ALT          P          T          FH2O           O3           THEAT        TCOOL        PSATCO2        FCO2
2.1640E+02  1.1742E-08 2.0000E+02    6.7896E-01    0.0000E+00    0.0000E+00    0.0000E+00    1.5785E+00    3.3000E-04
2.1370E+02  1.6169E-08 2.0000E+02    6.7896E-01    0.0000E+00    0.0000E+00    0.0000E+00    1.5785E+00    3.3000E-04
2.1102E+02  2.2212E-08 2.0000E+02    6.7896E-01    0.0000E+00    0.0000E+00    0.0000E+00    1.5785E+00    3.3000E-04
2.0836E+02  3.0439E-08 2.0000E+02    6.7896E-01    0.0000E+00    0.0000E+00    0.0000E+00    1.5785E+00    3.3000E-04
2.0573E+02  4.1612E-08 2.0000E+02    6.7896E-01    0.0000E+00    0.0000E+00    0.0000E+00    1.5785E+00    3.3000E-04
2.0312E+02  5.6748E-08 2.0000E+02    6.7896E-01    0.0000E+00    0.0000E+00    0.0000E+00    1.5785E+00    3.3000E-04
2.0053E+02  7.7203E-08 2.0000E+02    6.7896E-01    0.0000E+00    0.0000E+00    0.0000E+00    1.5785E+00    3.3000E-04
1.9796E+02  1.0478E-07 2.0000E+02    6.7896E-01    0.0000E+00    0.0000E+00    0.0000E+00    1.5785E+00    3.3000E-04
1.9542E+02  1.4185E-07 2.0000E+02    6.7896E-01    0.0000E+00    0.0000E+00    0.0000E+00    1.5785E+00    3.3000E-04
1.9290E+02  1.9158E-07 2.0000E+02    6.7896E-01    0.0000E+00    0.0000E+00    0.0000E+00    1.5785E+00    3.3000E-04
1.9040E+02  2.5812E-07 2.0000E+02    6.7896E-01    0.0000E+00    0.0000E+00    0.0000E+00    1.5785E+00    3.3000E-04
1.8792E+02  3.4692E-07 2.0000E+02    6.7896E-01    0.0000E+00    0.0000E+00    0.0000E+00    1.5785E+00    3.3000E-04
1.8547E+02  4.6514E-07 2.0000E+02    6.7896E-01    0.0000E+00    0.0000E+00    0.0000E+00    1.5785E+00    3.3000E-04
1.8303E+02  6.2214E-07 2.0000E+02    6.7896E-01    0.0000E+00    0.0000E+00    0.0000E+00    1.5785E+00    3.3000E-04
1.8062E+02  8.3012E-07 2.0000E+02    6.7896E-01    0.0000E+00    0.0000E+00    0.0000E+00    1.5785E+00    3.3000E-04
1.7823E+02  1.1049E-06 2.0000E+02    6.7896E-01    0.0000E+00    0.0000E+00    0.0000E+00    1.5785E+00    3.3000E-04
1.7586E+02  1.4671E-06 2.0000E+02    6.7896E-01    0.0000E+00    0.0000E+00    0.0000E+00    1.5785E+00    3.3000E-04
1.7352E+02  1.9434E-06 2.0000E+02    6.7896E-01    0.0000E+00    0.0000E+00    0.0000E+00    1.5785E+00    3.3000E-04
1.7119E+02  2.5680E-06 2.0033E+02    6.7896E-01    0.0000E+00    0.0000E+00    0.0000E+00    1.6195E+00    3.3000E-04
1.6887E+02  3.3851E-06 2.0218E+02    6.8146E-01    0.0000E+00    0.0000E+00    0.0000E+00    1.8667E+00    3.3000E-04
1.6655E+02  4.4514E-06 2.0405E+02    6.8394E-01    0.0000E+00    0.0000E+00    0.0000E+00    2.1489E+00    3.3000E-04
1.6423E+02  5.8394E-06 2.0593E+02    6.8640E-01    0.0000E+00    0.0000E+00    0.0000E+00    2.4704E+00    3.3000E-04
1.6191E+02  7.6416E-06 2.0783E+02    6.8884E-01    0.0000E+00    0.0000E+00    0.0000E+00    2.8364E+00    3.3000E-04
1.5958E+02  9.9759E-06 2.0975E+02    6.9125E-01    0.0000E+00    0.0000E+00    0.0000E+00    3.2524E+00    3.3000E-04
1.5725E+02  1.2991E-05 2.1169E+02    6.9364E-01    0.0000E+00    0.0000E+00    0.0000E+00    3.7246E+00    3.3000E-04
1.5493E+02  1.6878E-05 2.1364E+02    6.9601E-01    0.0000E+00    0.0000E+00    0.0000E+00    4.2597E+00    3.3000E-04
1.5260E+02  2.1873E-05 2.1562E+02    6.9836E-01    0.0000E+00    0.0000E+00    0.0000E+00    4.8655E+00    3.3000E-04
1.5027E+02  2.8279E-05 2.1761E+02    7.0068E-01    0.0000E+00    0.0000E+00    0.0000E+00    5.4197E+00    3.3000E-04
1.4794E+02  3.6472E-05 2.1962E+02    7.0298E-01    0.0000E+00    0.0000E+00    0.0000E+00    5.9022E+00    3.3000E-04
1.4561E+02  4.6924E-05 2.2164E+02    7.0526E-01    0.0000E+00    0.0000E+00    0.0000E+00    6.4212E+00    3.3000E-04
1.4328E+02  6.0225E-05 2.2369E+02    7.0752E-01    0.0000E+00    0.0000E+00    0.0000E+00    6.9788E+00    3.3000E-04
1.4095E+02  7.7110E-05 2.2575E+02    7.0975E-01    0.0000E+00    0.0000E+00    0.0000E+00    7.5774E+00    3.3000E-04
1.3862E+02  9.8489E-05 2.2783E+02    7.1196E-01    0.0000E+00    0.0000E+00    0.0000E+00    8.2193E+00    3.3000E-04
1.3629E+02  1.2549E-04 2.2992E+02    7.1415E-01    0.0000E+00    0.0000E+00    0.0000E+00    8.9067E+00    3.3000E-04
1.3397E+02  1.5951E-04 2.3203E+02    7.1632E-01    0.0000E+00    0.0000E+00    0.0000E+00    9.6424E+00    3.3000E-04
1.3164E+02  2.0225E-04 2.3416E+02    7.1846E-01    0.0000E+00    0.0000E+00    0.0000E+00    1.0429E+01    3.3000E-04
1.2932E+02  2.5583E-04 2.3631E+02    7.2058E-01    0.0000E+00    0.0000E+00    0.0000E+00    1.1268E+01    3.3000E-04
1.2700E+02  3.2282E-04 2.3848E+02    7.2268E-01    0.0000E+00    0.0000E+00    0.0000E+00    1.2164E+01    3.3000E-04
1.2468E+02  4.0637E-04 2.4066E+02    7.2475E-01    0.0000E+00    0.0000E+00    0.0000E+00    1.3119E+01    3.3000E-04
1.2236E+02  5.1029E-04 2.4285E+02    7.2681E-01    0.0000E+00    0.0000E+00    0.0000E+00    1.4136E+01    3.3000E-04
1.2005E+02  6.3924E-04 2.4507E+02    7.2884E-01    0.0000E+00    0.0000E+00    0.0000E+00    1.5217E+01    3.3000E-04
1.1774E+02  7.9883E-04 2.4730E+02    7.3084E-01    0.0000E+00    0.0000E+00    0.0000E+00    1.6367E+01    3.3000E-04
1.1543E+02  9.9584E-04 2.4954E+02    7.3283E-01    0.0000E+00    0.0000E+00    0.0000E+00    1.7587E+01    3.3000E-04
1.1313E+02  1.2384E-03 2.5180E+02    7.3479E-01    0.0000E+00    0.0000E+00    0.0000E+00    1.8883E+01    3.3000E-04
1.1083E+02  1.5364E-03 2.5408E+02    7.3673E-01    0.0000E+00    0.0000E+00    0.0000E+00    2.0256E+01    3.3000E-04
1.0854E+02  1.9014E-03 2.5637E+02    7.3865E-01    0.0000E+00    0.0000E+00    0.0000E+00    2.1711E+01    3.3000E-04
1.0625E+02  2.3475E-03 2.5868E+02    7.4054E-01    0.0000E+00    0.0000E+00    0.0000E+00    2.3250E+01    3.3000E-04
1.0396E+02  2.8911E-03 2.6100E+02    7.4241E-01    0.0000E+00    0.0000E+00    0.0000E+00    2.4879E+01    3.3000E-04
1.0169E+02  3.5521E-03 2.6334E+02    7.4426E-01    0.0000E+00    0.0000E+00    0.0000E+00    2.6601E+01    3.3000E-04
9.9415E+01  4.3535E-03 2.6569E+02    7.4609E-01    0.0000E+00    0.0000E+00    0.0000E+00    2.8419E+01    3.3000E-04
9.7151E+01  5.3229E-03 2.6805E+02    7.4790E-01    0.0000E+00    0.0000E+00    0.0000E+00    3.0338E+01    3.3000E-04
9.4893E+01  6.4923E-03 2.7042E+02    7.4968E-01    0.0000E+00    0.0000E+00    0.0000E+00    3.2363E+01    3.3000E-04
9.2643E+01  7.8994E-03 2.7281E+02    7.5144E-01    0.0000E+00    0.0000E+00    0.0000E+00    3.4498E+01    3.3000E-04
9.0392E+01  9.5882E-03 2.7550E+02    7.6570E-01    0.0000E+00    0.0000E+00    0.0000E+00    3.7027E+01    3.3000E-04
8.8146E+01  1.1610E-02 2.7823E+02    7.5655E-01    0.0000E+00    0.0000E+00    0.0000E+00    3.9731E+01    3.3000E-04
8.5907E+01  1.4024E-02 2.8101E+02    7.6734E-01    0.0000E+00    0.0000E+00    0.0000E+00    4.2638E+01    3.3000E-04
8.3672E+01  1.6898E-02 2.8381E+02    7.6424E-01    0.0000E+00    0.0000E+00    0.0000E+00    4.5725E+01    3.3000E-04
8.1444E+01  2.0313E-02 2.8664E+02    7.6852E-01    0.0000E+00    0.0000E+00    0.0000E+00    4.9008E+01    3.3000E-04
7.9222E+01  2.4358E-02 2.8950E+02    7.7051E-01    0.0000E+00    0.0000E+00    0.0000E+00    5.2521E+01    3.3000E-04
7.7010E+01  2.9138E-02 2.9237E+02    7.6871E-01    0.0000E+00    0.0000E+00    0.0000E+00    5.6231E+01    3.3000E-04
7.4804E+01  3.4772E-02 2.9529E+02    7.7464E-01    0.0000E+00    0.0000E+00    0.0000E+00    6.0215E+01    3.3000E-04
7.2609E+01  4.1395E-02 2.9820E+02    7.6808E-01    0.0000E+00    0.0000E+00    0.0000E+00    6.4413E+01    3.3000E-04
7.0424E+01  4.9159E-02 3.0116E+02    7.7632E-01    0.0000E+00    0.0000E+00    0.0000E+00    6.8917E+01    3.3000E-04
6.8245E+01  5.8238E-02 3.0414E+02    7.7593E-01    0.0000E+00    0.0000E+00    0.0000E+00    7.3717E+01    3.3000E-04
6.6077E+01  6.8826E-02 3.0714E+02    7.7675E-01    0.0000E+00    0.0000E+00    0.0000E+00    7.8812E+01    3.3000E-04
6.3918E+01  8.1143E-02 3.1017E+02    7.8081E-01    0.0000E+00    0.0000E+00    0.0000E+00    8.4277E+01    3.3000E-04
6.1772E+01  9.5431E-02 3.1320E+02    7.7594E-01    0.0000E+00    0.0000E+00    0.0000E+00    9.0057E+01    3.3000E-04
5.9638E+01  1.1196E-01 3.1628E+02    7.8257E-01    0.0000E+00    0.0000E+00    0.0000E+00    9.6263E+01    3.3000E-04
5.7513E+01  1.3104E-01 3.1937E+02    7.8321E-01    0.0000E+00    0.0000E+00    0.0000E+00    1.0290E+02    3.3000E-04
5.5402E+01  1.5300E-01 3.2247E+02    7.8253E-01    0.0000E+00    0.0000E+00    0.0000E+00    1.0995E+02    3.3000E-04
5.3302E+01  1.7820E-01 3.2561E+02    7.8694E-01    0.0000E+00    0.0000E+00    0.0000E+00    1.1754E+02    3.3000E-04
5.1216E+01  2.0706E-01 3.2876E+02    7.8545E-01    0.0000E+00    0.0000E+00    0.0000E+00    1.2564E+02    3.3000E-04
4.9145E+01  2.4000E-01 3.3193E+02    7.8789E-01    0.0000E+00    0.0000E+00    0.0000E+00    1.3431E+02    3.3000E-04
4.7086E+01  2.7750E-01 3.3512E+02    7.9049E-01    0.0000E+00    0.0000E+00    0.0000E+00    1.4363E+02    3.3000E-04
4.5044E+01  3.2010E-01 3.3831E+02    7.8786E-01    0.0000E+00    0.0000E+00    0.0000E+00    1.5359E+02    3.3000E-04
4.3018E+01  3.6833E-01 3.4152E+02    7.9212E-01    0.0000E+00    0.0000E+00    0.0000E+00    1.6432E+02    3.3000E-04
4.1006E+01  4.2280E-01 3.4476E+02    7.9358E-01    0.0000E+00    0.0000E+00    0.0000E+00    1.7587E+02    3.3000E-04
3.9012E+01  4.8416E-01 3.4799E+02    7.9159E-01    0.0000E+00    0.0000E+00    0.0000E+00    1.8824E+02    3.3000E-04
3.7036E+01  5.5307E-01 3.5124E+02    7.9577E-01    0.0000E+00    0.0000E+00    0.0000E+00    2.0163E+02    3.3000E-04
3.5076E+01  6.3026E-01 3.5450E+02    7.9656E-01    0.0000E+00    0.0000E+00    0.0000E+00    2.1606E+02    3.3000E-04
3.3136E+01  7.1648E-01 3.5776E+02    7.9572E-01    0.0000E+00    0.0000E+00    0.0000E+00    2.3159E+02    3.3000E-04
3.1215E+01  8.1252E-01 3.6104E+02    7.9910E-01    0.0000E+00    0.0000E+00    0.0000E+00    2.4843E+02    3.3000E-04
2.9313E+01  9.1921E-01 3.6432E+02    7.9950E-01    0.0000E+00    0.0000E+00    0.0000E+00    2.6664E+02    3.3000E-04
2.7433E+01  1.0374E+00 3.6759E+02    7.9938E-01    0.0000E+00    0.0000E+00    0.0000E+00    2.8631E+02    3.3000E-04
2.5573E+01  1.1679E+00 3.7088E+02    8.0218E-01    0.0000E+00    0.0000E+00    0.0000E+00    3.0768E+02    3.3000E-04
2.3736E+01  1.3117E+00 3.7415E+02    8.0230E-01    0.0000E+00    0.0000E+00    0.0000E+00    3.3085E+02    3.3000E-04
2.1921E+01  1.4696E+00 3.7742E+02    8.0271E-01    0.0000E+00    0.0000E+00    0.0000E+00    3.5596E+02    3.3000E-04
2.0129E+01  1.6425E+00 3.8069E+02    8.0501E-01    0.0000E+00    0.0000E+00    0.0000E+00    3.8330E+02    3.3000E-04
1.8362E+01  1.8312E+00 3.8395E+02    8.0485E-01    0.0000E+00    0.0000E+00    0.0000E+00    4.1299E+02    3.3000E-04
1.6619E+01  2.0368E+00 3.8720E+02    8.0578E-01    0.0000E+00    0.0000E+00    0.0000E+00    4.4527E+02    3.3000E-04
1.4902E+01  2.2599E+00 3.9044E+02    8.0757E-01    0.0000E+00    0.0000E+00    0.0000E+00    4.8047E+02    3.3000E-04
1.3211E+01  2.5014E+00 3.9366E+02    8.0704E-01    0.0000E+00    0.0000E+00    0.0000E+00    5.1873E+02    3.3000E-04
1.1547E+01  2.7620E+00 3.9686E+02    8.0860E-01    0.0000E+00    0.0000E+00    0.0000E+00    5.6042E+02    3.3000E-04
9.9106E+00  3.0423E+00 4.0004E+02    8.0980E-01    0.0000E+00    0.0000E+00    0.0000E+00    6.0590E+02    3.3000E-04
8.3033E+00  3.3430E+00 4.0319E+02    8.0873E-01    0.0000E+00    0.0000E+00    0.0000E+00    6.5534E+02    3.3000E-04
6.7253E+00  3.6645E+00 4.0632E+02    8.1108E-01    0.0000E+00    0.0000E+00    0.0000E+00    7.0929E+02    3.3000E-04
5.1767E+00  4.0071E+00 4.0942E+02    8.1153E-01    0.0000E+00    0.0000E+00    0.0000E+00    7.6808E+02    3.3000E-04
3.6593E+00  4.3712E+00 4.1248E+02    8.1160E-01    0.0000E+00    0.0000E+00    0.0000E+00    8.3200E+02    3.3000E-04
2.1733E+00  4.7568E+00 4.1552E+02    8.1317E-01    0.0000E+00    0.0000E+00    0.0000E+00    9.0168E+02    3.3000E-04
7.1975E-01  5.1639E+00 4.1851E+02    8.1260E-01    0.0000E+00    0.0000E+00    0.0000E+00    9.7736E+02    3.3000E-04
0.0000E+00  5.3770E+00 4.2000E+02    8.1393E-01    0.0000E+00    0.0000E+00    0.0000E+00    1.0180E+03    3.3000E-04

     ALT          P          T          FH2O           O3           THEAT        TCOOL        PSATCO2        FCO2
2.3658E+02  1.1783E-08 2.0000E+02    7.8821E-01    0.0000E+00    0.0000E+00    0.0000E+00    1.5785E+00    3.3000E-04
2.3365E+02  1.6340E-08 2.0000E+02    7.8821E-01    0.0000E+00    0.0000E+00    0.0000E+00    1.5785E+00    3.3000E-04
2.3075E+02  2.2602E-08 2.0000E+02    7.8821E-01    0.0000E+00    0.0000E+00    0.0000E+00    1.5785E+00    3.3000E-04
2.2787E+02  3.1188E-08 2.0000E+02    7.8821E-01    0.0000E+00    0.0000E+00    0.0000E+00    1.5785E+00    3.3000E-04
2.2501E+02  4.2928E-08 2.0000E+02    7.8821E-01    0.0000E+00    0.0000E+00    0.0000E+00    1.5785E+00    3.3000E-04
2.2218E+02  5.8941E-08 2.0000E+02    7.8821E-01    0.0000E+00    0.0000E+00    0.0000E+00    1.5785E+00    3.3000E-04
2.1937E+02  8.0727E-08 2.0000E+02    7.8821E-01    0.0000E+00    0.0000E+00    0.0000E+00    1.5785E+00    3.3000E-04
2.1659E+02  1.1029E-07 2.0000E+02    7.8821E-01    0.0000E+00    0.0000E+00    0.0000E+00    1.5785E+00    3.3000E-04
2.1383E+02  1.5031E-07 2.0000E+02    7.8821E-01    0.0000E+00    0.0000E+00    0.0000E+00    1.5785E+00    3.3000E-04
2.1110E+02  2.0434E-07 2.0000E+02    7.8821E-01    0.0000E+00    0.0000E+00    0.0000E+00    1.5785E+00    3.3000E-04
2.0839E+02  2.7711E-07 2.0000E+02    7.8821E-01    0.0000E+00    0.0000E+00    0.0000E+00    1.5785E+00    3.3000E-04
2.0570E+02  3.7486E-07 2.0000E+02    7.8821E-01    0.0000E+00    0.0000E+00    0.0000E+00    1.5785E+00    3.3000E-04
2.0304E+02  5.0583E-07 2.0000E+02    7.8821E-01    0.0000E+00    0.0000E+00    0.0000E+00    1.5785E+00    3.3000E-04
2.0040E+02  6.8087E-07 2.0000E+02    7.8821E-01    0.0000E+00    0.0000E+00    0.0000E+00    1.5785E+00    3.3000E-04
1.9779E+02  9.1422E-07 2.0000E+02    7.8821E-01    0.0000E+00    0.0000E+00    0.0000E+00    1.5785E+00    3.3000E-04
1.9520E+02  1.2245E-06 2.0000E+02    7.8821E-01    0.0000E+00    0.0000E+00    0.0000E+00    1.5785E+00    3.3000E-04
1.9263E+02  1.6360E-06 2.0000E+02    7.8821E-01    0.0000E+00    0.0000E+00    0.0000E+00    1.5785E+00    3.3000E-04
1.9009E+02  2.1804E-06 2.0024E+02    7.8821E-01    0.0000E+00    0.0000E+00    0.0000E+00    1.6077E+00    3.3000E-04
1.8756E+02  2.8988E-06 2.0213E+02    7.8991E-01    0.0000E+00    0.0000E+00    0.0000E+00    1.8597E+00    3.3000E-04
1.8502E+02  3.8443E-06 2.0404E+02    7.9159E-01    0.0000E+00    0.0000E+00    0.0000E+00    2.1484E+00    3.3000E-04
1.8248E+02  5.0856E-06 2.0597E+02    7.9326E-01    0.0000E+00    0.0000E+00    0.0000E+00    2.4786E+00    3.3000E-04
1.7994E+02  6.7110E-06 2.0793E+02    7.9492E-01    0.0000E+00    0.0000E+00    0.0000E+00    2.8557E+00    3.3000E-04
1.7740E+02  8.8339E-06 2.0990E+02    7.9656E-01    0.0000E+00    0.0000E+00    0.0000E+00    3.2859E+00    3.3000E-04
1.7486E+02  1.1600E-05 2.1189E+02    7.9818E-01    0.0000E+00    0.0000E+00    0.0000E+00    3.7760E+00    3.3000E-04
1.7231E+02  1.5194E-05 2.1390E+02    7.9979E-01    0.0000E+00    0.0000E+00    0.0000E+00    4.3334E+00    3.3000E-04
1.6977E+02  1.9852E-05 2.1593E+02    8.0139E-01    0.0000E+00    0.0000E+00    0.0000E+00    4.9666E+00    3.3000E-04
1.6722E+02  2.5874E-05 2.1797E+02    8.0297E-01    0.0000E+00    0.0000E+00    0.0000E+00    5.5054E+00    3.3000E-04
1.6468E+02  3.3639E-05 2.2004E+02    8.0453E-01    0.0000E+00    0.0000E+00    0.0000E+00    6.0086E+00    3.3000E-04
1.6213E+02  4.3626E-05 2.2213E+02    8.0608E-01    0.0000E+00    0.0000E+00    0.0000E+00    6.5511E+00    3.3000E-04
1.5959E+02  5.6438E-05 2.2424E+02    8.0761E-01    0.0000E+00    0.0000E+00    0.0000E+00    7.1353E+00    3.3000E-04
1.5704E+02  7.2833E-05 2.2636E+02    8.0913E-01    0.0000E+00    0.0000E+00    0.0000E+00    7.7637E+00    3.3000E-04
1.5450E+02  9.3757E-05 2.2851E+02    8.1063E-01    0.0000E+00    0.0000E+00    0.0000E+00    8.4390E+00    3.3000E-04
1.5196E+02  1.2039E-04 2.3067E+02    8.1212E-01    0.0000E+00    0.0000E+00    0.0000E+00    9.1640E+00    3.3000E-04
1.4942E+02  1.5421E-04 2.3286E+02    8.1359E-01    0.0000E+00    0.0000E+00    0.0000E+00    9.9413E+00    3.3000E-04
1.4688E+02  1.9705E-04 2.3506E+02    8.1505E-01    0.0000E+00    0.0000E+00    0.0000E+00    1.0774E+01    3.3000E-04
1.4434E+02  2.5115E-04 2.3729E+02    8.1649E-01    0.0000E+00    0.0000E+00    0.0000E+00    1.1665E+01    3.3000E-04
1.4180E+02  3.1932E-04 2.3953E+02    8.1791E-01    0.0000E+00    0.0000E+00    0.0000E+00    1.2618E+01    3.3000E-04
1.3927E+02  4.0498E-04 2.4179E+02    8.1932E-01    0.0000E+00    0.0000E+00    0.0000E+00    1.3635E+01    3.3000E-04
1.3674E+02  5.1236E-04 2.4407E+02    8.2072E-01    0.0000E+00    0.0000E+00    0.0000E+00    1.4721E+01    3.3000E-04
1.3421E+02  6.4659E-04 2.4637E+02    8.2210E-01    0.0000E+00    0.0000E+00    0.0000E+00    1.5879E+01    3.3000E-04
1.3169E+02  8.1398E-04 2.4868E+02    8.2346E-01    0.0000E+00    0.0000E+00    0.0000E+00    1.7112E+01    3.3000E-04
1.2917E+02  1.0222E-03 2.5102E+02    8.2481E-01    0.0000E+00    0.0000E+00    0.0000E+00    1.8424E+01    3.3000E-04
1.2665E+02  1.2804E-03 2.5337E+02    8.2615E-01    0.0000E+00    0.0000E+00    0.0000E+00    1.9820E+01    3.3000E-04
1.2414E+02  1.5999E-03 2.5574E+02    8.2747E-01    0.0000E+00    0.0000E+00    0.0000E+00    2.1302E+01    3.3000E-04
1.2163E+02  1.9942E-03 2.5813E+02    8.2877E-01    0.0000E+00    0.0000E+00    0.0000E+00    2.2876E+01    3.3000E-04
1.1913E+02  2.4795E-03 2.6054E+02    8.3006E-01    0.0000E+00    0.0000E+00    0.0000E+00    2.4546E+01    3.3000E-04
1.1664E+02  3.0753E-03 2.6296E+02    8.3133E-01    0.0000E+00    0.0000E+00    0.0000E+00    2.6316E+01    3.3000E-04
1.1415E+02  3.8048E-03 2.6540E+02    8.3259E-01    0.0000E+00    0.0000E+00    0.0000E+00    2.8191E+01    3.3000E-04
1.1166E+02  4.6957E-03 2.6785E+02    8.3383E-01    0.0000E+00    0.0000E+00    0.0000E+00    3.0177E+01    3.3000E-04
1.0919E+02  5.7808E-03 2.7033E+02    8.3506E-01    0.0000E+00    0.0000E+00    0.0000E+00    3.2278E+01    3.3000E-04
1.0672E+02  7.0990E-03 2.7281E+02    8.3627E-01    0.0000E+00    0.0000E+00    0.0000E+00    3.4500E+01    3.3000E-04
1.0425E+02  8.6963E-03 2.7562E+02    8.5141E-01    0.0000E+00    0.0000E+00    0.0000E+00    3.7143E+01    3.3000E-04
1.0178E+02  1.0627E-02 2.7848E+02    8.4318E-01    0.0000E+00    0.0000E+00    0.0000E+00    3.9984E+01    3.3000E-04
9.9315E+01  1.2953E-02 2.8138E+02    8.5098E-01    0.0000E+00    0.0000E+00    0.0000E+00    4.3034E+01    3.3000E-04
9.6855E+01  1.5750E-02 2.8432E+02    8.5083E-01    0.0000E+00    0.0000E+00    0.0000E+00    4.6304E+01    3.3000E-04
9.4403E+01  1.9103E-02 2.8727E+02    8.4895E-01    0.0000E+00    0.0000E+00    0.0000E+00    4.9771E+01    3.3000E-04
9.1958E+01  2.3113E-02 2.9028E+02    8.5476E-01    0.0000E+00    0.0000E+00    0.0000E+00    5.3511E+01    3.3000E-04
8.9522E+01  2.7895E-02 2.9329E+02    8.4680E-01    0.0000E+00    0.0000E+00    0.0000E+00    5.7466E+01    3.3000E-04
8.7095E+01  3.3583E-02 2.9635E+02    8.5463E-01    0.0000E+00    0.0000E+00    0.0000E+00    6.1722E+01    3.3000E-04
8.4672E+01  4.0331E-02 2.9945E+02    8.5499E-01    0.0000E+00    0.0000E+00    0.0000E+00    6.6284E+01    3.3000E-04
8.2260E+01  4.8315E-02 3.0255E+02    8.5206E-01    0.0000E+00    0.0000E+00    0.0000E+00    7.1130E+01    3.3000E-04
7.9856E+01  5.7737E-02 3.0571E+02    8.5788E-01    0.0000E+00    0.0000E+00    0.0000E+00    7.6356E+01    3.3000E-04
7.7461E+01  6.8824E-02 3.0889E+02    8.5531E-01    0.0000E+00    0.0000E+00    0.0000E+00    8.1935E+01    3.3000E-04
7.5077E+01  8.1837E-02 3.1209E+02    8.5666E-01    0.0000E+00    0.0000E+00    0.0000E+00    8.7904E+01    3.3000E-04
7.2702E+01  9.7070E-02 3.1534E+02    8.6020E-01    0.0000E+00    0.0000E+00    0.0000E+00    9.4340E+01    3.3000E-04
7.0338E+01  1.1485E-01 3.1860E+02    8.5675E-01    0.0000E+00    0.0000E+00    0.0000E+00    1.0121E+02    3.3000E-04
6.7987E+01  1.3556E-01 3.2190E+02    8.5973E-01    0.0000E+00    0.0000E+00    0.0000E+00    1.0861E+02    3.3000E-04
6.5646E+01  1.5960E-01 3.2523E+02    8.6231E-01    0.0000E+00    0.0000E+00    0.0000E+00    1.1659E+02    3.3000E-04
6.3318E+01  1.8743E-01 3.2857E+02    8.5935E-01    0.0000E+00    0.0000E+00    0.0000E+00    1.2514E+02    3.3000E-04
6.1004E+01  2.1958E-01 3.3195E+02    8.6203E-01    0.0000E+00    0.0000E+00    0.0000E+00    1.3437E+02    3.3000E-04
5.8702E+01  2.5661E-01 3.3536E+02    8.6448E-01    0.0000E+00    0.0000E+00    0.0000E+00    1.4437E+02    3.3000E-04
5.6414E+01  2.9913E-01 3.3879E+02    8.6269E-01    0.0000E+00    0.0000E+00    0.0000E+00    1.5514E+02    3.3000E-04
5.4142E+01  3.4784E-01 3.4223E+02    8.6384E-01    0.0000E+00    0.0000E+00    0.0000E+00    1.6678E+02    3.3000E-04
5.1883E+01  4.0348E-01 3.4571E+02    8.6658E-01    0.0000E+00    0.0000E+00    0.0000E+00    1.7944E+02    3.3000E-04
4.9640E+01  4.6686E-01 3.4921E+02    8.6613E-01    0.0000E+00    0.0000E+00    0.0000E+00    1.9317E+02    3.3000E-04
4.7415E+01  5.3886E-01 3.5272E+02    8.6514E-01    0.0000E+00    0.0000E+00    0.0000E+00    2.0804E+02    3.3000E-04
4.5207E+01  6.2042E-01 3.5626E+02    8.6829E-01    0.0000E+00    0.0000E+00    0.0000E+00    2.2428E+02    3.3000E-04
4.3015E+01  7.1255E-01 3.5982E+02    8.6904E-01    0.0000E+00    0.0000E+00    0.0000E+00    2.4200E+02    3.3000E-04
4.0843E+01  8.1635E-01 3.6338E+02    8.6715E-01    0.0000E+00    0.0000E+00    0.0000E+00    2.6129E+02    3.3000E-04
3.8691E+01  9.3294E-01 3.6697E+02    8.6949E-01    0.0000E+00    0.0000E+00    0.0000E+00    2.8242E+02    3.3000E-04
3.6557E+01  1.0635E+00 3.7057E+02    8.7118E-01    0.0000E+00    0.0000E+00    0.0000E+00    3.0560E+02    3.3000E-04
3.4443E+01  1.2094E+00 3.7418E+02    8.7089E-01    0.0000E+00    0.0000E+00    0.0000E+00    3.3102E+02    3.3000E-04
3.2352E+01  1.3719E+00 3.7779E+02    8.7024E-01    0.0000E+00    0.0000E+00    0.0000E+00    3.5890E+02    3.3000E-04
3.0282E+01  1.5524E+00 3.8142E+02    8.7261E-01    0.0000E+00    0.0000E+00    0.0000E+00    3.8966E+02    3.3000E-04
2.8235E+01  1.7522E+00 3.8505E+02    8.7345E-01    0.0000E+00    0.0000E+00    0.0000E+00    4.2360E+02    3.3000E-04
2.6211E+01  1.9729E+00 3.8868E+02    8.7263E-01    0.0000E+00    0.0000E+00    0.0000E+00    4.6100E+02    3.3000E-04
2.4212E+01  2.2159E+00 3.9231E+02    8.7350E-01    0.0000E+00    0.0000E+00    0.0000E+00    5.0235E+02    3.3000E-04
2.2237E+01  2.4826E+00 3.9595E+02    8.7509E-01    0.0000E+00    0.0000E+00    0.0000E+00    5.4822E+02    3.3000E-04
2.0288E+01  2.7746E+00 3.9958E+02    8.7534E-01    0.0000E+00    0.0000E+00    0.0000E+00    5.9907E+02    3.3000E-04
1.8366E+01  3.0932E+00 4.0319E+02    8.7413E-01    0.0000E+00    0.0000E+00    0.0000E+00    6.5539E+02    3.3000E-04
1.6472E+01  3.4398E+00 4.0680E+02    8.7609E-01    0.0000E+00    0.0000E+00    0.0000E+00    7.1808E+02    3.3000E-04
1.4606E+01  3.8159E+00 4.1040E+02    8.7704E-01    0.0000E+00    0.0000E+00    0.0000E+00    7.8789E+02    3.3000E-04
1.2768E+01  4.2225E+00 4.1398E+02    8.7672E-01    0.0000E+00    0.0000E+00    0.0000E+00    8.6556E+02    3.3000E-04
1.0962E+01  4.6609E+00 4.1754E+02    8.7685E-01    0.0000E+00    0.0000E+00    0.0000E+00    9.5206E+02    3.3000E-04
9.1854E+00  5.1321E+00 4.2108E+02    8.7822E-01    0.0000E+00    0.0000E+00    0.0000E+00    1.0487E+03    3.3000E-04
7.4405E+00  5.6369E+00 4.2460E+02    8.7844E-01    0.0000E+00    0.0000E+00    0.0000E+00    1.1564E+03    3.3000E-04
5.7287E+00  6.1761E+00 4.2808E+02    8.7756E-01    0.0000E+00    0.0000E+00    0.0000E+00    1.2765E+03    3.3000E-04
4.0505E+00  6.7500E+00 4.3153E+02    8.7915E-01    0.0000E+00    0.0000E+00    0.0000E+00    1.4107E+03    3.3000E-04
2.4059E+00  7.3590E+00 4.3494E+02    8.7961E-01    0.0000E+00    0.0000E+00    0.0000E+00    1.5606E+03    3.3000E-04
7.9691E-01  8.0031E+00 4.3832E+02    8.7880E-01    0.0000E+00    0.0000E+00    0.0000E+00    1.7276E+03    3.3000E-04
0.0000E+00  8.3408E+00 4.4000E+02    8.8005E-01    0.0000E+00    0.0000E+00    0.0000E+00    1.8190E+03    3.3000E-04

     ALT          P          T          FH2O           O3           THEAT        TCOOL        PSATCO2        FCO2
2.5395E+02  1.1823E-08 2.0000E+02    8.6107E-01    0.0000E+00    0.0000E+00    0.0000E+00    1.5785E+00    3.3000E-04
2.5083E+02  1.6505E-08 2.0000E+02    8.6107E-01    0.0000E+00    0.0000E+00    0.0000E+00    1.5785E+00    3.3000E-04
2.4773E+02  2.2984E-08 2.0000E+02    8.6107E-01    0.0000E+00    0.0000E+00    0.0000E+00    1.5785E+00    3.3000E-04
2.4467E+02  3.1924E-08 2.0000E+02    8.6107E-01    0.0000E+00    0.0000E+00    0.0000E+00    1.5785E+00    3.3000E-04
2.4163E+02  4.4231E-08 2.0000E+02    8.6107E-01    0.0000E+00    0.0000E+00    0.0000E+00    1.5785E+00    3.3000E-04
2.3861E+02  6.1126E-08 2.0000E+02    8.6107E-01    0.0000E+00    0.0000E+00    0.0000E+00    1.5785E+00    3.3000E-04
2.3562E+02  8.4261E-08 2.0000E+02    8.6107E-01    0.0000E+00    0.0000E+00    0.0000E+00    1.5785E+00    3.3000E-04
2.3266E+02  1.1586E-07 2.0000E+02    8.6107E-01    0.0000E+00    0.0000E+00    0.0000E+00    1.5785E+00    3.3000E-04
2.2972E+02  1.5890E-07 2.0000E+02    8.6107E-01    0.0000E+00    0.0000E+00    0.0000E+00    1.5785E+00    3.3000E-04
2.2681E+02  2.1739E-07 2.0000E+02    8.6107E-01    0.0000E+00    0.0000E+00    0.0000E+00    1.5785E+00    3.3000E-04
2.2392E+02  2.9665E-07 2.0000E+02    8.6107E-01    0.0000E+00    0.0000E+00    0.0000E+00    1.5785E+00    3.3000E-04
2.2107E+02  4.0379E-07 2.0000E+02    8.6107E-01    0.0000E+00    0.0000E+00    0.0000E+00    1.5785E+00    3.3000E-04
2.1823E+02  5.4823E-07 2.0000E+02    8.6107E-01    0.0000E+00    0.0000E+00    0.0000E+00    1.5785E+00    3.3000E-04
2.1542E+02  7.4246E-07 2.0000E+02    8.6107E-01    0.0000E+00    0.0000E+00    0.0000E+00    1.5785E+00    3.3000E-04
2.1264E+02  1.0030E-06 2.0000E+02    8.6107E-01    0.0000E+00    0.0000E+00    0.0000E+00    1.5785E+00    3.3000E-04
2.0989E+02  1.3514E-06 2.0000E+02    8.6107E-01    0.0000E+00    0.0000E+00    0.0000E+00    1.5785E+00    3.3000E-04
2.0715E+02  1.8164E-06 2.0000E+02    8.6107E-01    0.0000E+00    0.0000E+00    0.0000E+00    1.5785E+00    3.3000E-04
2.0444E+02  2.4351E-06 2.0154E+02    8.6107E-01    0.0000E+00    0.0000E+00    0.0000E+00    1.7784E+00    3.3000E-04
2.0172E+02  3.2564E-06 2.0350E+02    8.6222E-01    0.0000E+00    0.0000E+00    0.0000E+00    2.0624E+00    3.3000E-04
1.9901E+02  4.3436E-06 2.0547E+02    8.6336E-01    0.0000E+00    0.0000E+00    0.0000E+00    2.3884E+00    3.3000E-04
1.9629E+02  5.7791E-06 2.0746E+02    8.6448E-01    0.0000E+00    0.0000E+00    0.0000E+00    2.7623E+00    3.3000E-04
1.9357E+02  7.6697E-06 2.0948E+02    8.6560E-01    0.0000E+00    0.0000E+00    0.0000E+00    3.1904E+00    3.3000E-04
1.9085E+02  1.0153E-05 2.1152E+02    8.6670E-01    0.0000E+00    0.0000E+00    0.0000E+00    3.6800E+00    3.3000E-04
1.8813E+02  1.3406E-05 2.1357E+02    8.6780E-01    0.0000E+00    0.0000E+00    0.0000E+00    4.2389E+00    3.3000E-04
1.8540E+02  1.7658E-05 2.1565E+02    8.6888E-01    0.0000E+00    0.0000E+00    0.0000E+00    4.8763E+00    3.3000E-04
1.8268E+02  2.3198E-05 2.1775E+02    8.6996E-01    0.0000E+00    0.0000E+00    0.0000E+00    5.4527E+00    3.3000E-04
1.7995E+02  3.0400E-05 2.1987E+02    8.7102E-01    0.0000E+00    0.0000E+00    0.0000E+00    5.9654E+00    3.3000E-04
1.7723E+02  3.9737E-05 2.2201E+02    8.7208E-01    0.0000E+00    0.0000E+00    0.0000E+00    6.5194E+00    3.3000E-04
1.7451E+02  5.1810E-05 2.2417E+02    8.7312E-01    0.0000E+00    0.0000E+00    0.0000E+00    7.1175E+00    3.3000E-04
1.7178E+02  6.7382E-05 2.2636E+02    8.7415E-01    0.0000E+00    0.0000E+00    0.0000E+00    7.7625E+00    3.3000E-04
1.6906E+02  8.7411E-05 2.2856E+02    8.7518E-01    0.0000E+00    0.0000E+00    0.0000E+00    8.4571E+00    3.3000E-04
1.6634E+02  1.1311E-04 2.3079E+02    8.7619E-01    0.0000E+00    0.0000E+00    0.0000E+00    9.2045E+00    3.3000E-04
1.6361E+02  1.4599E-04 2.3304E+02    8.7719E-01    0.0000E+00    0.0000E+00    0.0000E+00    1.0008E+01    3.3000E-04
1.6089E+02  1.8795E-04 2.3531E+02    8.7818E-01    0.0000E+00    0.0000E+00    0.0000E+00    1.0870E+01    3.3000E-04
1.5818E+02  2.4136E-04 2.3760E+02    8.7916E-01    0.0000E+00    0.0000E+00    0.0000E+00    1.1796E+01    3.3000E-04
1.5546E+02  3.0917E-04 2.3991E+02    8.8013E-01    0.0000E+00    0.0000E+00    0.0000E+00    1.2787E+01    3.3000E-04
1.5275E+02  3.9503E-04 2.4224E+02    8.8109E-01    0.0000E+00    0.0000E+00    0.0000E+00    1.3848E+01    3.3000E-04
1.5004E+02  5.0346E-04 2.4460E+02    8.8204E-01    0.0000E+00    0.0000E+00    0.0000E+00    1.4983E+01    3.3000E-04
1.4733E+02  6.4002E-04 2.4697E+02    8.8298E-01    0.0000E+00    0.0000E+00    0.0000E+00    1.6196E+01    3.3000E-04
1.4462E+02  8.1157E-04 2.4937E+02    8.8391E-01    0.0000E+00    0.0000E+00    0.0000E+00    1.7490E+01    3.3000E-04
1.4192E+02  1.0265E-03 2.5179E+02    8.8483E-01    0.0000E+00    0.0000E+00    0.0000E+00    1.8871E+01    3.3000E-04
1.3923E+02  1.2951E-03 2.5422E+02    8.8574E-01    0.0000E+00    0.0000E+00    0.0000E+00    2.0343E+01    3.3000E-04
1.3653E+02  1.6298E-03 2.5668E+02    8.8664E-01    0.0000E+00    0.0000E+00    0.0000E+00    2.1910E+01    3.3000E-04
1.3385E+02  2.0458E-03 2.5916E+02    8.8753E-01    0.0000E+00    0.0000E+00    0.0000E+00    2.3578E+01    3.3000E-04
1.3116E+02  2.5615E-03 2.6165E+02    8.8841E-01    0.0000E+00    0.0000E+00    0.0000E+00    2.5351E+01    3.3000E-04
1.2849E+02  3.1992E-03 2.6417E+02    8.8927E-01    0.0000E+00    0.0000E+00    0.0000E+00    2.7235E+01    3.3000E-04
1.2581E+02  3.9855E-03 2.6670E+02    8.9013E-01    0.0000E+00    0.0000E+00    0.0000E+00    2.9235E+01    3.3000E-04
1.2315E+02  4.9524E-03 2.6926E+02    8.9098E-01    0.0000E+00    0.0000E+00    0.0000E+00    3.1359E+01    3.3000E-04
1.2049E+02  6.1384E-03 2.7183E+02    8.9181E-01    0.0000E+00    0.0000E+00    0.0000E+00    3.3611E+01    3.3000E-04
1.1783E+02  7.5893E-03 2.7460E+02    9.0541E-01    0.0000E+00    0.0000E+00    0.0000E+00    3.6167E+01    3.3000E-04
1.1517E+02  9.3593E-03 2.7755E+02    8.9897E-01    0.0000E+00    0.0000E+00    0.0000E+00    3.9046E+01    3.3000E-04
1.1252E+02  1.1513E-02 2.8057E+02    9.0754E-01    0.0000E+00    0.0000E+00    0.0000E+00    4.2168E+01    3.3000E-04
1.0987E+02  1.4126E-02 2.8361E+02    9.0008E-01    0.0000E+00    0.0000E+00    0.0000E+00    4.5488E+01    3.3000E-04
1.0722E+02  1.7289E-02 2.8668E+02    9.0516E-01    0.0000E+00    0.0000E+00    0.0000E+00    4.9056E+01    3.3000E-04
1.0458E+02  2.1107E-02 2.8981E+02    9.0740E-01    0.0000E+00    0.0000E+00    0.0000E+00    5.2904E+01    3.3000E-04
1.0195E+02  2.5702E-02 2.9294E+02    8.9930E-01    0.0000E+00    0.0000E+00    0.0000E+00    5.6985E+01    3.3000E-04
9.9332E+01  3.1219E-02 2.9613E+02    9.0754E-01    0.0000E+00    0.0000E+00    0.0000E+00    6.1405E+01    3.3000E-04
9.6713E+01  3.7824E-02 2.9936E+02    9.0667E-01    0.0000E+00    0.0000E+00    0.0000E+00    6.6151E+01    3.3000E-04
9.4106E+01  4.5710E-02 3.0261E+02    9.0307E-01    0.0000E+00    0.0000E+00    0.0000E+00    7.1213E+01    3.3000E-04
9.1506E+01  5.5102E-02 3.0591E+02    9.0889E-01    0.0000E+00    0.0000E+00    0.0000E+00    7.6696E+01    3.3000E-04
8.8912E+01  6.6254E-02 3.0925E+02    9.0748E-01    0.0000E+00    0.0000E+00    0.0000E+00    8.2586E+01    3.3000E-04
8.6330E+01  7.9463E-02 3.1261E+02    9.0489E-01    0.0000E+00    0.0000E+00    0.0000E+00    8.8893E+01    3.3000E-04
8.3757E+01  9.5065E-02 3.1602E+02    9.0981E-01    0.0000E+00    0.0000E+00    0.0000E+00    9.5733E+01    3.3000E-04
8.1192E+01  1.1344E-01 3.1947E+02    9.0940E-01    0.0000E+00    0.0000E+00    0.0000E+00    1.0311E+02    3.3000E-04
7.8641E+01  1.3503E-01 3.2293E+02    9.0530E-01    0.0000E+00    0.0000E+00    0.0000E+00    1.1103E+02    3.3000E-04
7.6101E+01  1.6032E-01 3.2645E+02    9.1019E-01    0.0000E+00    0.0000E+00    0.0000E+00    1.1964E+02    3.3000E-04
7.3568E+01  1.8986E-01 3.3000E+02    9.1132E-01    0.0000E+00    0.0000E+00    0.0000E+00    1.2898E+02    3.3000E-04
7.1050E+01  2.2428E-01 3.3358E+02    9.0825E-01    0.0000E+00    0.0000E+00    0.0000E+00    1.3906E+02    3.3000E-04
6.8546E+01  2.6428E-01 3.3719E+02    9.0993E-01    0.0000E+00    0.0000E+00    0.0000E+00    1.5003E+02    3.3000E-04
6.6053E+01  3.1061E-01 3.4085E+02    9.1250E-01    0.0000E+00    0.0000E+00    0.0000E+00    1.6200E+02    3.3000E-04
6.3572E+01  3.6415E-01 3.4453E+02    9.1231E-01    0.0000E+00    0.0000E+00    0.0000E+00    1.7504E+02    3.3000E-04
6.1109E+01  4.2583E-01 3.4824E+02    9.0917E-01    0.0000E+00    0.0000E+00    0.0000E+00    1.8923E+02    3.3000E-04
5.8661E+01  4.9671E-01 3.5198E+02    9.1220E-01    0.0000E+00    0.0000E+00    0.0000E+00    2.0479E+02    3.3000E-04
5.6226E+01  5.7791E-01 3.5576E+02    9.1399E-01    0.0000E+00    0.0000E+00    0.0000E+00    2.2190E+02    3.3000E-04
5.3807E+01  6.7070E-01 3.5956E+02    9.1389E-01    0.0000E+00    0.0000E+00    0.0000E+00    2.4068E+02    3.3000E-04
5.1407E+01  7.7641E-01 3.6339E+02    9.1186E-01    0.0000E+00    0.0000E+00    0.0000E+00    2.6131E+02    3.3000E-04
4.9025E+01  8.9652E-01 3.6724E+02    9.1355E-01    0.0000E+00    0.0000E+00    0.0000E+00    2.8409E+02    3.3000E-04
4.6659E+01  1.0326E+00 3.7112E+02    9.1529E-01    0.0000E+00    0.0000E+00    0.0000E+00    3.0935E+02    3.3000E-04
4.4312E+01  1.1863E+00 3.7503E+02    9.1578E-01    0.0000E+00    0.0000E+00    0.0000E+00    3.3736E+02    3.3000E-04
4.1985E+01  1.3594E+00 3.7895E+02    9.1501E-01    0.0000E+00    0.0000E+00    0.0000E+00    3.6844E+02    3.3000E-04
3.9680E+01  1.5539E+00 3.8289E+02    9.1426E-01    0.0000E+00    0.0000E+00    0.0000E+00    4.0300E+02    3.3000E-04
3.7396E+01  1.7717E+00 3.8685E+02    9.1615E-01    0.0000E+00    0.0000E+00    0.0000E+00    4.4165E+02    3.3000E-04
3.5133E+01  2.0150E+00 3.9083E+02    9.1720E-01    0.0000E+00    0.0000E+00    0.0000E+00    4.8495E+02    3.3000E-04
3.2892E+01  2.2858E+00 3.9482E+02    9.1741E-01    0.0000E+00    0.0000E+00    0.0000E+00    5.3350E+02    3.3000E-04
3.0675E+01  2.5865E+00 3.9882E+02    9.1677E-01    0.0000E+00    0.0000E+00    0.0000E+00    5.8802E+02    3.3000E-04
2.8484E+01  2.9194E+00 4.0283E+02    9.1649E-01    0.0000E+00    0.0000E+00    0.0000E+00    6.4940E+02    3.3000E-04
2.6318E+01  3.2867E+00 4.0684E+02    9.1792E-01    0.0000E+00    0.0000E+00    0.0000E+00    7.1880E+02    3.3000E-04
2.4177E+01  3.6910E+00 4.1086E+02    9.1875E-01    0.0000E+00    0.0000E+00    0.0000E+00    7.9739E+02    3.3000E-04
2.2063E+01  4.1344E+00 4.1488E+02    9.1896E-01    0.0000E+00    0.0000E+00    0.0000E+00    8.8653E+02    3.3000E-04
1.9977E+01  4.6195E+00 4.1890E+02    9.1852E-01    0.0000E+00    0.0000E+00    0.0000E+00    9.8774E+02    3.3000E-04
1.7922E+01  5.1484E+00 4.2290E+02    9.1816E-01    0.0000E+00    0.0000E+00    0.0000E+00    1.1029E+03    3.3000E-04
1.5895E+01  5.7234E+00 4.2690E+02    9.1934E-01    0.0000E+00    0.0000E+00    0.0000E+00    1.2344E+03    3.3000E-04
1.3899E+01  6.3464E+00 4.3089E+02    9.2003E-01    0.0000E+00    0.0000E+00    0.0000E+00    1.3847E+03    3.3000E-04
1.1934E+01  7.0196E+00 4.3486E+02    9.2018E-01    0.0000E+00    0.0000E+00    0.0000E+00    1.5567E+03    3.3000E-04
1.0003E+01  7.7445E+00 4.3881E+02    9.1975E-01    0.0000E+00    0.0000E+00    0.0000E+00    1.7538E+03    3.3000E-04
8.1052E+00  8.5227E+00 4.4273E+02    9.1969E-01    0.0000E+00    0.0000E+00    0.0000E+00    1.9798E+03    3.3000E-04
6.2419E+00  9.3553E+00 4.4663E+02    9.2062E-01    0.0000E+00    0.0000E+00    0.0000E+00    2.2397E+03    3.3000E-04
4.4138E+00  1.0243E+01 4.5050E+02    9.2104E-01    0.0000E+00    0.0000E+00    0.0000E+00    2.5387E+03    3.3000E-04
2.6223E+00  1.1187E+01 4.5432E+02    9.2089E-01    0.0000E+00    0.0000E+00    0.0000E+00    2.8826E+03    3.3000E-04
8.6880E-01  1.2188E+01 4.5811E+02    9.2018E-01    0.0000E+00    0.0000E+00    0.0000E+00    3.2779E+03    3.3000E-04
0.0000E+00  1.2713E+01 4.6000E+02    9.2130E-01    0.0000E+00    0.0000E+00    0.0000E+00    3.4995E+03    3.3000E-04

     ALT          P          T          FH2O           O3           THEAT        TCOOL        PSATCO2        FCO2
2.6872E+02  1.1860E-08 2.0000E+02    9.0572E-01    0.0000E+00    0.0000E+00    0.0000E+00    1.5785E+00    3.3000E-04
2.6545E+02  1.6663E-08 2.0000E+02    9.0572E-01    0.0000E+00    0.0000E+00    0.0000E+00    1.5785E+00    3.3000E-04
2.6221E+02  2.3349E-08 2.0000E+02    9.0572E-01    0.0000E+00    0.0000E+00    0.0000E+00    1.5785E+00    3.3000E-04
2.5899E+02  3.2634E-08 2.0000E+02    9.0572E-01    0.0000E+00    0.0000E+00    0.0000E+00    1.5785E+00    3.3000E-04
2.5580E+02  4.5494E-08 2.0000E+02    9.0572E-01    0.0000E+00    0.0000E+00    0.0000E+00    1.5785E+00    3.3000E-04
2.5264E+02  6.3258E-08 2.0000E+02    9.0572E-01    0.0000E+00    0.0000E+00    0.0000E+00    1.5785E+00    3.3000E-04
2.4951E+02  8.7731E-08 2.0000E+02    9.0572E-01    0.0000E+00    0.0000E+00    0.0000E+00    1.5785E+00    3.3000E-04
2.4641E+02  1.2136E-07 2.0000E+02    9.0572E-01    0.0000E+00    0.0000E+00    0.0000E+00    1.5785E+00    3.3000E-04
2.4333E+02  1.6745E-07 2.0000E+02    9.0572E-01    0.0000E+00    0.0000E+00    0.0000E+00    1.5785E+00    3.3000E-04
2.4028E+02  2.3044E-07 2.0000E+02    9.0572E-01    0.0000E+00    0.0000E+00    0.0000E+00    1.5785E+00    3.3000E-04
2.3725E+02  3.1632E-07 2.0000E+02    9.0572E-01    0.0000E+00    0.0000E+00    0.0000E+00    1.5785E+00    3.3000E-04
2.3426E+02  4.3308E-07 2.0000E+02    9.0572E-01    0.0000E+00    0.0000E+00    0.0000E+00    1.5785E+00    3.3000E-04
2.3129E+02  5.9142E-07 2.0000E+02    9.0572E-01    0.0000E+00    0.0000E+00    0.0000E+00    1.5785E+00    3.3000E-04
2.2835E+02  8.0556E-07 2.0000E+02    9.0572E-01    0.0000E+00    0.0000E+00    0.0000E+00    1.5785E+00    3.3000E-04
2.2543E+02  1.0944E-06 2.0000E+02    9.0572E-01    0.0000E+00    0.0000E+00    0.0000E+00    1.5785E+00    3.3000E-04
2.2254E+02  1.4830E-06 2.0000E+02    9.0572E-01    0.0000E+00    0.0000E+00    0.0000E+00    1.5785E+00    3.3000E-04
2.1968E+02  2.0044E-06 2.0059E+02    9.0572E-01    0.0000E+00    0.0000E+00    0.0000E+00    1.6530E+00    3.3000E-04
2.1682E+02  2.7022E-06 2.0258E+02    9.0652E-01    0.0000E+00    0.0000E+00    0.0000E+00    1.9244E+00    3.3000E-04
2.1396E+02  3.6334E-06 2.0459E+02    9.0731E-01    0.0000E+00    0.0000E+00    0.0000E+00    2.2373E+00    3.3000E-04
2.1110E+02  4.8730E-06 2.0662E+02    9.0810E-01    0.0000E+00    0.0000E+00    0.0000E+00    2.5976E+00    3.3000E-04
2.0824E+02  6.5187E-06 2.0867E+02    9.0888E-01    0.0000E+00    0.0000E+00    0.0000E+00    3.0117E+00    3.3000E-04
2.0537E+02  8.6977E-06 2.1074E+02    9.0965E-01    0.0000E+00    0.0000E+00    0.0000E+00    3.4870E+00    3.3000E-04
2.0251E+02  1.1575E-05 2.1284E+02    9.1042E-01    0.0000E+00    0.0000E+00    0.0000E+00    4.0318E+00    3.3000E-04
1.9964E+02  1.5365E-05 2.1496E+02    9.1117E-01    0.0000E+00    0.0000E+00    0.0000E+00    4.6555E+00    3.3000E-04
1.9677E+02  2.0343E-05 2.1710E+02    9.1192E-01    0.0000E+00    0.0000E+00    0.0000E+00    5.3026E+00    3.3000E-04
1.9390E+02  2.6865E-05 2.1927E+02    9.1267E-01    0.0000E+00    0.0000E+00    0.0000E+00    5.8156E+00    3.3000E-04
1.9103E+02  3.5386E-05 2.2145E+02    9.1340E-01    0.0000E+00    0.0000E+00    0.0000E+00    6.3713E+00    3.3000E-04
1.8816E+02  4.6489E-05 2.2366E+02    9.1413E-01    0.0000E+00    0.0000E+00    0.0000E+00    6.9727E+00    3.3000E-04
1.8529E+02  6.0919E-05 2.2590E+02    9.1485E-01    0.0000E+00    0.0000E+00    0.0000E+00    7.6228E+00    3.3000E-04
1.8242E+02  7.9623E-05 2.2815E+02    9.1557E-01    0.0000E+00    0.0000E+00    0.0000E+00    8.3246E+00    3.3000E-04
1.7955E+02  1.0380E-04 2.3044E+02    9.1627E-01    0.0000E+00    0.0000E+00    0.0000E+00    9.0816E+00    3.3000E-04
1.7668E+02  1.3497E-04 2.3274E+02    9.1697E-01    0.0000E+00    0.0000E+00    0.0000E+00    9.8972E+00    3.3000E-04
1.7382E+02  1.7505E-04 2.3506E+02    9.1766E-01    0.0000E+00    0.0000E+00    0.0000E+00    1.0775E+01    3.3000E-04
1.7095E+02  2.2645E-04 2.3741E+02    9.1835E-01    0.0000E+00    0.0000E+00    0.0000E+00    1.1719E+01    3.3000E-04
1.6809E+02  2.9219E-04 2.3979E+02    9.1903E-01    0.0000E+00    0.0000E+00    0.0000E+00    1.2732E+01    3.3000E-04
1.6522E+02  3.7603E-04 2.4218E+02    9.1970E-01    0.0000E+00    0.0000E+00    0.0000E+00    1.3819E+01    3.3000E-04
1.6236E+02  4.8270E-04 2.4460E+02    9.2036E-01    0.0000E+00    0.0000E+00    0.0000E+00    1.4985E+01    3.3000E-04
1.5951E+02  6.1801E-04 2.4704E+02    9.2102E-01    0.0000E+00    0.0000E+00    0.0000E+00    1.6233E+01    3.3000E-04
1.5665E+02  7.8923E-04 2.4951E+02    9.2167E-01    0.0000E+00    0.0000E+00    0.0000E+00    1.7569E+01    3.3000E-04
1.5380E+02  1.0053E-03 2.5200E+02    9.2231E-01    0.0000E+00    0.0000E+00    0.0000E+00    1.8997E+01    3.3000E-04
1.5096E+02  1.2772E-03 2.5451E+02    9.2295E-01    0.0000E+00    0.0000E+00    0.0000E+00    2.0522E+01    3.3000E-04
1.4811E+02  1.6185E-03 2.5704E+02    9.2357E-01    0.0000E+00    0.0000E+00    0.0000E+00    2.2149E+01    3.3000E-04
1.4527E+02  2.0456E-03 2.5960E+02    9.2419E-01    0.0000E+00    0.0000E+00    0.0000E+00    2.3885E+01    3.3000E-04
1.4244E+02  2.5789E-03 2.6218E+02    9.2481E-01    0.0000E+00    0.0000E+00    0.0000E+00    2.5735E+01    3.3000E-04
1.3961E+02  3.2428E-03 2.6478E+02    9.2541E-01    0.0000E+00    0.0000E+00    0.0000E+00    2.7706E+01    3.3000E-04
1.3679E+02  4.0671E-03 2.6740E+02    9.2601E-01    0.0000E+00    0.0000E+00    0.0000E+00    2.9803E+01    3.3000E-04
1.3397E+02  5.0878E-03 2.7004E+02    9.2660E-01    0.0000E+00    0.0000E+00    0.0000E+00    3.2033E+01    3.3000E-04
1.3116E+02  6.3483E-03 2.7271E+02    9.2719E-01    0.0000E+00    0.0000E+00    0.0000E+00    3.4405E+01    3.3000E-04
1.2834E+02  7.9006E-03 2.7571E+02    9.4309E-01    0.0000E+00    0.0000E+00    0.0000E+00    3.7230E+01    3.3000E-04
1.2552E+02  9.8073E-03 2.7880E+02    9.3644E-01    0.0000E+00    0.0000E+00    0.0000E+00    4.0307E+01    3.3000E-04
1.2271E+02  1.2143E-02 2.8191E+02    9.3887E-01    0.0000E+00    0.0000E+00    0.0000E+00    4.3611E+01    3.3000E-04
1.1990E+02  1.4995E-02 2.8510E+02    9.4285E-01    0.0000E+00    0.0000E+00    0.0000E+00    4.7193E+01    3.3000E-04
1.1710E+02  1.8471E-02 2.8828E+02    9.3236E-01    0.0000E+00    0.0000E+00    0.0000E+00    5.1000E+01    3.3000E-04
1.1430E+02  2.2693E-02 2.9153E+02    9.4028E-01    0.0000E+00    0.0000E+00    0.0000E+00    5.5126E+01    3.3000E-04
1.1151E+02  2.7809E-02 2.9484E+02    9.4174E-01    0.0000E+00    0.0000E+00    0.0000E+00    5.9586E+01    3.3000E-04
1.0873E+02  3.3990E-02 2.9815E+02    9.3210E-01    0.0000E+00    0.0000E+00    0.0000E+00    6.4335E+01    3.3000E-04
1.0595E+02  4.1438E-02 3.0152E+02    9.4001E-01    0.0000E+00    0.0000E+00    0.0000E+00    6.9493E+01    3.3000E-04
1.0318E+02  5.0387E-02 3.0495E+02    9.4146E-01    0.0000E+00    0.0000E+00    0.0000E+00    7.5074E+01    3.3000E-04
1.0042E+02  6.1112E-02 3.0840E+02    9.3510E-01    0.0000E+00    0.0000E+00    0.0000E+00    8.1053E+01    3.3000E-04
9.7668E+01  7.3929E-02 3.1190E+02    9.3915E-01    0.0000E+00    0.0000E+00    0.0000E+00    8.7535E+01    3.3000E-04
9.4920E+01  8.9204E-02 3.1546E+02    9.4179E-01    0.0000E+00    0.0000E+00    0.0000E+00    9.4577E+01    3.3000E-04
9.2181E+01  1.0736E-01 3.1905E+02    9.3938E-01    0.0000E+00    0.0000E+00    0.0000E+00    1.0218E+02    3.3000E-04
8.9455E+01  1.2887E-01 3.2267E+02    9.3728E-01    0.0000E+00    0.0000E+00    0.0000E+00    1.1041E+02    3.3000E-04
8.6737E+01  1.5430E-01 3.2635E+02    9.4124E-01    0.0000E+00    0.0000E+00    0.0000E+00    1.1938E+02    3.3000E-04
8.4027E+01  1.8427E-01 3.3007E+02    9.4209E-01    0.0000E+00    0.0000E+00    0.0000E+00    1.2916E+02    3.3000E-04
8.1329E+01  2.1949E-01 3.3383E+02    9.3961E-01    0.0000E+00    0.0000E+00    0.0000E+00    1.3979E+02    3.3000E-04
7.8645E+01  2.6078E-01 3.3762E+02    9.3887E-01    0.0000E+00    0.0000E+00    0.0000E+00    1.5138E+02    3.3000E-04
7.5971E+01  3.0903E-01 3.4147E+02    9.4180E-01    0.0000E+00    0.0000E+00    0.0000E+00    1.6412E+02    3.3000E-04
7.3307E+01  3.6526E-01 3.4536E+02    9.4282E-01    0.0000E+00    0.0000E+00    0.0000E+00    1.7810E+02    3.3000E-04
7.0657E+01  4.3062E-01 3.4928E+02    9.4191E-01    0.0000E+00    0.0000E+00    0.0000E+00    1.9345E+02    3.3000E-04
6.8023E+01  5.0636E-01 3.5323E+02    9.3908E-01    0.0000E+00    0.0000E+00    0.0000E+00    2.1032E+02    3.3000E-04
6.5404E+01  5.9389E-01 3.5723E+02    9.4130E-01    0.0000E+00    0.0000E+00    0.0000E+00    2.2899E+02    3.3000E-04
6.2798E+01  6.9476E-01 3.6128E+02    9.4298E-01    0.0000E+00    0.0000E+00    0.0000E+00    2.4971E+02    3.3000E-04
6.0205E+01  8.1067E-01 3.6536E+02    9.4362E-01    0.0000E+00    0.0000E+00    0.0000E+00    2.7274E+02    3.3000E-04
5.7630E+01  9.4348E-01 3.6948E+02    9.4326E-01    0.0000E+00    0.0000E+00    0.0000E+00    2.9837E+02    3.3000E-04
5.5072E+01  1.0952E+00 3.7362E+02    9.4197E-01    0.0000E+00    0.0000E+00    0.0000E+00    3.2696E+02    3.3000E-04
5.2534E+01  1.2681E+00 3.7780E+02    9.4175E-01    0.0000E+00    0.0000E+00    0.0000E+00    3.5897E+02    3.3000E-04
5.0013E+01  1.4645E+00 3.8201E+02    9.4325E-01    0.0000E+00    0.0000E+00    0.0000E+00    3.9499E+02    3.3000E-04
4.7510E+01  1.6869E+00 3.8626E+02    9.4423E-01    0.0000E+00    0.0000E+00    0.0000E+00    4.3564E+02    3.3000E-04
4.5026E+01  1.9381E+00 3.9054E+02    9.4473E-01    0.0000E+00    0.0000E+00    0.0000E+00    4.8161E+02    3.3000E-04
4.2563E+01  2.2210E+00 3.9484E+02    9.4478E-01    0.0000E+00    0.0000E+00    0.0000E+00    5.3375E+02    3.3000E-04
4.0122E+01  2.5386E+00 3.9917E+02    9.4443E-01    0.0000E+00    0.0000E+00    0.0000E+00    5.9304E+02    3.3000E-04
3.7704E+01  2.8942E+00 4.0351E+02    9.4371E-01    0.0000E+00    0.0000E+00    0.0000E+00    6.6066E+02    3.3000E-04
3.5311E+01  3.2910E+00 4.0787E+02    9.4367E-01    0.0000E+00    0.0000E+00    0.0000E+00    7.3807E+02    3.3000E-04
3.2941E+01  3.7327E+00 4.1226E+02    9.4460E-01    0.0000E+00    0.0000E+00    0.0000E+00    8.2707E+02    3.3000E-04
3.0595E+01  4.2227E+00 4.1666E+02    9.4530E-01    0.0000E+00    0.0000E+00    0.0000E+00    9.2973E+02    3.3000E-04
2.8275E+01  4.7647E+00 4.2107E+02    9.4578E-01    0.0000E+00    0.0000E+00    0.0000E+00    1.0485E+03    3.3000E-04
2.5982E+01  5.3625E+00 4.2550E+02    9.4605E-01    0.0000E+00    0.0000E+00    0.0000E+00    1.1863E+03    3.3000E-04
2.3716E+01  6.0197E+00 4.2993E+02    9.4613E-01    0.0000E+00    0.0000E+00    0.0000E+00    1.3466E+03    3.3000E-04
2.1480E+01  6.7401E+00 4.3436E+02    9.4601E-01    0.0000E+00    0.0000E+00    0.0000E+00    1.5336E+03    3.3000E-04
1.9273E+01  7.5273E+00 4.3878E+02    9.4571E-01    0.0000E+00    0.0000E+00    0.0000E+00    1.7525E+03    3.3000E-04
1.7099E+01  8.3847E+00 4.4320E+02    9.4520E-01    0.0000E+00    0.0000E+00    0.0000E+00    2.0093E+03    3.3000E-04
1.4956E+01  9.3157E+00 4.4761E+02    9.4575E-01    0.0000E+00    0.0000E+00    0.0000E+00    2.3117E+03    3.3000E-04
1.2846E+01  1.0323E+01 4.5201E+02    9.4628E-01    0.0000E+00    0.0000E+00    0.0000E+00    2.6689E+03    3.3000E-04
1.0770E+01  1.1411E+01 4.5640E+02    9.4667E-01    0.0000E+00    0.0000E+00    0.0000E+00    3.0918E+03    3.3000E-04
8.7284E+00  1.2580E+01 4.6076E+02    9.4690E-01    0.0000E+00    0.0000E+00    0.0000E+00    3.5935E+03    3.3000E-04
6.7231E+00  1.3834E+01 4.6510E+02    9.4696E-01    0.0000E+00    0.0000E+00    0.0000E+00    4.1898E+03    3.3000E-04
4.7551E+00  1.5173E+01 4.6940E+02    9.4683E-01    0.0000E+00    0.0000E+00    0.0000E+00    4.9000E+03    3.3000E-04
2.8259E+00  1.6599E+01 4.7366E+02    9.4649E-01    0.0000E+00    0.0000E+00    0.0000E+00    5.7467E+03    3.3000E-04
9.3655E-01  1.8112E+01 4.7789E+02    9.4633E-01    0.0000E+00    0.0000E+00    0.0000E+00    6.7577E+03    3.3000E-04
0.0000E+00  1.8907E+01 4.8000E+02    9.4708E-01    0.0000E+00    0.0000E+00    0.0000E+00    7.3403E+03    3.3000E-04

     ALT          P          T          FH2O           O3           THEAT        TCOOL        PSATCO2        FCO2
2.8155E+02  1.1896E-08 2.0000E+02    9.3410E-01    0.0000E+00    0.0000E+00    0.0000E+00    1.5785E+00    3.3000E-04
2.7816E+02  1.6811E-08 2.0000E+02    9.3410E-01    0.0000E+00    0.0000E+00    0.0000E+00    1.5785E+00    3.3000E-04
2.7479E+02  2.3695E-08 2.0000E+02    9.3410E-01    0.0000E+00    0.0000E+00    0.0000E+00    1.5785E+00    3.3000E-04
2.7146E+02  3.3311E-08 2.0000E+02    9.3410E-01    0.0000E+00    0.0000E+00    0.0000E+00    1.5785E+00    3.3000E-04
2.6815E+02  4.6706E-08 2.0000E+02    9.3410E-01    0.0000E+00    0.0000E+00    0.0000E+00    1.5785E+00    3.3000E-04
2.6487E+02  6.5316E-08 2.0000E+02    9.3410E-01    0.0000E+00    0.0000E+00    0.0000E+00    1.5785E+00    3.3000E-04
2.6162E+02  9.1102E-08 2.0000E+02    9.3410E-01    0.0000E+00    0.0000E+00    0.0000E+00    1.5785E+00    3.3000E-04
2.5840E+02  1.2673E-07 2.0000E+02    9.3410E-01    0.0000E+00    0.0000E+00    0.0000E+00    1.5785E+00    3.3000E-04
2.5521E+02  1.7584E-07 2.0000E+02    9.3410E-01    0.0000E+00    0.0000E+00    0.0000E+00    1.5785E+00    3.3000E-04
2.5204E+02  2.4334E-07 2.0000E+02    9.3410E-01    0.0000E+00    0.0000E+00    0.0000E+00    1.5785E+00    3.3000E-04
2.4891E+02  3.3586E-07 2.0000E+02    9.3410E-01    0.0000E+00    0.0000E+00    0.0000E+00    1.5785E+00    3.3000E-04
2.4580E+02  4.6235E-07 2.0000E+02    9.3410E-01    0.0000E+00    0.0000E+00    0.0000E+00    1.5785E+00    3.3000E-04
2.4272E+02  6.3482E-07 2.0000E+02    9.3410E-01    0.0000E+00    0.0000E+00    0.0000E+00    1.5785E+00    3.3000E-04
2.3967E+02  8.6932E-07 2.0000E+02    9.3410E-01    0.0000E+00    0.0000E+00    0.0000E+00    1.5785E+00    3.3000E-04
2.3665E+02  1.1873E-06 2.0000E+02    9.3410E-01    0.0000E+00    0.0000E+00    0.0000E+00    1.5785E+00    3.3000E-04
2.3366E+02  1.6174E-06 2.0000E+02    9.3410E-01    0.0000E+00    0.0000E+00    0.0000E+00    1.5785E+00    3.3000E-04
2.3068E+02  2.1976E-06 2.0140E+02    9.3410E-01    0.0000E+00    0.0000E+00    0.0000E+00    1.7594E+00    3.3000E-04
2.2771E+02  2.9779E-06 2.0344E+02    9.3468E-01    0.0000E+00    0.0000E+00    0.0000E+00    2.0533E+00    3.3000E-04
2.2473E+02  4.0249E-06 2.0550E+02    9.3525E-01    0.0000E+00    0.0000E+00    0.0000E+00    2.3930E+00    3.3000E-04
2.2175E+02  5.4256E-06 2.0758E+02    9.3581E-01    0.0000E+00    0.0000E+00    0.0000E+00    2.7851E+00    3.3000E-04
2.1877E+02  7.2947E-06 2.0968E+02    9.3637E-01    0.0000E+00    0.0000E+00    0.0000E+00    3.2368E+00    3.3000E-04
2.1579E+02  9.7819E-06 2.1181E+02    9.3693E-01    0.0000E+00    0.0000E+00    0.0000E+00    3.7566E+00    3.3000E-04
2.1280E+02  1.3083E-05 2.1397E+02    9.3748E-01    0.0000E+00    0.0000E+00    0.0000E+00    4.3538E+00    3.3000E-04
2.0981E+02  1.7452E-05 2.1614E+02    9.3802E-01    0.0000E+00    0.0000E+00    0.0000E+00    5.0390E+00    3.3000E-04
2.0683E+02  2.3219E-05 2.1835E+02    9.3856E-01    0.0000E+00    0.0000E+00    0.0000E+00    5.5931E+00    3.3000E-04
2.0384E+02  3.0811E-05 2.2057E+02    9.3909E-01    0.0000E+00    0.0000E+00    0.0000E+00    6.1427E+00    3.3000E-04
2.0085E+02  4.0778E-05 2.2282E+02    9.3962E-01    0.0000E+00    0.0000E+00    0.0000E+00    6.7389E+00    3.3000E-04
1.9786E+02  5.3827E-05 2.2510E+02    9.4015E-01    0.0000E+00    0.0000E+00    0.0000E+00    7.3849E+00    3.3000E-04
1.9487E+02  7.0867E-05 2.2740E+02    9.4066E-01    0.0000E+00    0.0000E+00    0.0000E+00    8.0841E+00    3.3000E-04
1.9188E+02  9.3057E-05 2.2972E+02    9.4118E-01    0.0000E+00    0.0000E+00    0.0000E+00    8.8400E+00    3.3000E-04
1.8889E+02  1.2187E-04 2.3207E+02    9.4168E-01    0.0000E+00    0.0000E+00    0.0000E+00    9.6564E+00    3.3000E-04
1.8590E+02  1.5920E-04 2.3445E+02    9.4219E-01    0.0000E+00    0.0000E+00    0.0000E+00    1.0537E+01    3.3000E-04
1.8292E+02  2.0741E-04 2.3685E+02    9.4268E-01    0.0000E+00    0.0000E+00    0.0000E+00    1.1486E+01    3.3000E-04
1.7993E+02  2.6950E-04 2.3927E+02    9.4318E-01    0.0000E+00    0.0000E+00    0.0000E+00    1.2507E+01    3.3000E-04
1.7694E+02  3.4928E-04 2.4172E+02    9.4366E-01    0.0000E+00    0.0000E+00    0.0000E+00    1.3606E+01    3.3000E-04
1.7396E+02  4.5148E-04 2.4420E+02    9.4414E-01    0.0000E+00    0.0000E+00    0.0000E+00    1.4786E+01    3.3000E-04
1.7098E+02  5.8206E-04 2.4670E+02    9.4462E-01    0.0000E+00    0.0000E+00    0.0000E+00    1.6053E+01    3.3000E-04
1.6800E+02  7.4844E-04 2.4923E+02    9.4509E-01    0.0000E+00    0.0000E+00    0.0000E+00    1.7411E+01    3.3000E-04
1.6502E+02  9.5985E-04 2.5178E+02    9.4556E-01    0.0000E+00    0.0000E+00    0.0000E+00    1.8867E+01    3.3000E-04
1.6205E+02  1.2278E-03 2.5435E+02    9.4602E-01    0.0000E+00    0.0000E+00    0.0000E+00    2.0425E+01    3.3000E-04
1.5908E+02  1.5663E-03 2.5695E+02    9.4647E-01    0.0000E+00    0.0000E+00    0.0000E+00    2.2091E+01    3.3000E-04
1.5612E+02  1.9930E-03 2.5958E+02    9.4692E-01    0.0000E+00    0.0000E+00    0.0000E+00    2.3872E+01    3.3000E-04
1.5315E+02  2.5293E-03 2.6223E+02    9.4737E-01    0.0000E+00    0.0000E+00    0.0000E+00    2.5774E+01    3.3000E-04
1.5020E+02  3.2015E-03 2.6490E+02    9.4781E-01    0.0000E+00    0.0000E+00    0.0000E+00    2.7805E+01    3.3000E-04
1.4724E+02  4.0418E-03 2.6760E+02    9.4824E-01    0.0000E+00    0.0000E+00    0.0000E+00    2.9970E+01    3.3000E-04
1.4430E+02  5.0891E-03 2.7033E+02    9.4867E-01    0.0000E+00    0.0000E+00    0.0000E+00    3.2279E+01    3.3000E-04
1.4136E+02  6.3911E-03 2.7308E+02    9.4910E-01    0.0000E+00    0.0000E+00    0.0000E+00    3.4740E+01    3.3000E-04
1.3841E+02  8.0052E-03 2.7622E+02    9.6378E-01    0.0000E+00    0.0000E+00    0.0000E+00    3.7722E+01    3.3000E-04
1.3545E+02  1.0001E-02 2.7942E+02    9.6263E-01    0.0000E+00    0.0000E+00    0.0000E+00    4.0952E+01    3.3000E-04
1.3251E+02  1.2461E-02 2.8263E+02    9.5576E-01    0.0000E+00    0.0000E+00    0.0000E+00    4.4398E+01    3.3000E-04
1.2957E+02  1.5485E-02 2.8592E+02    9.6375E-01    0.0000E+00    0.0000E+00    0.0000E+00    4.8155E+01    3.3000E-04
1.2662E+02  1.9194E-02 2.8925E+02    9.6111E-01    0.0000E+00    0.0000E+00    0.0000E+00    5.2203E+01    3.3000E-04
1.2369E+02  2.3728E-02 2.9260E+02    9.5637E-01    0.0000E+00    0.0000E+00    0.0000E+00    5.6540E+01    3.3000E-04
1.2076E+02  2.9256E-02 2.9603E+02    9.6281E-01    0.0000E+00    0.0000E+00    0.0000E+00    6.1264E+01    3.3000E-04
1.1784E+02  3.5978E-02 2.9950E+02    9.6181E-01    0.0000E+00    0.0000E+00    0.0000E+00    6.6369E+01    3.3000E-04
1.1492E+02  4.4128E-02 3.0299E+02    9.5445E-01    0.0000E+00    0.0000E+00    0.0000E+00    7.1842E+01    3.3000E-04
1.1201E+02  5.3982E-02 3.0656E+02    9.6081E-01    0.0000E+00    0.0000E+00    0.0000E+00    7.7808E+01    3.3000E-04
1.0911E+02  6.5865E-02 3.1018E+02    9.6239E-01    0.0000E+00    0.0000E+00    0.0000E+00    8.4293E+01    3.3000E-04
1.0621E+02  8.0152E-02 3.1383E+02    9.5860E-01    0.0000E+00    0.0000E+00    0.0000E+00    9.1301E+01    3.3000E-04
1.0332E+02  9.7283E-02 3.1753E+02    9.5757E-01    0.0000E+00    0.0000E+00    0.0000E+00    9.8900E+01    3.3000E-04
1.0044E+02  1.1777E-01 3.2129E+02    9.6129E-01    0.0000E+00    0.0000E+00    0.0000E+00    1.0721E+02    3.3000E-04
9.7563E+01  1.4219E-01 3.2511E+02    9.6200E-01    0.0000E+00    0.0000E+00    0.0000E+00    1.1628E+02    3.3000E-04
9.4696E+01  1.7122E-01 3.2896E+02    9.5958E-01    0.0000E+00    0.0000E+00    0.0000E+00    1.2617E+02    3.3000E-04
9.1843E+01  2.0565E-01 3.3285E+02    9.5716E-01    0.0000E+00    0.0000E+00    0.0000E+00    1.3695E+02    3.3000E-04
8.8999E+01  2.4635E-01 3.3681E+02    9.6028E-01    0.0000E+00    0.0000E+00    0.0000E+00    1.4882E+02    3.3000E-04
8.6162E+01  2.9434E-01 3.4082E+02    9.6178E-01    0.0000E+00    0.0000E+00    0.0000E+00    1.6190E+02    3.3000E-04
8.3334E+01  3.5074E-01 3.4488E+02    9.6172E-01    0.0000E+00    0.0000E+00    0.0000E+00    1.7632E+02    3.3000E-04
8.0520E+01  4.1687E-01 3.4898E+02    9.6019E-01    0.0000E+00    0.0000E+00    0.0000E+00    1.9222E+02    3.3000E-04
7.7720E+01  4.9416E-01 3.5312E+02    9.5755E-01    0.0000E+00    0.0000E+00    0.0000E+00    2.0980E+02    3.3000E-04
7.4934E+01  5.8424E-01 3.5731E+02    9.5968E-01    0.0000E+00    0.0000E+00    0.0000E+00    2.2937E+02    3.3000E-04
7.2159E+01  6.8894E-01 3.6156E+02    9.6109E-01    0.0000E+00    0.0000E+00    0.0000E+00    2.5124E+02    3.3000E-04
6.9395E+01  8.1028E-01 3.6586E+02    9.6186E-01    0.0000E+00    0.0000E+00    0.0000E+00    2.7572E+02    3.3000E-04
6.6646E+01  9.5048E-01 3.7021E+02    9.6207E-01    0.0000E+00    0.0000E+00    0.0000E+00    3.0319E+02    3.3000E-04
6.3912E+01  1.1120E+00 3.7460E+02    9.6181E-01    0.0000E+00    0.0000E+00    0.0000E+00    3.3412E+02    3.3000E-04
6.1195E+01  1.2976E+00 3.7903E+02    9.6116E-01    0.0000E+00    0.0000E+00    0.0000E+00    3.6905E+02    3.3000E-04
5.8495E+01  1.5102E+00 3.8349E+02    9.6021E-01    0.0000E+00    0.0000E+00    0.0000E+00    4.0864E+02    3.3000E-04
5.5815E+01  1.7530E+00 3.8800E+02    9.5976E-01    0.0000E+00    0.0000E+00    0.0000E+00    4.5368E+02    3.3000E-04
5.3152E+01  2.0296E+00 3.9255E+02    9.6059E-01    0.0000E+00    0.0000E+00    0.0000E+00    5.0521E+02    3.3000E-04
5.0507E+01  2.3436E+00 3.9714E+02    9.6124E-01    0.0000E+00    0.0000E+00    0.0000E+00    5.6439E+02    3.3000E-04
4.7882E+01  2.6991E+00 4.0178E+02    9.6176E-01    0.0000E+00    0.0000E+00    0.0000E+00    6.3261E+02    3.3000E-04
4.5277E+01  3.1004E+00 4.0645E+02    9.6215E-01    0.0000E+00    0.0000E+00    0.0000E+00    7.1158E+02    3.3000E-04
4.2693E+01  3.5520E+00 4.1115E+02    9.6246E-01    0.0000E+00    0.0000E+00    0.0000E+00    8.0335E+02    3.3000E-04
4.0131E+01  4.0587E+00 4.1588E+02    9.6269E-01    0.0000E+00    0.0000E+00    0.0000E+00    9.1046E+02    3.3000E-04
3.7592E+01  4.6256E+00 4.2064E+02    9.6287E-01    0.0000E+00    0.0000E+00    0.0000E+00    1.0360E+03    3.3000E-04
3.5077E+01  5.2578E+00 4.2542E+02    9.6301E-01    0.0000E+00    0.0000E+00    0.0000E+00    1.1838E+03    3.3000E-04
3.2588E+01  5.9608E+00 4.3023E+02    9.6312E-01    0.0000E+00    0.0000E+00    0.0000E+00    1.3585E+03    3.3000E-04
3.0125E+01  6.7400E+00 4.3506E+02    9.6320E-01    0.0000E+00    0.0000E+00    0.0000E+00    1.5660E+03    3.3000E-04
2.7689E+01  7.6012E+00 4.3990E+02    9.6326E-01    0.0000E+00    0.0000E+00    0.0000E+00    1.8134E+03    3.3000E-04
2.5282E+01  8.5499E+00 4.4475E+02    9.6331E-01    0.0000E+00    0.0000E+00    0.0000E+00    2.1099E+03    3.3000E-04
2.2904E+01  9.5919E+00 4.4961E+02    9.6334E-01    0.0000E+00    0.0000E+00    0.0000E+00    2.4665E+03    3.3000E-04
2.0557E+01  1.0733E+01 4.5448E+02    9.6336E-01    0.0000E+00    0.0000E+00    0.0000E+00    2.8975E+03    3.3000E-04
1.8242E+01  1.1978E+01 4.5934E+02    9.6335E-01    0.0000E+00    0.0000E+00    0.0000E+00    3.4204E+03    3.3000E-04
1.5959E+01  1.3332E+01 4.6420E+02    9.6333E-01    0.0000E+00    0.0000E+00    0.0000E+00    4.0577E+03    3.3000E-04
1.3710E+01  1.4801E+01 4.6905E+02    9.6329E-01    0.0000E+00    0.0000E+00    0.0000E+00    4.8373E+03    3.3000E-04
1.1497E+01  1.6388E+01 4.7388E+02    9.6322E-01    0.0000E+00    0.0000E+00    0.0000E+00    5.7948E+03    3.3000E-04
9.3202E+00  1.8098E+01 4.7870E+02    9.6312E-01    0.0000E+00    0.0000E+00    0.0000E+00    6.9751E+03    3.3000E-04
7.1810E+00  1.9934E+01 4.8349E+02    9.6298E-01    0.0000E+00    0.0000E+00    0.0000E+00    8.4350E+03    3.3000E-04
5.0807E+00  2.1899E+01 4.8825E+02    9.6280E-01    0.0000E+00    0.0000E+00    0.0000E+00    1.0247E+04    3.3000E-04
3.0205E+00  2.3994E+01 4.9297E+02    9.6283E-01    0.0000E+00    0.0000E+00    0.0000E+00    1.2502E+04    3.3000E-04
1.0013E+00  2.6221E+01 4.9766E+02    9.6299E-01    0.0000E+00    0.0000E+00    0.0000E+00    1.5317E+04    3.3000E-04
0.0000E+00  2.7393E+01 5.0000E+02    9.6348E-01    0.0000E+00    0.0000E+00    0.0000E+00    1.6993E+04    3.3000E-04

     ALT          P          T          FH2O           O3           THEAT        TCOOL        PSATCO2        FCO2
2.9344E+02  1.1928E-08 2.0000E+02    9.5677E-01    0.0000E+00    0.0000E+00    0.0000E+00    1.5785E+00    3.3000E-04
2.8993E+02  1.6950E-08 2.0000E+02    9.5677E-01    0.0000E+00    0.0000E+00    0.0000E+00    1.5785E+00    3.3000E-04
2.8646E+02  2.4022E-08 2.0000E+02    9.5677E-01    0.0000E+00    0.0000E+00    0.0000E+00    1.5785E+00    3.3000E-04
2.8302E+02  3.3954E-08 2.0000E+02    9.5677E-01    0.0000E+00    0.0000E+00    0.0000E+00    1.5785E+00    3.3000E-04
2.7960E+02  4.7864E-08 2.0000E+02    9.5677E-01    0.0000E+00    0.0000E+00    0.0000E+00    1.5785E+00    3.3000E-04
2.7622E+02  6.7292E-08 2.0000E+02    9.5677E-01    0.0000E+00    0.0000E+00    0.0000E+00    1.5785E+00    3.3000E-04
2.7287E+02  9.4356E-08 2.0000E+02    9.5677E-01    0.0000E+00    0.0000E+00    0.0000E+00    1.5785E+00    3.3000E-04
2.6954E+02  1.3195E-07 2.0000E+02    9.5677E-01    0.0000E+00    0.0000E+00    0.0000E+00    1.5785E+00    3.3000E-04
2.6625E+02  1.8404E-07 2.0000E+02    9.5677E-01    0.0000E+00    0.0000E+00    0.0000E+00    1.5785E+00    3.3000E-04
2.6298E+02  2.5600E-07 2.0000E+02    9.5677E-01    0.0000E+00    0.0000E+00    0.0000E+00    1.5785E+00    3.3000E-04
2.5975E+02  3.5515E-07 2.0000E+02    9.5677E-01    0.0000E+00    0.0000E+00    0.0000E+00    1.5785E+00    3.3000E-04
2.5654E+02  4.9139E-07 2.0000E+02    9.5677E-01    0.0000E+00    0.0000E+00    0.0000E+00    1.5785E+00    3.3000E-04
2.5336E+02  6.7809E-07 2.0000E+02    9.5677E-01    0.0000E+00    0.0000E+00    0.0000E+00    1.5785E+00    3.3000E-04
2.5021E+02  9.3323E-07 2.0000E+02    9.5677E-01    0.0000E+00    0.0000E+00    0.0000E+00    1.5785E+00    3.3000E-04
2.4710E+02  1.2810E-06 2.0000E+02    9.5677E-01    0.0000E+00    0.0000E+00    0.0000E+00    1.5785E+00    3.3000E-04
2.4401E+02  1.7536E-06 2.0008E+02    9.5677E-01    0.0000E+00    0.0000E+00    0.0000E+00    1.5882E+00    3.3000E-04
2.4093E+02  2.3941E-06 2.0213E+02    9.5716E-01    0.0000E+00    0.0000E+00    0.0000E+00    1.8604E+00    3.3000E-04
2.3785E+02  3.2600E-06 2.0422E+02    9.5755E-01    0.0000E+00    0.0000E+00    0.0000E+00    2.1763E+00    3.3000E-04
2.3476E+02  4.4273E-06 2.0632E+02    9.5793E-01    0.0000E+00    0.0000E+00    0.0000E+00    2.5422E+00    3.3000E-04
2.3168E+02  5.9964E-06 2.0845E+02    9.5831E-01    0.0000E+00    0.0000E+00    0.0000E+00    2.9654E+00    3.3000E-04
2.2859E+02  8.1002E-06 2.1061E+02    9.5869E-01    0.0000E+00    0.0000E+00    0.0000E+00    3.4542E+00    3.3000E-04
2.2550E+02  1.0913E-05 2.1279E+02    9.5906E-01    0.0000E+00    0.0000E+00    0.0000E+00    4.0178E+00    3.3000E-04
2.2241E+02  1.4663E-05 2.1500E+02    9.5943E-01    0.0000E+00    0.0000E+00    0.0000E+00    4.6669E+00    3.3000E-04
2.1931E+02  1.9649E-05 2.1723E+02    9.5979E-01    0.0000E+00    0.0000E+00    0.0000E+00    5.3316E+00    3.3000E-04
2.1622E+02  2.6261E-05 2.1949E+02    9.6015E-01    0.0000E+00    0.0000E+00    0.0000E+00    5.8697E+00    3.3000E-04
2.1312E+02  3.5005E-05 2.2177E+02    9.6051E-01    0.0000E+00    0.0000E+00    0.0000E+00    6.4548E+00    3.3000E-04
2.1002E+02  4.6535E-05 2.2408E+02    9.6087E-01    0.0000E+00    0.0000E+00    0.0000E+00    7.0904E+00    3.3000E-04
2.0692E+02  6.1700E-05 2.2642E+02    9.6122E-01    0.0000E+00    0.0000E+00    0.0000E+00    7.7799E+00    3.3000E-04
2.0382E+02  8.1587E-05 2.2878E+02    9.6157E-01    0.0000E+00    0.0000E+00    0.0000E+00    8.5272E+00    3.3000E-04
2.0072E+02  1.0760E-04 2.3117E+02    9.6191E-01    0.0000E+00    0.0000E+00    0.0000E+00    9.3360E+00    3.3000E-04
1.9762E+02  1.4152E-04 2.3359E+02    9.6225E-01    0.0000E+00    0.0000E+00    0.0000E+00    1.0210E+01    3.3000E-04
1.9453E+02  1.8565E-04 2.3603E+02    9.6259E-01    0.0000E+00    0.0000E+00    0.0000E+00    1.1155E+01    3.3000E-04
1.9143E+02  2.4289E-04 2.3850E+02    9.6292E-01    0.0000E+00    0.0000E+00    0.0000E+00    1.2174E+01    3.3000E-04
1.8833E+02  3.1693E-04 2.4100E+02    9.6325E-01    0.0000E+00    0.0000E+00    0.0000E+00    1.3272E+01    3.3000E-04
1.8523E+02  4.1243E-04 2.4352E+02    9.6358E-01    0.0000E+00    0.0000E+00    0.0000E+00    1.4455E+01    3.3000E-04
1.8214E+02  5.3529E-04 2.4607E+02    9.6390E-01    0.0000E+00    0.0000E+00    0.0000E+00    1.5727E+01    3.3000E-04
1.7904E+02  6.9290E-04 2.4865E+02    9.6422E-01    0.0000E+00    0.0000E+00    0.0000E+00    1.7094E+01    3.3000E-04
1.7595E+02  8.9453E-04 2.5126E+02    9.6453E-01    0.0000E+00    0.0000E+00    0.0000E+00    1.8562E+01    3.3000E-04
1.7286E+02  1.1518E-03 2.5389E+02    9.6485E-01    0.0000E+00    0.0000E+00    0.0000E+00    2.0136E+01    3.3000E-04
1.6978E+02  1.4790E-03 2.5655E+02    9.6515E-01    0.0000E+00    0.0000E+00    0.0000E+00    2.1824E+01    3.3000E-04
1.6670E+02  1.8942E-03 2.5923E+02    9.6546E-01    0.0000E+00    0.0000E+00    0.0000E+00    2.3632E+01    3.3000E-04
1.6362E+02  2.4194E-03 2.6195E+02    9.6576E-01    0.0000E+00    0.0000E+00    0.0000E+00    2.5567E+01    3.3000E-04
1.6054E+02  3.0821E-03 2.6469E+02    9.6606E-01    0.0000E+00    0.0000E+00    0.0000E+00    2.7636E+01    3.3000E-04
1.5747E+02  3.9159E-03 2.6746E+02    9.6635E-01    0.0000E+00    0.0000E+00    0.0000E+00    2.9848E+01    3.3000E-04
1.5441E+02  4.9619E-03 2.7025E+02    9.6664E-01    0.0000E+00    0.0000E+00    0.0000E+00    3.2211E+01    3.3000E-04
1.5134E+02  6.2706E-03 2.7307E+02    9.6693E-01    0.0000E+00    0.0000E+00    0.0000E+00    3.4735E+01    3.3000E-04
1.4828E+02  7.9034E-03 2.7630E+02    9.8145E-01    0.0000E+00    0.0000E+00    0.0000E+00    3.7800E+01    3.3000E-04
1.4520E+02  9.9349E-03 2.7959E+02    9.8129E-01    0.0000E+00    0.0000E+00    0.0000E+00    4.1131E+01    3.3000E-04
1.4213E+02  1.2455E-02 2.8289E+02    9.7101E-01    0.0000E+00    0.0000E+00    0.0000E+00    4.4686E+01    3.3000E-04
1.3906E+02  1.5574E-02 2.8627E+02    9.7992E-01    0.0000E+00    0.0000E+00    0.0000E+00    4.8572E+01    3.3000E-04
1.3600E+02  1.9421E-02 2.8971E+02    9.8002E-01    0.0000E+00    0.0000E+00    0.0000E+00    5.2785E+01    3.3000E-04
1.3294E+02  2.4154E-02 2.9316E+02    9.6904E-01    0.0000E+00    0.0000E+00    0.0000E+00    5.7290E+01    3.3000E-04
1.2989E+02  2.9960E-02 2.9669E+02    9.7681E-01    0.0000E+00    0.0000E+00    0.0000E+00    6.2210E+01    3.3000E-04
1.2684E+02  3.7064E-02 3.0029E+02    9.7911E-01    0.0000E+00    0.0000E+00    0.0000E+00    6.7566E+01    3.3000E-04
1.2379E+02  4.5729E-02 3.0392E+02    9.7486E-01    0.0000E+00    0.0000E+00    0.0000E+00    7.3353E+01    3.3000E-04
1.2075E+02  5.6271E-02 3.0759E+02    9.7255E-01    0.0000E+00    0.0000E+00    0.0000E+00    7.9617E+01    3.3000E-04
1.1772E+02  6.9058E-02 3.1134E+02    9.7698E-01    0.0000E+00    0.0000E+00    0.0000E+00    8.6470E+01    3.3000E-04
1.1469E+02  8.4525E-02 3.1515E+02    9.7783E-01    0.0000E+00    0.0000E+00    0.0000E+00    9.3949E+01    3.3000E-04
1.1166E+02  1.0318E-01 3.1900E+02    9.7494E-01    0.0000E+00    0.0000E+00    0.0000E+00    1.0208E+02    3.3000E-04
1.0865E+02  1.2562E-01 3.2289E+02    9.7147E-01    0.0000E+00    0.0000E+00    0.0000E+00    1.1094E+02    3.3000E-04
1.0565E+02  1.5253E-01 3.2686E+02    9.7499E-01    0.0000E+00    0.0000E+00    0.0000E+00    1.2068E+02    3.3000E-04
1.0265E+02  1.8472E-01 3.3089E+02    9.7669E-01    0.0000E+00    0.0000E+00    0.0000E+00    1.3140E+02    3.3000E-04
9.9650E+01  2.2310E-01 3.3497E+02    9.7665E-01    0.0000E+00    0.0000E+00    0.0000E+00    1.4320E+02    3.3000E-04
9.6665E+01  2.6873E-01 3.3911E+02    9.7500E-01    0.0000E+00    0.0000E+00    0.0000E+00    1.5619E+02    3.3000E-04
9.3692E+01  3.2284E-01 3.4329E+02    9.7189E-01    0.0000E+00    0.0000E+00    0.0000E+00    1.7051E+02    3.3000E-04
9.0731E+01  3.8682E-01 3.4753E+02    9.7314E-01    0.0000E+00    0.0000E+00    0.0000E+00    1.8642E+02    3.3000E-04
8.7778E+01  4.6224E-01 3.5183E+02    9.7469E-01    0.0000E+00    0.0000E+00    0.0000E+00    2.0416E+02    3.3000E-04
8.4833E+01  5.5089E-01 3.5620E+02    9.7561E-01    0.0000E+00    0.0000E+00    0.0000E+00    2.2400E+02    3.3000E-04
8.1898E+01  6.5480E-01 3.6063E+02    9.7603E-01    0.0000E+00    0.0000E+00    0.0000E+00    2.4623E+02    3.3000E-04
7.8975E+01  7.7623E-01 3.6511E+02    9.7604E-01    0.0000E+00    0.0000E+00    0.0000E+00    2.7124E+02    3.3000E-04
7.6065E+01  9.1773E-01 3.6964E+02    9.7575E-01    0.0000E+00    0.0000E+00    0.0000E+00    2.9945E+02    3.3000E-04
7.3168E+01  1.0821E+00 3.7423E+02    9.7526E-01    0.0000E+00    0.0000E+00    0.0000E+00    3.3142E+02    3.3000E-04
7.0287E+01  1.2726E+00 3.7887E+02    9.7465E-01    0.0000E+00    0.0000E+00    0.0000E+00    3.6778E+02    3.3000E-04
6.7421E+01  1.4926E+00 3.8356E+02    9.7399E-01    0.0000E+00    0.0000E+00    0.0000E+00    4.0931E+02    3.3000E-04
6.4572E+01  1.7460E+00 3.8831E+02    9.7336E-01    0.0000E+00    0.0000E+00    0.0000E+00    4.5696E+02    3.3000E-04
6.1739E+01  2.0370E+00 3.9310E+02    9.7300E-01    0.0000E+00    0.0000E+00    0.0000E+00    5.1189E+02    3.3000E-04
5.8924E+01  2.3701E+00 3.9795E+02    9.7320E-01    0.0000E+00    0.0000E+00    0.0000E+00    5.7556E+02    3.3000E-04
5.6126E+01  2.7504E+00 4.0284E+02    9.7333E-01    0.0000E+00    0.0000E+00    0.0000E+00    6.4971E+02    3.3000E-04
5.3347E+01  3.1832E+00 4.0779E+02    9.7338E-01    0.0000E+00    0.0000E+00    0.0000E+00    7.3649E+02    3.3000E-04
5.0587E+01  3.6743E+00 4.1278E+02    9.7337E-01    0.0000E+00    0.0000E+00    0.0000E+00    8.3855E+02    3.3000E-04
4.7848E+01  4.2298E+00 4.1782E+02    9.7331E-01    0.0000E+00    0.0000E+00    0.0000E+00    9.5923E+02    3.3000E-04
4.5130E+01  4.8565E+00 4.2289E+02    9.7319E-01    0.0000E+00    0.0000E+00    0.0000E+00    1.1027E+03    3.3000E-04
4.2434E+01  5.5610E+00 4.2801E+02    9.7302E-01    0.0000E+00    0.0000E+00    0.0000E+00    1.2741E+03    3.3000E-04
3.9763E+01  6.3509E+00 4.3316E+02    9.7283E-01    0.0000E+00    0.0000E+00    0.0000E+00    1.4801E+03    3.3000E-04
3.7115E+01  7.2337E+00 4.3835E+02    9.7305E-01    0.0000E+00    0.0000E+00    0.0000E+00    1.7292E+03    3.3000E-04
3.4492E+01  8.2172E+00 4.4356E+02    9.7329E-01    0.0000E+00    0.0000E+00    0.0000E+00    2.0322E+03    3.3000E-04
3.1896E+01  9.3096E+00 4.4881E+02    9.7353E-01    0.0000E+00    0.0000E+00    0.0000E+00    2.4028E+03    3.3000E-04
2.9326E+01  1.0519E+01 4.5408E+02    9.7375E-01    0.0000E+00    0.0000E+00    0.0000E+00    2.8589E+03    3.3000E-04
2.6785E+01  1.1854E+01 4.5937E+02    9.7395E-01    0.0000E+00    0.0000E+00    0.0000E+00    3.4235E+03    3.3000E-04
2.4274E+01  1.3323E+01 4.6467E+02    9.7412E-01    0.0000E+00    0.0000E+00    0.0000E+00    4.1267E+03    3.3000E-04
2.1793E+01  1.4934E+01 4.6999E+02    9.7424E-01    0.0000E+00    0.0000E+00    0.0000E+00    5.0076E+03    3.3000E-04
1.9344E+01  1.6696E+01 4.7531E+02    9.7432E-01    0.0000E+00    0.0000E+00    0.0000E+00    6.1178E+03    3.3000E-04
1.6929E+01  1.8615E+01 4.8063E+02    9.7436E-01    0.0000E+00    0.0000E+00    0.0000E+00    7.5253E+03    3.3000E-04
1.4548E+01  2.0700E+01 4.8595E+02    9.7436E-01    0.0000E+00    0.0000E+00    0.0000E+00    9.3199E+03    3.3000E-04
1.2203E+01  2.2957E+01 4.9125E+02    9.7433E-01    0.0000E+00    0.0000E+00    0.0000E+00    1.1621E+04    3.3000E-04
9.8950E+00  2.5393E+01 4.9654E+02    9.7426E-01    0.0000E+00    0.0000E+00    0.0000E+00    1.4588E+04    3.3000E-04
7.6259E+00  2.8012E+01 5.0181E+02    9.7417E-01    0.0000E+00    0.0000E+00    0.0000E+00    1.8433E+04    3.3000E-04
5.3968E+00  3.0819E+01 5.0705E+02    9.7407E-01    0.0000E+00    0.0000E+00    0.0000E+00    2.3441E+04    3.3000E-04
3.2090E+00  3.3817E+01 5.1225E+02    9.7395E-01    0.0000E+00    0.0000E+00    0.0000E+00    2.9996E+04    3.3000E-04
1.0640E+00  3.7008E+01 5.1742E+02    9.7385E-01    0.0000E+00    0.0000E+00    0.0000E+00    3.8610E+04    3.3000E-04
0.0000E+00  3.8689E+01 5.2000E+02    9.7414E-01    0.0000E+00    0.0000E+00    0.0000E+00    4.3943E+04    3.3000E-04

     ALT          P          T          FH2O           O3           THEAT        TCOOL        PSATCO2        FCO2
3.0397E+02  1.1959E-08 2.0000E+02    9.6980E-01    0.0000E+00    0.0000E+00    0.0000E+00    1.5785E+00    3.3000E-04
3.0037E+02  1.7081E-08 2.0000E+02    9.6980E-01    0.0000E+00    0.0000E+00    0.0000E+00    1.5785E+00    3.3000E-04
2.9681E+02  2.4331E-08 2.0000E+02    9.6980E-01    0.0000E+00    0.0000E+00    0.0000E+00    1.5785E+00    3.3000E-04
2.9328E+02  3.4564E-08 2.0000E+02    9.6980E-01    0.0000E+00    0.0000E+00    0.0000E+00    1.5785E+00    3.3000E-04
2.8978E+02  4.8968E-08 2.0000E+02    9.6980E-01    0.0000E+00    0.0000E+00    0.0000E+00    1.5785E+00    3.3000E-04
2.8631E+02  6.9188E-08 2.0000E+02    9.6980E-01    0.0000E+00    0.0000E+00    0.0000E+00    1.5785E+00    3.3000E-04
2.8287E+02  9.7493E-08 2.0000E+02    9.6980E-01    0.0000E+00    0.0000E+00    0.0000E+00    1.5785E+00    3.3000E-04
2.7946E+02  1.3701E-07 2.0000E+02    9.6980E-01    0.0000E+00    0.0000E+00    0.0000E+00    1.5785E+00    3.3000E-04
2.7609E+02  1.9201E-07 2.0000E+02    9.6980E-01    0.0000E+00    0.0000E+00    0.0000E+00    1.5785E+00    3.3000E-04
2.7274E+02  2.6838E-07 2.0000E+02    9.6980E-01    0.0000E+00    0.0000E+00    0.0000E+00    1.5785E+00    3.3000E-04
2.6942E+02  3.7411E-07 2.0000E+02    9.6980E-01    0.0000E+00    0.0000E+00    0.0000E+00    1.5785E+00    3.3000E-04
2.6614E+02  5.2008E-07 2.0000E+02    9.6980E-01    0.0000E+00    0.0000E+00    0.0000E+00    1.5785E+00    3.3000E-04
2.6288E+02  7.2105E-07 2.0000E+02    9.6980E-01    0.0000E+00    0.0000E+00    0.0000E+00    1.5785E+00    3.3000E-04
2.5965E+02  9.9699E-07 2.0000E+02    9.6980E-01    0.0000E+00    0.0000E+00    0.0000E+00    1.5785E+00    3.3000E-04
2.5646E+02  1.3748E-06 2.0000E+02    9.6980E-01    0.0000E+00    0.0000E+00    0.0000E+00    1.5785E+00    3.3000E-04
2.5328E+02  1.8907E-06 2.0066E+02    9.6980E-01    0.0000E+00    0.0000E+00    0.0000E+00    1.6614E+00    3.3000E-04
2.5012E+02  2.5931E-06 2.0276E+02    9.7008E-01    0.0000E+00    0.0000E+00    0.0000E+00    1.9506E+00    3.3000E-04
2.4695E+02  3.5468E-06 2.0488E+02    9.7036E-01    0.0000E+00    0.0000E+00    0.0000E+00    2.2867E+00    3.3000E-04
2.4378E+02  4.8382E-06 2.0703E+02    9.7064E-01    0.0000E+00    0.0000E+00    0.0000E+00    2.6770E+00    3.3000E-04
2.4061E+02  6.5821E-06 2.0921E+02    9.7091E-01    0.0000E+00    0.0000E+00    0.0000E+00    3.1294E+00    3.3000E-04
2.3743E+02  8.9303E-06 2.1141E+02    9.7119E-01    0.0000E+00    0.0000E+00    0.0000E+00    3.6531E+00    3.3000E-04
2.3425E+02  1.2084E-05 2.1364E+02    9.7146E-01    0.0000E+00    0.0000E+00    0.0000E+00    4.2582E+00    3.3000E-04
2.3107E+02  1.6306E-05 2.1590E+02    9.7172E-01    0.0000E+00    0.0000E+00    0.0000E+00    4.9565E+00    3.3000E-04
2.2789E+02  2.1945E-05 2.1818E+02    9.7199E-01    0.0000E+00    0.0000E+00    0.0000E+00    5.5536E+00    3.3000E-04
2.2470E+02  2.9453E-05 2.2049E+02    9.7225E-01    0.0000E+00    0.0000E+00    0.0000E+00    6.1217E+00    3.3000E-04
2.2152E+02  3.9424E-05 2.2283E+02    9.7251E-01    0.0000E+00    0.0000E+00    0.0000E+00    6.7403E+00    3.3000E-04
2.1833E+02  5.2628E-05 2.2519E+02    9.7276E-01    0.0000E+00    0.0000E+00    0.0000E+00    7.4131E+00    3.3000E-04
2.1514E+02  7.0065E-05 2.2759E+02    9.7301E-01    0.0000E+00    0.0000E+00    0.0000E+00    8.1438E+00    3.3000E-04
2.1195E+02  9.3027E-05 2.3001E+02    9.7327E-01    0.0000E+00    0.0000E+00    0.0000E+00    8.9366E+00    3.3000E-04
2.0876E+02  1.2318E-04 2.3246E+02    9.7351E-01    0.0000E+00    0.0000E+00    0.0000E+00    9.7957E+00    3.3000E-04
2.0557E+02  1.6267E-04 2.3494E+02    9.7376E-01    0.0000E+00    0.0000E+00    0.0000E+00    1.0726E+01    3.3000E-04
2.0238E+02  2.1423E-04 2.3745E+02    9.7400E-01    0.0000E+00    0.0000E+00    0.0000E+00    1.1731E+01    3.3000E-04
1.9919E+02  2.8138E-04 2.3998E+02    9.7424E-01    0.0000E+00    0.0000E+00    0.0000E+00    1.2818E+01    3.3000E-04
1.9600E+02  3.6858E-04 2.4255E+02    9.7448E-01    0.0000E+00    0.0000E+00    0.0000E+00    1.3990E+01    3.3000E-04
1.9281E+02  4.8150E-04 2.4514E+02    9.7472E-01    0.0000E+00    0.0000E+00    0.0000E+00    1.5253E+01    3.3000E-04
1.8962E+02  6.2731E-04 2.4776E+02    9.7495E-01    0.0000E+00    0.0000E+00    0.0000E+00    1.6614E+01    3.3000E-04
1.8643E+02  8.1507E-04 2.5041E+02    9.7518E-01    0.0000E+00    0.0000E+00    0.0000E+00    1.8078E+01    3.3000E-04
1.8324E+02  1.0562E-03 2.5309E+02    9.7541E-01    0.0000E+00    0.0000E+00    0.0000E+00    1.9652E+01    3.3000E-04
1.8006E+02  1.3649E-03 2.5580E+02    9.7563E-01    0.0000E+00    0.0000E+00    0.0000E+00    2.1342E+01    3.3000E-04
1.7688E+02  1.7591E-03 2.5854E+02    9.7585E-01    0.0000E+00    0.0000E+00    0.0000E+00    2.3156E+01    3.3000E-04
1.7370E+02  2.2610E-03 2.6131E+02    9.7607E-01    0.0000E+00    0.0000E+00    0.0000E+00    2.5102E+01    3.3000E-04
1.7053E+02  2.8983E-03 2.6411E+02    9.7629E-01    0.0000E+00    0.0000E+00    0.0000E+00    2.7187E+01    3.3000E-04
1.6736E+02  3.7052E-03 2.6693E+02    9.7651E-01    0.0000E+00    0.0000E+00    0.0000E+00    2.9421E+01    3.3000E-04
1.6419E+02  4.7240E-03 2.6979E+02    9.7672E-01    0.0000E+00    0.0000E+00    0.0000E+00    3.1812E+01    3.3000E-04
1.6103E+02  6.0065E-03 2.7267E+02    9.7693E-01    0.0000E+00    0.0000E+00    0.0000E+00    3.4371E+01    3.3000E-04
1.5785E+02  7.6167E-03 2.7593E+02    9.9290E-01    0.0000E+00    0.0000E+00    0.0000E+00    3.7437E+01    3.3000E-04
1.5467E+02  9.6325E-03 2.7929E+02    9.8989E-01    0.0000E+00    0.0000E+00    0.0000E+00    4.0818E+01    3.3000E-04
1.5149E+02  1.2149E-02 2.8267E+02    9.8277E-01    0.0000E+00    0.0000E+00    0.0000E+00    4.4444E+01    3.3000E-04
1.4832E+02  1.5281E-02 2.8614E+02    9.9050E-01    0.0000E+00    0.0000E+00    0.0000E+00    4.8417E+01    3.3000E-04
1.4515E+02  1.9169E-02 2.8967E+02    9.9001E-01    0.0000E+00    0.0000E+00    0.0000E+00    5.2730E+01    3.3000E-04
1.4198E+02  2.3981E-02 2.9321E+02    9.7945E-01    0.0000E+00    0.0000E+00    0.0000E+00    5.7358E+01    3.3000E-04
1.3882E+02  2.9921E-02 2.9684E+02    9.8610E-01    0.0000E+00    0.0000E+00    0.0000E+00    6.2418E+01    3.3000E-04
1.3566E+02  3.7230E-02 3.0053E+02    9.8894E-01    0.0000E+00    0.0000E+00    0.0000E+00    6.7946E+01    3.3000E-04
1.3250E+02  4.6201E-02 3.0428E+02    9.8640E-01    0.0000E+00    0.0000E+00    0.0000E+00    7.3947E+01    3.3000E-04
1.2935E+02  5.7177E-02 3.0806E+02    9.7949E-01    0.0000E+00    0.0000E+00    0.0000E+00    8.0437E+01    3.3000E-04
1.2620E+02  7.0571E-02 3.1191E+02    9.8445E-01    0.0000E+00    0.0000E+00    0.0000E+00    8.7558E+01    3.3000E-04
1.2306E+02  8.6866E-02 3.1584E+02    9.8673E-01    0.0000E+00    0.0000E+00    0.0000E+00    9.5369E+01    3.3000E-04
1.1992E+02  1.0664E-01 3.1983E+02    9.8634E-01    0.0000E+00    0.0000E+00    0.0000E+00    1.0392E+02    3.3000E-04
1.1678E+02  1.3055E-01 3.2387E+02    9.8336E-01    0.0000E+00    0.0000E+00    0.0000E+00    1.1328E+02    3.3000E-04
1.1366E+02  1.5940E-01 3.2796E+02    9.8017E-01    0.0000E+00    0.0000E+00    0.0000E+00    1.2353E+02    3.3000E-04
1.1054E+02  1.9410E-01 3.3213E+02    9.8289E-01    0.0000E+00    0.0000E+00    0.0000E+00    1.3488E+02    3.3000E-04
1.0743E+02  2.3571E-01 3.3636E+02    9.8450E-01    0.0000E+00    0.0000E+00    0.0000E+00    1.4744E+02    3.3000E-04
1.0432E+02  2.8546E-01 3.4067E+02    9.8516E-01    0.0000E+00    0.0000E+00    0.0000E+00    1.6139E+02    3.3000E-04
1.0122E+02  3.4479E-01 3.4504E+02    9.8504E-01    0.0000E+00    0.0000E+00    0.0000E+00    1.7690E+02    3.3000E-04
9.8125E+01  4.1533E-01 3.4946E+02    9.8430E-01    0.0000E+00    0.0000E+00    0.0000E+00    1.9420E+02    3.3000E-04
9.5042E+01  4.9894E-01 3.5395E+02    9.8311E-01    0.0000E+00    0.0000E+00    0.0000E+00    2.1355E+02    3.3000E-04
9.1971E+01  5.9777E-01 3.5850E+02    9.8164E-01    0.0000E+00    0.0000E+00    0.0000E+00    2.3527E+02    3.3000E-04
8.8912E+01  7.1424E-01 3.6311E+02    9.8033E-01    0.0000E+00    0.0000E+00    0.0000E+00    2.5975E+02    3.3000E-04
8.5864E+01  8.5109E-01 3.6779E+02    9.8093E-01    0.0000E+00    0.0000E+00    0.0000E+00    2.8753E+02    3.3000E-04
8.2826E+01  1.0114E+00 3.7253E+02    9.8134E-01    0.0000E+00    0.0000E+00    0.0000E+00    3.1916E+02    3.3000E-04
7.9800E+01  1.1987E+00 3.7735E+02    9.8160E-01    0.0000E+00    0.0000E+00    0.0000E+00    3.5535E+02    3.3000E-04
7.6785E+01  1.4169E+00 3.8223E+02    9.8174E-01    0.0000E+00    0.0000E+00    0.0000E+00    3.9694E+02    3.3000E-04
7.3784E+01  1.6702E+00 3.8717E+02    9.8179E-01    0.0000E+00    0.0000E+00    0.0000E+00    4.4498E+02    3.3000E-04
7.0796E+01  1.9635E+00 3.9218E+02    9.8176E-01    0.0000E+00    0.0000E+00    0.0000E+00    5.0075E+02    3.3000E-04
6.7823E+01  2.3021E+00 3.9725E+02    9.8164E-01    0.0000E+00    0.0000E+00    0.0000E+00    5.6584E+02    3.3000E-04
6.4866E+01  2.6918E+00 4.0238E+02    9.8144E-01    0.0000E+00    0.0000E+00    0.0000E+00    6.4223E+02    3.3000E-04
6.1925E+01  3.1389E+00 4.0757E+02    9.8115E-01    0.0000E+00    0.0000E+00    0.0000E+00    7.3238E+02    3.3000E-04
5.9002E+01  3.6505E+00 4.1282E+02    9.8074E-01    0.0000E+00    0.0000E+00    0.0000E+00    8.3940E+02    3.3000E-04
5.6098E+01  4.2339E+00 4.1812E+02    9.8021E-01    0.0000E+00    0.0000E+00    0.0000E+00    9.6723E+02    3.3000E-04
5.3212E+01  4.8973E+00 4.2349E+02    9.8061E-01    0.0000E+00    0.0000E+00    0.0000E+00    1.1210E+03    3.3000E-04
5.0346E+01  5.6494E+00 4.2890E+02    9.8107E-01    0.0000E+00    0.0000E+00    0.0000E+00    1.3073E+03    3.3000E-04
4.7500E+01  6.4993E+00 4.3437E+02    9.8147E-01    0.0000E+00    0.0000E+00    0.0000E+00    1.5344E+03    3.3000E-04
4.4675E+01  7.4570E+00 4.3989E+02    9.8177E-01    0.0000E+00    0.0000E+00    0.0000E+00    1.8131E+03    3.3000E-04
4.1872E+01  8.5326E+00 4.4546E+02    9.8193E-01    0.0000E+00    0.0000E+00    0.0000E+00    2.1578E+03    3.3000E-04
3.9093E+01  9.7371E+00 4.5107E+02    9.8192E-01    0.0000E+00    0.0000E+00    0.0000E+00    2.5870E+03    3.3000E-04
3.6340E+01  1.1082E+01 4.5672E+02    9.8173E-01    0.0000E+00    0.0000E+00    0.0000E+00    3.1254E+03    3.3000E-04
3.3613E+01  1.2578E+01 4.6240E+02    9.8133E-01    0.0000E+00    0.0000E+00    0.0000E+00    3.8058E+03    3.3000E-04
3.0914E+01  1.4237E+01 4.6810E+02    9.8075E-01    0.0000E+00    0.0000E+00    0.0000E+00    4.6722E+03    3.3000E-04
2.8244E+01  1.6072E+01 4.7384E+02    9.8123E-01    0.0000E+00    0.0000E+00    0.0000E+00    5.7852E+03    3.3000E-04
2.5602E+01  1.8094E+01 4.7960E+02    9.8159E-01    0.0000E+00    0.0000E+00    0.0000E+00    7.2263E+03    3.3000E-04
2.2992E+01  2.0316E+01 4.8538E+02    9.8175E-01    0.0000E+00    0.0000E+00    0.0000E+00    9.1070E+03    3.3000E-04
2.0414E+01  2.2749E+01 4.9117E+02    9.8171E-01    0.0000E+00    0.0000E+00    0.0000E+00    1.1581E+04    3.3000E-04
1.7870E+01  2.5405E+01 4.9697E+02    9.8148E-01    0.0000E+00    0.0000E+00    0.0000E+00    1.4861E+04    3.3000E-04
1.5361E+01  2.8294E+01 5.0276E+02    9.8107E-01    0.0000E+00    0.0000E+00    0.0000E+00    1.9243E+04    3.3000E-04
1.2889E+01  3.1427E+01 5.0855E+02    9.8104E-01    0.0000E+00    0.0000E+00    0.0000E+00    2.5148E+04    3.3000E-04
1.0455E+01  3.4812E+01 5.1433E+02    9.8133E-01    0.0000E+00    0.0000E+00    0.0000E+00    3.3165E+04    3.3000E-04
8.0596E+00  3.8458E+01 5.2009E+02    9.8146E-01    0.0000E+00    0.0000E+00    0.0000E+00    4.4134E+04    3.3000E-04
5.7052E+00  4.2370E+01 5.2582E+02    9.8144E-01    0.0000E+00    0.0000E+00    0.0000E+00    5.9246E+04    3.3000E-04
3.3933E+00  4.6555E+01 5.3151E+02    9.8131E-01    0.0000E+00    0.0000E+00    0.0000E+00    8.0209E+04    3.3000E-04
1.1253E+00  5.1015E+01 5.3717E+02    9.8109E-01    0.0000E+00    0.0000E+00    0.0000E+00    1.0947E+05    3.3000E-04
0.0000E+00  5.3367E+01 5.4000E+02    9.8125E-01    0.0000E+00    0.0000E+00    0.0000E+00    1.2842E+05    3.3000E-04

     ALT          P          T          FH2O           O3           THEAT        TCOOL        PSATCO2        FCO2
3.1324E+02  1.1988E-08 2.0000E+02    9.7418E-01    0.0000E+00    0.0000E+00    0.0000E+00    1.5785E+00    3.3000E-04
3.0958E+02  1.7204E-08 2.0000E+02    9.7418E-01    0.0000E+00    0.0000E+00    0.0000E+00    1.5785E+00    3.3000E-04
3.0595E+02  2.4622E-08 2.0000E+02    9.7418E-01    0.0000E+00    0.0000E+00    0.0000E+00    1.5785E+00    3.3000E-04
3.0235E+02  3.5143E-08 2.0000E+02    9.7418E-01    0.0000E+00    0.0000E+00    0.0000E+00    1.5785E+00    3.3000E-04
2.9878E+02  5.0022E-08 2.0000E+02    9.7418E-01    0.0000E+00    0.0000E+00    0.0000E+00    1.5785E+00    3.3000E-04
2.9525E+02  7.1005E-08 2.0000E+02    9.7418E-01    0.0000E+00    0.0000E+00    0.0000E+00    1.5785E+00    3.3000E-04
2.9174E+02  1.0051E-07 2.0000E+02    9.7418E-01    0.0000E+00    0.0000E+00    0.0000E+00    1.5785E+00    3.3000E-04
2.8827E+02  1.4190E-07 2.0000E+02    9.7418E-01    0.0000E+00    0.0000E+00    0.0000E+00    1.5785E+00    3.3000E-04
2.8483E+02  1.9977E-07 2.0000E+02    9.7418E-01    0.0000E+00    0.0000E+00    0.0000E+00    1.5785E+00    3.3000E-04
2.8142E+02  2.8048E-07 2.0000E+02    9.7418E-01    0.0000E+00    0.0000E+00    0.0000E+00    1.5785E+00    3.3000E-04
2.7804E+02  3.9272E-07 2.0000E+02    9.7418E-01    0.0000E+00    0.0000E+00    0.0000E+00    1.5785E+00    3.3000E-04
2.7469E+02  5.4837E-07 2.0000E+02    9.7418E-01    0.0000E+00    0.0000E+00    0.0000E+00    1.5785E+00    3.3000E-04
2.7137E+02  7.6362E-07 2.0000E+02    9.7418E-01    0.0000E+00    0.0000E+00    0.0000E+00    1.5785E+00    3.3000E-04
2.6808E+02  1.0604E-06 2.0000E+02    9.7418E-01    0.0000E+00    0.0000E+00    0.0000E+00    1.5785E+00    3.3000E-04
2.6483E+02  1.4686E-06 2.0000E+02    9.7418E-01    0.0000E+00    0.0000E+00    0.0000E+00    1.5785E+00    3.3000E-04
2.6159E+02  2.0283E-06 2.0115E+02    9.7418E-01    0.0000E+00    0.0000E+00    0.0000E+00    1.7257E+00    3.3000E-04
2.5836E+02  2.7936E-06 2.0329E+02    9.7443E-01    0.0000E+00    0.0000E+00    0.0000E+00    2.0303E+00    3.3000E-04
2.5513E+02  3.8372E-06 2.0545E+02    9.7468E-01    0.0000E+00    0.0000E+00    0.0000E+00    2.3852E+00    3.3000E-04
2.5189E+02  5.2563E-06 2.0764E+02    9.7492E-01    0.0000E+00    0.0000E+00    0.0000E+00    2.7981E+00    3.3000E-04
2.4865E+02  7.1804E-06 2.0986E+02    9.7516E-01    0.0000E+00    0.0000E+00    0.0000E+00    3.2777E+00    3.3000E-04
2.4540E+02  9.7820E-06 2.1211E+02    9.7540E-01    0.0000E+00    0.0000E+00    0.0000E+00    3.8339E+00    3.3000E-04
2.4215E+02  1.3290E-05 2.1438E+02    9.7563E-01    0.0000E+00    0.0000E+00    0.0000E+00    4.4780E+00    3.3000E-04
2.3890E+02  1.8006E-05 2.1668E+02    9.7587E-01    0.0000E+00    0.0000E+00    0.0000E+00    5.2081E+00    3.3000E-04
2.3565E+02  2.4329E-05 2.1902E+02    9.7610E-01    0.0000E+00    0.0000E+00    0.0000E+00    5.7544E+00    3.3000E-04
2.3239E+02  3.2782E-05 2.2138E+02    9.7633E-01    0.0000E+00    0.0000E+00    0.0000E+00    6.3508E+00    3.3000E-04
2.2913E+02  4.4052E-05 2.2376E+02    9.7655E-01    0.0000E+00    0.0000E+00    0.0000E+00    7.0008E+00    3.3000E-04
2.2587E+02  5.9035E-05 2.2618E+02    9.7678E-01    0.0000E+00    0.0000E+00    0.0000E+00    7.7085E+00    3.3000E-04
2.2261E+02  7.8896E-05 2.2863E+02    9.7700E-01    0.0000E+00    0.0000E+00    0.0000E+00    8.4781E+00    3.3000E-04
2.1935E+02  1.0515E-04 2.3111E+02    9.7722E-01    0.0000E+00    0.0000E+00    0.0000E+00    9.3140E+00    3.3000E-04
2.1608E+02  1.3976E-04 2.3361E+02    9.7744E-01    0.0000E+00    0.0000E+00    0.0000E+00    1.0221E+01    3.3000E-04
2.1282E+02  1.8525E-04 2.3615E+02    9.7765E-01    0.0000E+00    0.0000E+00    0.0000E+00    1.1204E+01    3.3000E-04
2.0955E+02  2.4488E-04 2.3872E+02    9.7787E-01    0.0000E+00    0.0000E+00    0.0000E+00    1.2267E+01    3.3000E-04
2.0629E+02  3.2281E-04 2.4132E+02    9.7808E-01    0.0000E+00    0.0000E+00    0.0000E+00    1.3418E+01    3.3000E-04
2.0302E+02  4.2438E-04 2.4394E+02    9.7829E-01    0.0000E+00    0.0000E+00    0.0000E+00    1.4661E+01    3.3000E-04
1.9975E+02  5.5638E-04 2.4660E+02    9.7849E-01    0.0000E+00    0.0000E+00    0.0000E+00    1.6002E+01    3.3000E-04
1.9649E+02  7.2744E-04 2.4929E+02    9.7870E-01    0.0000E+00    0.0000E+00    0.0000E+00    1.7448E+01    3.3000E-04
1.9323E+02  9.4849E-04 2.5201E+02    9.7890E-01    0.0000E+00    0.0000E+00    0.0000E+00    1.9005E+01    3.3000E-04
1.8996E+02  1.2333E-03 2.5476E+02    9.7910E-01    0.0000E+00    0.0000E+00    0.0000E+00    2.0682E+01    3.3000E-04
1.8670E+02  1.5993E-03 2.5755E+02    9.7929E-01    0.0000E+00    0.0000E+00    0.0000E+00    2.2484E+01    3.3000E-04
1.8344E+02  2.0683E-03 2.6036E+02    9.7949E-01    0.0000E+00    0.0000E+00    0.0000E+00    2.4421E+01    3.3000E-04
1.8018E+02  2.6674E-03 2.6321E+02    9.7968E-01    0.0000E+00    0.0000E+00    0.0000E+00    2.6502E+01    3.3000E-04
1.7693E+02  3.4306E-03 2.6608E+02    9.7987E-01    0.0000E+00    0.0000E+00    0.0000E+00    2.8734E+01    3.3000E-04
1.7368E+02  4.4002E-03 2.6899E+02    9.8006E-01    0.0000E+00    0.0000E+00    0.0000E+00    3.1128E+01    3.3000E-04
1.7043E+02  5.6283E-03 2.7193E+02    9.8024E-01    0.0000E+00    0.0000E+00    0.0000E+00    3.3695E+01    3.3000E-04
1.6717E+02  7.1795E-03 2.7514E+02    9.9635E-01    0.0000E+00    0.0000E+00    0.0000E+00    3.6681E+01    3.3000E-04
1.6391E+02  9.1332E-03 2.7854E+02    9.8600E-01    0.0000E+00    0.0000E+00    0.0000E+00    4.0049E+01    3.3000E-04
1.6065E+02  1.1587E-02 2.8201E+02    9.8967E-01    0.0000E+00    0.0000E+00    0.0000E+00    4.3713E+01    3.3000E-04
1.5738E+02  1.4659E-02 2.8555E+02    9.9425E-01    0.0000E+00    0.0000E+00    0.0000E+00    4.7725E+01    3.3000E-04
1.5412E+02  1.8495E-02 2.8914E+02    9.9019E-01    0.0000E+00    0.0000E+00    0.0000E+00    5.2071E+01    3.3000E-04
1.5087E+02  2.3272E-02 2.9277E+02    9.8417E-01    0.0000E+00    0.0000E+00    0.0000E+00    5.6762E+01    3.3000E-04
1.4761E+02  2.9201E-02 2.9648E+02    9.9030E-01    0.0000E+00    0.0000E+00    0.0000E+00    6.1909E+01    3.3000E-04
1.4435E+02  3.6542E-02 3.0027E+02    9.9185E-01    0.0000E+00    0.0000E+00    0.0000E+00    6.7534E+01    3.3000E-04
1.4110E+02  4.5602E-02 3.0410E+02    9.8844E-01    0.0000E+00    0.0000E+00    0.0000E+00    7.3649E+01    3.3000E-04
1.3786E+02  5.6754E-02 3.0797E+02    9.8273E-01    0.0000E+00    0.0000E+00    0.0000E+00    8.0288E+01    3.3000E-04
1.3462E+02  7.0439E-02 3.1193E+02    9.8715E-01    0.0000E+00    0.0000E+00    0.0000E+00    8.7591E+01    3.3000E-04
1.3137E+02  8.7184E-02 3.1597E+02    9.8934E-01    0.0000E+00    0.0000E+00    0.0000E+00    9.5622E+01    3.3000E-04
1.2813E+02  1.0762E-01 3.2007E+02    9.8941E-01    0.0000E+00    0.0000E+00    0.0000E+00    1.0445E+02    3.3000E-04
1.2489E+02  1.3247E-01 3.2423E+02    9.8753E-01    0.0000E+00    0.0000E+00    0.0000E+00    1.1414E+02    3.3000E-04
1.2167E+02  1.6262E-01 3.2845E+02    9.8393E-01    0.0000E+00    0.0000E+00    0.0000E+00    1.2481E+02    3.3000E-04
1.1845E+02  1.9909E-01 3.3273E+02    9.8367E-01    0.0000E+00    0.0000E+00    0.0000E+00    1.3661E+02    3.3000E-04
1.1523E+02  2.4306E-01 3.3710E+02    9.8543E-01    0.0000E+00    0.0000E+00    0.0000E+00    1.4973E+02    3.3000E-04
1.1202E+02  2.9594E-01 3.4154E+02    9.8655E-01    0.0000E+00    0.0000E+00    0.0000E+00    1.6437E+02    3.3000E-04
1.0881E+02  3.5934E-01 3.4606E+02    9.8717E-01    0.0000E+00    0.0000E+00    0.0000E+00    1.8074E+02    3.3000E-04
1.0561E+02  4.3512E-01 3.5065E+02    9.8744E-01    0.0000E+00    0.0000E+00    0.0000E+00    1.9911E+02    3.3000E-04
1.0241E+02  5.2544E-01 3.5531E+02    9.8747E-01    0.0000E+00    0.0000E+00    0.0000E+00    2.1979E+02    3.3000E-04
9.9227E+01  6.3277E-01 3.6004E+02    9.8738E-01    0.0000E+00    0.0000E+00    0.0000E+00    2.4318E+02    3.3000E-04
9.6047E+01  7.5995E-01 3.6485E+02    9.8726E-01    0.0000E+00    0.0000E+00    0.0000E+00    2.6974E+02    3.3000E-04
9.2877E+01  9.1019E-01 3.6973E+02    9.8716E-01    0.0000E+00    0.0000E+00    0.0000E+00    3.0005E+02    3.3000E-04
8.9715E+01  1.0871E+00 3.7469E+02    9.8712E-01    0.0000E+00    0.0000E+00    0.0000E+00    3.3481E+02    3.3000E-04
8.6564E+01  1.2949E+00 3.7972E+02    9.8716E-01    0.0000E+00    0.0000E+00    0.0000E+00    3.7489E+02    3.3000E-04
8.3424E+01  1.5383E+00 3.8482E+02    9.8726E-01    0.0000E+00    0.0000E+00    0.0000E+00    4.2135E+02    3.3000E-04
8.0294E+01  1.8223E+00 3.9000E+02    9.8740E-01    0.0000E+00    0.0000E+00    0.0000E+00    4.7553E+02    3.3000E-04
7.7176E+01  2.1528E+00 3.9525E+02    9.8754E-01    0.0000E+00    0.0000E+00    0.0000E+00    5.3909E+02    3.3000E-04
7.4071E+01  2.5364E+00 4.0058E+02    9.8762E-01    0.0000E+00    0.0000E+00    0.0000E+00    6.1410E+02    3.3000E-04
7.0980E+01  2.9801E+00 4.0598E+02    9.8760E-01    0.0000E+00    0.0000E+00    0.0000E+00    7.0320E+02    3.3000E-04
6.7903E+01  3.4918E+00 4.1145E+02    9.8741E-01    0.0000E+00    0.0000E+00    0.0000E+00    8.0974E+02    3.3000E-04
6.4842E+01  4.0803E+00 4.1699E+02    9.8701E-01    0.0000E+00    0.0000E+00    0.0000E+00    9.3799E+02    3.3000E-04
6.1798E+01  4.7548E+00 4.2259E+02    9.8634E-01    0.0000E+00    0.0000E+00    0.0000E+00    1.0935E+03    3.3000E-04
5.8772E+01  5.5257E+00 4.2826E+02    9.8572E-01    0.0000E+00    0.0000E+00    0.0000E+00    1.2834E+03    3.3000E-04
5.5764E+01  6.4040E+00 4.3400E+02    9.8651E-01    0.0000E+00    0.0000E+00    0.0000E+00    1.5175E+03    3.3000E-04
5.2775E+01  7.4017E+00 4.3981E+02    9.8703E-01    0.0000E+00    0.0000E+00    0.0000E+00    1.8084E+03    3.3000E-04
4.9804E+01  8.5313E+00 4.4568E+02    9.8719E-01    0.0000E+00    0.0000E+00    0.0000E+00    2.1728E+03    3.3000E-04
4.6855E+01  9.8064E+00 4.5160E+02    9.8698E-01    0.0000E+00    0.0000E+00    0.0000E+00    2.6330E+03    3.3000E-04
4.3928E+01  1.1241E+01 4.5758E+02    9.8635E-01    0.0000E+00    0.0000E+00    0.0000E+00    3.2192E+03    3.3000E-04
4.1026E+01  1.2851E+01 4.6361E+02    9.8625E-01    0.0000E+00    0.0000E+00    0.0000E+00    3.9734E+03    3.3000E-04
3.8148E+01  1.4651E+01 4.6969E+02    9.8685E-01    0.0000E+00    0.0000E+00    0.0000E+00    4.9534E+03    3.3000E-04
3.5295E+01  1.6657E+01 4.7582E+02    9.8699E-01    0.0000E+00    0.0000E+00    0.0000E+00    6.2387E+03    3.3000E-04
3.2469E+01  1.8886E+01 4.8198E+02    9.8667E-01    0.0000E+00    0.0000E+00    0.0000E+00    7.9408E+03    3.3000E-04
2.9672E+01  2.1354E+01 4.8818E+02    9.8595E-01    0.0000E+00    0.0000E+00    0.0000E+00    1.0217E+04    3.3000E-04
2.6905E+01  2.4080E+01 4.9441E+02    9.8661E-01    0.0000E+00    0.0000E+00    0.0000E+00    1.3297E+04    3.3000E-04
2.4169E+01  2.7078E+01 5.0066E+02    9.8679E-01    0.0000E+00    0.0000E+00    0.0000E+00    1.7505E+04    3.3000E-04
2.1465E+01  3.0367E+01 5.0693E+02    9.8654E-01    0.0000E+00    0.0000E+00    0.0000E+00    2.3316E+04    3.3000E-04
1.8795E+01  3.3963E+01 5.1322E+02    9.8595E-01    0.0000E+00    0.0000E+00    0.0000E+00    3.1421E+04    3.3000E-04
1.6161E+01  3.7880E+01 5.1950E+02    9.8646E-01    0.0000E+00    0.0000E+00    0.0000E+00    4.2860E+04    3.3000E-04
1.3563E+01  4.2133E+01 5.2579E+02    9.8656E-01    0.0000E+00    0.0000E+00    0.0000E+00    5.9168E+04    3.3000E-04
1.1004E+01  4.6735E+01 5.3207E+02    9.8629E-01    0.0000E+00    0.0000E+00    0.0000E+00    8.2655E+04    3.3000E-04
8.4854E+00  5.1699E+01 5.3833E+02    9.8588E-01    0.0000E+00    0.0000E+00    0.0000E+00    1.1682E+05    3.3000E-04
6.0084E+00  5.7033E+01 5.4456E+02    9.8623E-01    0.0000E+00    0.0000E+00    0.0000E+00    1.6704E+05    3.3000E-04
3.5745E+00  6.2745E+01 5.5076E+02    9.8627E-01    0.0000E+00    0.0000E+00    0.0000E+00    2.4153E+05    3.3000E-04
1.1857E+00  6.8840E+01 5.5692E+02    9.8605E-01    0.0000E+00    0.0000E+00    0.0000E+00    3.5300E+05    3.3000E-04
0.0000E+00  7.2057E+01 5.6000E+02    9.8611E-01    0.0000E+00    0.0000E+00    0.0000E+00    4.2906E+05    3.3000E-04

     ALT          P          T          FH2O           O3           THEAT        TCOOL        PSATCO2        FCO2
3.2267E+02  1.2015E-08 2.0000E+02    9.8335E-01    0.0000E+00    0.0000E+00    0.0000E+00    1.5785E+00    3.3000E-04
3.1893E+02  1.7320E-08 2.0000E+02    9.8335E-01    0.0000E+00    0.0000E+00    0.0000E+00    1.5785E+00    3.3000E-04
3.1523E+02  2.4899E-08 2.0000E+02    9.8335E-01    0.0000E+00    0.0000E+00    0.0000E+00    1.5785E+00    3.3000E-04
3.1156E+02  3.5695E-08 2.0000E+02    9.8335E-01    0.0000E+00    0.0000E+00    0.0000E+00    1.5785E+00    3.3000E-04
3.0792E+02  5.1030E-08 2.0000E+02    9.8335E-01    0.0000E+00    0.0000E+00    0.0000E+00    1.5785E+00    3.3000E-04
3.0431E+02  7.2752E-08 2.0000E+02    9.8335E-01    0.0000E+00    0.0000E+00    0.0000E+00    1.5785E+00    3.3000E-04
3.0074E+02  1.0343E-07 2.0000E+02    9.8335E-01    0.0000E+00    0.0000E+00    0.0000E+00    1.5785E+00    3.3000E-04
2.9720E+02  1.4664E-07 2.0000E+02    9.8335E-01    0.0000E+00    0.0000E+00    0.0000E+00    1.5785E+00    3.3000E-04
2.9368E+02  2.0733E-07 2.0000E+02    9.8335E-01    0.0000E+00    0.0000E+00    0.0000E+00    1.5785E+00    3.3000E-04
2.9021E+02  2.9232E-07 2.0000E+02    9.8335E-01    0.0000E+00    0.0000E+00    0.0000E+00    1.5785E+00    3.3000E-04
2.8676E+02  4.1100E-07 2.0000E+02    9.8335E-01    0.0000E+00    0.0000E+00    0.0000E+00    1.5785E+00    3.3000E-04
2.8334E+02  5.7628E-07 2.0000E+02    9.8335E-01    0.0000E+00    0.0000E+00    0.0000E+00    1.5785E+00    3.3000E-04
2.7996E+02  8.0578E-07 2.0000E+02    9.8335E-01    0.0000E+00    0.0000E+00    0.0000E+00    1.5785E+00    3.3000E-04
2.7660E+02  1.1235E-06 2.0000E+02    9.8335E-01    0.0000E+00    0.0000E+00    0.0000E+00    1.5785E+00    3.3000E-04
2.7328E+02  1.5623E-06 2.0000E+02    9.8335E-01    0.0000E+00    0.0000E+00    0.0000E+00    1.5785E+00    3.3000E-04
2.6998E+02  2.1664E-06 2.0165E+02    9.8335E-01    0.0000E+00    0.0000E+00    0.0000E+00    1.7928E+00    3.3000E-04
2.6667E+02  2.9957E-06 2.0382E+02    9.8351E-01    0.0000E+00    0.0000E+00    0.0000E+00    2.1134E+00    3.3000E-04
2.6336E+02  4.1309E-06 2.0602E+02    9.8368E-01    0.0000E+00    0.0000E+00    0.0000E+00    2.4877E+00    3.3000E-04
2.6005E+02  5.6807E-06 2.0826E+02    9.8384E-01    0.0000E+00    0.0000E+00    0.0000E+00    2.9239E+00    3.3000E-04
2.5673E+02  7.7902E-06 2.1051E+02    9.8401E-01    0.0000E+00    0.0000E+00    0.0000E+00    3.4316E+00    3.3000E-04
2.5341E+02  1.0654E-05 2.1280E+02    9.8417E-01    0.0000E+00    0.0000E+00    0.0000E+00    4.0215E+00    3.3000E-04
2.5009E+02  1.4529E-05 2.1512E+02    9.8433E-01    0.0000E+00    0.0000E+00    0.0000E+00    4.7059E+00    3.3000E-04
2.4676E+02  1.9759E-05 2.1747E+02    9.8449E-01    0.0000E+00    0.0000E+00    0.0000E+00    5.3866E+00    3.3000E-04
2.4343E+02  2.6797E-05 2.1984E+02    9.8465E-01    0.0000E+00    0.0000E+00    0.0000E+00    5.9585E+00    3.3000E-04
2.4010E+02  3.6242E-05 2.2225E+02    9.8480E-01    0.0000E+00    0.0000E+00    0.0000E+00    6.5832E+00    3.3000E-04
2.3677E+02  4.8880E-05 2.2469E+02    9.8495E-01    0.0000E+00    0.0000E+00    0.0000E+00    7.2649E+00    3.3000E-04
2.3343E+02  6.5743E-05 2.2715E+02    9.8511E-01    0.0000E+00    0.0000E+00    0.0000E+00    8.0079E+00    3.3000E-04
2.3009E+02  8.8178E-05 2.2965E+02    9.8526E-01    0.0000E+00    0.0000E+00    0.0000E+00    8.8167E+00    3.3000E-04
2.2675E+02  1.1794E-04 2.3218E+02    9.8541E-01    0.0000E+00    0.0000E+00    0.0000E+00    9.6961E+00    3.3000E-04
2.2341E+02  1.5731E-04 2.3475E+02    9.8555E-01    0.0000E+00    0.0000E+00    0.0000E+00    1.0651E+01    3.3000E-04
2.2006E+02  2.0925E-04 2.3734E+02    9.8570E-01    0.0000E+00    0.0000E+00    0.0000E+00    1.1687E+01    3.3000E-04
2.1672E+02  2.7755E-04 2.3996E+02    9.8584E-01    0.0000E+00    0.0000E+00    0.0000E+00    1.2810E+01    3.3000E-04
2.1337E+02  3.6714E-04 2.4262E+02    9.8599E-01    0.0000E+00    0.0000E+00    0.0000E+00    1.4025E+01    3.3000E-04
2.1002E+02  4.8430E-04 2.4531E+02    9.8613E-01    0.0000E+00    0.0000E+00    0.0000E+00    1.5339E+01    3.3000E-04
2.0668E+02  6.3707E-04 2.4803E+02    9.8627E-01    0.0000E+00    0.0000E+00    0.0000E+00    1.6759E+01    3.3000E-04
2.0333E+02  8.3572E-04 2.5079E+02    9.8640E-01    0.0000E+00    0.0000E+00    0.0000E+00    1.8291E+01    3.3000E-04
1.9999E+02  1.0933E-03 2.5357E+02    9.8654E-01    0.0000E+00    0.0000E+00    0.0000E+00    1.9944E+01    3.3000E-04
1.9664E+02  1.4262E-03 2.5639E+02    9.8668E-01    0.0000E+00    0.0000E+00    0.0000E+00    2.1724E+01    3.3000E-04
1.9330E+02  1.8554E-03 2.5925E+02    9.8681E-01    0.0000E+00    0.0000E+00    0.0000E+00    2.3641E+01    3.3000E-04
1.8995E+02  2.4071E-03 2.6213E+02    9.8694E-01    0.0000E+00    0.0000E+00    0.0000E+00    2.5703E+01    3.3000E-04
1.8661E+02  3.1142E-03 2.6505E+02    9.8707E-01    0.0000E+00    0.0000E+00    0.0000E+00    2.7920E+01    3.3000E-04
1.8328E+02  4.0178E-03 2.6801E+02    9.8720E-01    0.0000E+00    0.0000E+00    0.0000E+00    3.0303E+01    3.3000E-04
1.7994E+02  5.1692E-03 2.7099E+02    9.8732E-01    0.0000E+00    0.0000E+00    0.0000E+00    3.2861E+01    3.3000E-04
1.7660E+02  6.6321E-03 2.7413E+02    9.9889E-01    0.0000E+00    0.0000E+00    0.0000E+00    3.5722E+01    3.3000E-04
1.7325E+02  8.4856E-03 2.7758E+02    9.9306E-01    0.0000E+00    0.0000E+00    0.0000E+00    3.9071E+01    3.3000E-04
1.6990E+02  1.0827E-02 2.8112E+02    1.0000E+00    0.0000E+00    0.0000E+00    0.0000E+00    4.2748E+01    3.3000E-04
1.6655E+02  1.3776E-02 2.8472E+02    9.8976E-01    0.0000E+00    0.0000E+00    0.0000E+00    4.6758E+01    3.3000E-04
1.6321E+02  1.7480E-02 2.8835E+02    9.8985E-01    0.0000E+00    0.0000E+00    0.0000E+00    5.1079E+01    3.3000E-04
1.5987E+02  2.2118E-02 2.9205E+02    9.9448E-01    0.0000E+00    0.0000E+00    0.0000E+00    5.5809E+01    3.3000E-04
1.5651E+02  2.7909E-02 2.9584E+02    9.9824E-01    0.0000E+00    0.0000E+00    0.0000E+00    6.1000E+01    3.3000E-04
1.5316E+02  3.5119E-02 2.9970E+02    9.9731E-01    0.0000E+00    0.0000E+00    0.0000E+00    6.6667E+01    3.3000E-04
1.4981E+02  4.4070E-02 3.0360E+02    9.9142E-01    0.0000E+00    0.0000E+00    0.0000E+00    7.2825E+01    3.3000E-04
1.4647E+02  5.5148E-02 3.0756E+02    9.9080E-01    0.0000E+00    0.0000E+00    0.0000E+00    7.9562E+01    3.3000E-04
1.4313E+02  6.8820E-02 3.1161E+02    9.9423E-01    0.0000E+00    0.0000E+00    0.0000E+00    8.6987E+01    3.3000E-04
1.3979E+02  8.5643E-02 3.1574E+02    9.9568E-01    0.0000E+00    0.0000E+00    0.0000E+00    9.5164E+01    3.3000E-04
1.3645E+02  1.0628E-01 3.1995E+02    9.9534E-01    0.0000E+00    0.0000E+00    0.0000E+00    1.0417E+02    3.3000E-04
1.3311E+02  1.3153E-01 3.2421E+02    9.9345E-01    0.0000E+00    0.0000E+00    0.0000E+00    1.1409E+02    3.3000E-04
1.2978E+02  1.6233E-01 3.2854E+02    9.9031E-01    0.0000E+00    0.0000E+00    0.0000E+00    1.2504E+02    3.3000E-04
1.2645E+02  1.9978E-01 3.3293E+02    9.8868E-01    0.0000E+00    0.0000E+00    0.0000E+00    1.3719E+02    3.3000E-04
1.2313E+02  2.4520E-01 3.3742E+02    9.9009E-01    0.0000E+00    0.0000E+00    0.0000E+00    1.5074E+02    3.3000E-04
1.1982E+02  3.0010E-01 3.4198E+02    9.9103E-01    0.0000E+00    0.0000E+00    0.0000E+00    1.6591E+02    3.3000E-04
1.1650E+02  3.6628E-01 3.4663E+02    9.9162E-01    0.0000E+00    0.0000E+00    0.0000E+00    1.8294E+02    3.3000E-04
1.1319E+02  4.4581E-01 3.5136E+02    9.9197E-01    0.0000E+00    0.0000E+00    0.0000E+00    2.0214E+02    3.3000E-04
1.0989E+02  5.4111E-01 3.5617E+02    9.9215E-01    0.0000E+00    0.0000E+00    0.0000E+00    2.2386E+02    3.3000E-04
1.0659E+02  6.5497E-01 3.6106E+02    9.9224E-01    0.0000E+00    0.0000E+00    0.0000E+00    2.4856E+02    3.3000E-04
1.0329E+02  7.9058E-01 3.6604E+02    9.9226E-01    0.0000E+00    0.0000E+00    0.0000E+00    2.7678E+02    3.3000E-04
1.0001E+02  9.5163E-01 3.7110E+02    9.9223E-01    0.0000E+00    0.0000E+00    0.0000E+00    3.0917E+02    3.3000E-04
9.6728E+01  1.1423E+00 3.7623E+02    9.9214E-01    0.0000E+00    0.0000E+00    0.0000E+00    3.4658E+02    3.3000E-04
9.3458E+01  1.3674E+00 3.8146E+02    9.9194E-01    0.0000E+00    0.0000E+00    0.0000E+00    3.9001E+02    3.3000E-04
9.0197E+01  1.6323E+00 3.8676E+02    9.9161E-01    0.0000E+00    0.0000E+00    0.0000E+00    4.4074E+02    3.3000E-04
8.6947E+01  1.9432E+00 3.9215E+02    9.9107E-01    0.0000E+00    0.0000E+00    0.0000E+00    5.0037E+02    3.3000E-04
8.3708E+01  2.3068E+00 3.9762E+02    9.9026E-01    0.0000E+00    0.0000E+00    0.0000E+00    5.7090E+02    3.3000E-04
8.0482E+01  2.7308E+00 4.0316E+02    9.8919E-01    0.0000E+00    0.0000E+00    0.0000E+00    6.5491E+02    3.3000E-04
7.7267E+01  3.2239E+00 4.0880E+02    9.9012E-01    0.0000E+00    0.0000E+00    0.0000E+00    7.5587E+02    3.3000E-04
7.4064E+01  3.7955E+00 4.1452E+02    9.9082E-01    0.0000E+00    0.0000E+00    0.0000E+00    8.7813E+02    3.3000E-04
7.0874E+01  4.4560E+00 4.2033E+02    9.9117E-01    0.0000E+00    0.0000E+00    0.0000E+00    1.0273E+03    3.3000E-04
6.7697E+01  5.2170E+00 4.2622E+02    9.9108E-01    0.0000E+00    0.0000E+00    0.0000E+00    1.2108E+03    3.3000E-04
6.4536E+01  6.0910E+00 4.3219E+02    9.9046E-01    0.0000E+00    0.0000E+00    0.0000E+00    1.4383E+03    3.3000E-04
6.1393E+01  7.0917E+00 4.3823E+02    9.8947E-01    0.0000E+00    0.0000E+00    0.0000E+00    1.7230E+03    3.3000E-04
5.8267E+01  8.2340E+00 4.4435E+02    9.9047E-01    0.0000E+00    0.0000E+00    0.0000E+00    2.0832E+03    3.3000E-04
5.5158E+01  9.5338E+00 4.5055E+02    9.9084E-01    0.0000E+00    0.0000E+00    0.0000E+00    2.5432E+03    3.3000E-04
5.2068E+01  1.1008E+01 4.5682E+02    9.9051E-01    0.0000E+00    0.0000E+00    0.0000E+00    3.1363E+03    3.3000E-04
4.8999E+01  1.2675E+01 4.6315E+02    9.8946E-01    0.0000E+00    0.0000E+00    0.0000E+00    3.9089E+03    3.3000E-04
4.5953E+01  1.4555E+01 4.6956E+02    9.9040E-01    0.0000E+00    0.0000E+00    0.0000E+00    4.9283E+03    3.3000E-04
4.2928E+01  1.6666E+01 4.7602E+02    9.9056E-01    0.0000E+00    0.0000E+00    0.0000E+00    6.2876E+03    3.3000E-04
3.9927E+01  1.9031E+01 4.8254E+02    9.8994E-01    0.0000E+00    0.0000E+00    0.0000E+00    8.1209E+03    3.3000E-04
3.6952E+01  2.1672E+01 4.8912E+02    9.9012E-01    0.0000E+00    0.0000E+00    0.0000E+00    1.0626E+04    3.3000E-04
3.4003E+01  2.4610E+01 4.9575E+02    9.9043E-01    0.0000E+00    0.0000E+00    0.0000E+00    1.4092E+04    3.3000E-04
3.1082E+01  2.7869E+01 5.0242E+02    9.8995E-01    0.0000E+00    0.0000E+00    0.0000E+00    1.8947E+04    3.3000E-04
2.8191E+01  3.1473E+01 5.0913E+02    9.9004E-01    0.0000E+00    0.0000E+00    0.0000E+00    2.5842E+04    3.3000E-04
2.5331E+01  3.5444E+01 5.1587E+02    9.9027E-01    0.0000E+00    0.0000E+00    0.0000E+00    3.5766E+04    3.3000E-04
2.2503E+01  3.9806E+01 5.2263E+02    9.8977E-01    0.0000E+00    0.0000E+00    0.0000E+00    5.0237E+04    3.3000E-04
1.9709E+01  4.4580E+01 5.2941E+02    9.8999E-01    0.0000E+00    0.0000E+00    0.0000E+00    7.1646E+04    3.3000E-04
1.6951E+01  4.9789E+01 5.3621E+02    9.9006E-01    0.0000E+00    0.0000E+00    0.0000E+00    1.0375E+05    3.3000E-04
1.4230E+01  5.5452E+01 5.4300E+02    9.8948E-01    0.0000E+00    0.0000E+00    0.0000E+00    1.5252E+05    3.3000E-04
1.1548E+01  6.1589E+01 5.4978E+02    9.8987E-01    0.0000E+00    0.0000E+00    0.0000E+00    2.2770E+05    3.3000E-04
8.9068E+00  6.8215E+01 5.5656E+02    9.8979E-01    0.0000E+00    0.0000E+00    0.0000E+00    3.4508E+05    3.3000E-04
6.3083E+00  7.5345E+01 5.6330E+02    9.8931E-01    0.0000E+00    0.0000E+00    0.0000E+00    5.3063E+05    3.3000E-04
3.7540E+00  8.2989E+01 5.7001E+02    9.8965E-01    0.0000E+00    0.0000E+00    0.0000E+00    8.2782E+05    3.3000E-04
1.2455E+00  9.1155E+01 5.7667E+02    9.8951E-01    0.0000E+00    0.0000E+00    0.0000E+00    1.3092E+06    3.3000E-04
0.0000E+00  9.5469E+01 5.8000E+02    9.8952E-01    0.0000E+00    0.0000E+00    0.0000E+00    1.6574E+06    3.3000E-04

     ALT          P          T          FH2O           O3           THEAT        TCOOL        PSATCO2        FCO2
3.3235E+02  1.2040E-08 2.0000E+02    9.9917E-01    0.0000E+00    0.0000E+00    0.0000E+00    1.5785E+00    3.3000E-04
3.2853E+02  1.7430E-08 2.0000E+02    9.9917E-01    0.0000E+00    0.0000E+00    0.0000E+00    1.5785E+00    3.3000E-04
3.2474E+02  2.5162E-08 2.0000E+02    9.9917E-01    0.0000E+00    0.0000E+00    0.0000E+00    1.5785E+00    3.3000E-04
3.2099E+02  3.6223E-08 2.0000E+02    9.9917E-01    0.0000E+00    0.0000E+00    0.0000E+00    1.5785E+00    3.3000E-04
3.1726E+02  5.1998E-08 2.0000E+02    9.9917E-01    0.0000E+00    0.0000E+00    0.0000E+00    1.5785E+00    3.3000E-04
3.1357E+02  7.4435E-08 2.0000E+02    9.9917E-01    0.0000E+00    0.0000E+00    0.0000E+00    1.5785E+00    3.3000E-04
3.0991E+02  1.0626E-07 2.0000E+02    9.9917E-01    0.0000E+00    0.0000E+00    0.0000E+00    1.5785E+00    3.3000E-04
3.0629E+02  1.5125E-07 2.0000E+02    9.9917E-01    0.0000E+00    0.0000E+00    0.0000E+00    1.5785E+00    3.3000E-04
3.0270E+02  2.1470E-07 2.0000E+02    9.9917E-01    0.0000E+00    0.0000E+00    0.0000E+00    1.5785E+00    3.3000E-04
2.9914E+02  3.0392E-07 2.0000E+02    9.9917E-01    0.0000E+00    0.0000E+00    0.0000E+00    1.5785E+00    3.3000E-04
2.9561E+02  4.2900E-07 2.0000E+02    9.9917E-01    0.0000E+00    0.0000E+00    0.0000E+00    1.5785E+00    3.3000E-04
2.9211E+02  6.0386E-07 2.0000E+02    9.9917E-01    0.0000E+00    0.0000E+00    0.0000E+00    1.5785E+00    3.3000E-04
2.8865E+02  8.4760E-07 2.0000E+02    9.9917E-01    0.0000E+00    0.0000E+00    0.0000E+00    1.5785E+00    3.3000E-04
2.8522E+02  1.1864E-06 2.0000E+02    9.9917E-01    0.0000E+00    0.0000E+00    0.0000E+00    1.5785E+00    3.3000E-04
2.8182E+02  1.6560E-06 2.0000E+02    9.9917E-01    0.0000E+00    0.0000E+00    0.0000E+00    1.5785E+00    3.3000E-04
2.7844E+02  2.3049E-06 2.0217E+02    9.9917E-01    0.0000E+00    0.0000E+00    0.0000E+00    1.8652E+00    3.3000E-04
2.7505E+02  3.1992E-06 2.0438E+02    9.9919E-01    0.0000E+00    0.0000E+00    0.0000E+00    2.2027E+00    3.3000E-04
2.7166E+02  4.4281E-06 2.0662E+02    9.9922E-01    0.0000E+00    0.0000E+00    0.0000E+00    2.5974E+00    3.3000E-04
2.6826E+02  6.1117E-06 2.0888E+02    9.9924E-01    0.0000E+00    0.0000E+00    0.0000E+00    3.0583E+00    3.3000E-04
2.6486E+02  8.4118E-06 2.1118E+02    9.9927E-01    0.0000E+00    0.0000E+00    0.0000E+00    3.5956E+00    3.3000E-04
2.6145E+02  1.1545E-05 2.1351E+02    9.9929E-01    0.0000E+00    0.0000E+00    0.0000E+00    4.2210E+00    3.3000E-04
2.5804E+02  1.5801E-05 2.1587E+02    9.9931E-01    0.0000E+00    0.0000E+00    0.0000E+00    4.9478E+00    3.3000E-04
2.5463E+02  2.1566E-05 2.1826E+02    9.9934E-01    0.0000E+00    0.0000E+00    0.0000E+00    5.5726E+00    3.3000E-04
2.5121E+02  2.9351E-05 2.2068E+02    9.9936E-01    0.0000E+00    0.0000E+00    0.0000E+00    6.1705E+00    3.3000E-04
2.4779E+02  3.9834E-05 2.2313E+02    9.9938E-01    0.0000E+00    0.0000E+00    0.0000E+00    6.8243E+00    3.3000E-04
2.4437E+02  5.3910E-05 2.2562E+02    9.9941E-01    0.0000E+00    0.0000E+00    0.0000E+00    7.5385E+00    3.3000E-04
2.4094E+02  7.2756E-05 2.2813E+02    9.9943E-01    0.0000E+00    0.0000E+00    0.0000E+00    8.3177E+00    3.3000E-04
2.3752E+02  9.7915E-05 2.3068E+02    9.9945E-01    0.0000E+00    0.0000E+00    0.0000E+00    9.1667E+00    3.3000E-04
2.3409E+02  1.3140E-04 2.3326E+02    9.9947E-01    0.0000E+00    0.0000E+00    0.0000E+00    1.0091E+01    3.3000E-04
2.3065E+02  1.7585E-04 2.3588E+02    9.9949E-01    0.0000E+00    0.0000E+00    0.0000E+00    1.1095E+01    3.3000E-04
2.2722E+02  2.3468E-04 2.3853E+02    9.9951E-01    0.0000E+00    0.0000E+00    0.0000E+00    1.2186E+01    3.3000E-04
2.2379E+02  3.1231E-04 2.4121E+02    9.9953E-01    0.0000E+00    0.0000E+00    0.0000E+00    1.3369E+01    3.3000E-04
2.2035E+02  4.1445E-04 2.4392E+02    9.9955E-01    0.0000E+00    0.0000E+00    0.0000E+00    1.4650E+01    3.3000E-04
2.1692E+02  5.4845E-04 2.4667E+02    9.9957E-01    0.0000E+00    0.0000E+00    0.0000E+00    1.6038E+01    3.3000E-04
2.1348E+02  7.2374E-04 2.4945E+02    9.9959E-01    0.0000E+00    0.0000E+00    0.0000E+00    1.7538E+01    3.3000E-04
2.1004E+02  9.5239E-04 2.5227E+02    9.9961E-01    0.0000E+00    0.0000E+00    0.0000E+00    1.9159E+01    3.3000E-04
2.0660E+02  1.2498E-03 2.5512E+02    9.9963E-01    0.0000E+00    0.0000E+00    0.0000E+00    2.0909E+01    3.3000E-04
2.0317E+02  1.6354E-03 2.5801E+02    9.9965E-01    0.0000E+00    0.0000E+00    0.0000E+00    2.2796E+01    3.3000E-04
1.9973E+02  2.1340E-03 2.6093E+02    9.9967E-01    0.0000E+00    0.0000E+00    0.0000E+00    2.4830E+01    3.3000E-04
1.9630E+02  2.7768E-03 2.6389E+02    9.9968E-01    0.0000E+00    0.0000E+00    0.0000E+00    2.7021E+01    3.3000E-04
1.9287E+02  3.6031E-03 2.6688E+02    9.9970E-01    0.0000E+00    0.0000E+00    0.0000E+00    2.9379E+01    3.3000E-04
1.8943E+02  4.6623E-03 2.6991E+02    9.9972E-01    0.0000E+00    0.0000E+00    0.0000E+00    3.1916E+01    3.3000E-04
1.8601E+02  6.0159E-03 2.7297E+02    9.9973E-01    0.0000E+00    0.0000E+00    0.0000E+00    3.4644E+01    3.3000E-04
1.8258E+02  7.7407E-03 2.7643E+02    1.0000E+00    0.0000E+00    0.0000E+00    0.0000E+00    3.7929E+01    3.3000E-04
1.7915E+02  9.9321E-03 2.7999E+02    1.0000E+00    0.0000E+00    0.0000E+00    0.0000E+00    4.1546E+01    3.3000E-04
1.7572E+02  1.2708E-02 2.8361E+02    1.0000E+00    0.0000E+00    0.0000E+00    0.0000E+00    4.5490E+01    3.3000E-04
1.7228E+02  1.6215E-02 2.8729E+02    1.0000E+00    0.0000E+00    0.0000E+00    0.0000E+00    4.9791E+01    3.3000E-04
1.6885E+02  2.0631E-02 2.9105E+02    1.0000E+00    0.0000E+00    0.0000E+00    0.0000E+00    5.4502E+01    3.3000E-04
1.6541E+02  2.6176E-02 2.9489E+02    9.9829E-01    0.0000E+00    0.0000E+00    0.0000E+00    5.9658E+01    3.3000E-04
1.6198E+02  3.3118E-02 2.9879E+02    9.9830E-01    0.0000E+00    0.0000E+00    0.0000E+00    6.5290E+01    3.3000E-04
1.5855E+02  4.1785E-02 3.0275E+02    9.9510E-01    0.0000E+00    0.0000E+00    0.0000E+00    7.1438E+01    3.3000E-04
1.5512E+02  5.2571E-02 3.0680E+02    9.9905E-01    0.0000E+00    0.0000E+00    0.0000E+00    7.8219E+01    3.3000E-04
1.5168E+02  6.5957E-02 3.1093E+02    1.0000E+00    0.0000E+00    0.0000E+00    0.0000E+00    8.5686E+01    3.3000E-04
1.4825E+02  8.2519E-02 3.1513E+02    9.9905E-01    0.0000E+00    0.0000E+00    0.0000E+00    9.3912E+01    3.3000E-04
1.4481E+02  1.0295E-01 3.1941E+02    9.9905E-01    0.0000E+00    0.0000E+00    0.0000E+00    1.0298E+02    3.3000E-04
1.4138E+02  1.2808E-01 3.2376E+02    9.9618E-01    0.0000E+00    0.0000E+00    0.0000E+00    1.1300E+02    3.3000E-04
1.3796E+02  1.5890E-01 3.2817E+02    9.9236E-01    0.0000E+00    0.0000E+00    0.0000E+00    1.2408E+02    3.3000E-04
1.3454E+02  1.9658E-01 3.3267E+02    9.9361E-01    0.0000E+00    0.0000E+00    0.0000E+00    1.3643E+02    3.3000E-04
1.3112E+02  2.4251E-01 3.3726E+02    9.9456E-01    0.0000E+00    0.0000E+00    0.0000E+00    1.5025E+02    3.3000E-04
1.2771E+02  2.9835E-01 3.4194E+02    9.9514E-01    0.0000E+00    0.0000E+00    0.0000E+00    1.6576E+02    3.3000E-04
1.2429E+02  3.6600E-01 3.4671E+02    9.9545E-01    0.0000E+00    0.0000E+00    0.0000E+00    1.8323E+02    3.3000E-04
1.2088E+02  4.4774E-01 3.5156E+02    9.9559E-01    0.0000E+00    0.0000E+00    0.0000E+00    2.0300E+02    3.3000E-04
1.1747E+02  5.4620E-01 3.5650E+02    9.9558E-01    0.0000E+00    0.0000E+00    0.0000E+00    2.2545E+02    3.3000E-04
1.1406E+02  6.6444E-01 3.6153E+02    9.9547E-01    0.0000E+00    0.0000E+00    0.0000E+00    2.5108E+02    3.3000E-04
1.1067E+02  8.0602E-01 3.6665E+02    9.9523E-01    0.0000E+00    0.0000E+00    0.0000E+00    2.8050E+02    3.3000E-04
1.0727E+02  9.7502E-01 3.7186E+02    9.9484E-01    0.0000E+00    0.0000E+00    0.0000E+00    3.1445E+02    3.3000E-04
1.0389E+02  1.1761E+00 3.7716E+02    9.9425E-01    0.0000E+00    0.0000E+00    0.0000E+00    3.5386E+02    3.3000E-04
1.0051E+02  1.4148E+00 3.8255E+02    9.9339E-01    0.0000E+00    0.0000E+00    0.0000E+00    3.9987E+02    3.3000E-04
9.7138E+01  1.6971E+00 3.8803E+02    9.9219E-01    0.0000E+00    0.0000E+00    0.0000E+00    4.5396E+02    3.3000E-04
9.3777E+01  2.0300E+00 3.9360E+02    9.9268E-01    0.0000E+00    0.0000E+00    0.0000E+00    5.1807E+02    3.3000E-04
9.0423E+01  2.4215E+00 3.9928E+02    9.9355E-01    0.0000E+00    0.0000E+00    0.0000E+00    5.9464E+02    3.3000E-04
8.7076E+01  2.8803E+00 4.0505E+02    9.9408E-01    0.0000E+00    0.0000E+00    0.0000E+00    6.8679E+02    3.3000E-04
8.3740E+01  3.4164E+00 4.1092E+02    9.9414E-01    0.0000E+00    0.0000E+00    0.0000E+00    7.9854E+02    3.3000E-04
8.0414E+01  4.0410E+00 4.1688E+02    9.9358E-01    0.0000E+00    0.0000E+00    0.0000E+00    9.3515E+02    3.3000E-04
7.7101E+01  4.7664E+00 4.2292E+02    9.9233E-01    0.0000E+00    0.0000E+00    0.0000E+00    1.1036E+03    3.3000E-04
7.3801E+01  5.6062E+00 4.2907E+02    9.9307E-01    0.0000E+00    0.0000E+00    0.0000E+00    1.3136E+03    3.3000E-04
7.0513E+01  6.5756E+00 4.3531E+02    9.9368E-01    0.0000E+00    0.0000E+00    0.0000E+00    1.5779E+03    3.3000E-04
6.7239E+01  7.6909E+00 4.4164E+02    9.9340E-01    0.0000E+00    0.0000E+00    0.0000E+00    1.9139E+03    3.3000E-04
6.3981E+01  8.9702E+00 4.4806E+02    9.9217E-01    0.0000E+00    0.0000E+00    0.0000E+00    2.3453E+03    3.3000E-04
6.0740E+01  1.0433E+01 4.5457E+02    9.9318E-01    0.0000E+00    0.0000E+00    0.0000E+00    2.9066E+03    3.3000E-04
5.7514E+01  1.2100E+01 4.6117E+02    9.9332E-01    0.0000E+00    0.0000E+00    0.0000E+00    3.6451E+03    3.3000E-04
5.4308E+01  1.3995E+01 4.6784E+02    9.9237E-01    0.0000E+00    0.0000E+00    0.0000E+00    4.6279E+03    3.3000E-04
5.1121E+01  1.6141E+01 4.7460E+02    9.9303E-01    0.0000E+00    0.0000E+00    0.0000E+00    5.9551E+03    3.3000E-04
4.7955E+01  1.8563E+01 4.8144E+02    9.9307E-01    0.0000E+00    0.0000E+00    0.0000E+00    7.7705E+03    3.3000E-04
4.4811E+01  2.1289E+01 4.8834E+02    9.9228E-01    0.0000E+00    0.0000E+00    0.0000E+00    1.0287E+04    3.3000E-04
4.1690E+01  2.4348E+01 4.9532E+02    9.9302E-01    0.0000E+00    0.0000E+00    0.0000E+00    1.3833E+04    3.3000E-04
3.8594E+01  2.7767E+01 5.0236E+02    9.9257E-01    0.0000E+00    0.0000E+00    0.0000E+00    1.8898E+04    3.3000E-04
3.5523E+01  3.1579E+01 5.0946E+02    9.9275E-01    0.0000E+00    0.0000E+00    0.0000E+00    2.6254E+04    3.3000E-04
3.2481E+01  3.5812E+01 5.1661E+02    9.9276E-01    0.0000E+00    0.0000E+00    0.0000E+00    3.7106E+04    3.3000E-04
2.9467E+01  4.0500E+01 5.2381E+02    9.9244E-01    0.0000E+00    0.0000E+00    0.0000E+00    5.3381E+04    3.3000E-04
2.6484E+01  4.5672E+01 5.3105E+02    9.9274E-01    0.0000E+00    0.0000E+00    0.0000E+00    7.8214E+04    3.3000E-04
2.3534E+01  5.1361E+01 5.3831E+02    9.9213E-01    0.0000E+00    0.0000E+00    0.0000E+00    1.1673E+05    3.3000E-04
2.0617E+01  5.7597E+01 5.4560E+02    9.9262E-01    0.0000E+00    0.0000E+00    0.0000E+00    1.7756E+05    3.3000E-04
1.7736E+01  6.4409E+01 5.5291E+02    9.9207E-01    0.0000E+00    0.0000E+00    0.0000E+00    2.7524E+05    3.3000E-04
1.4893E+01  7.1824E+01 5.6021E+02    9.9245E-01    0.0000E+00    0.0000E+00    0.0000E+00    4.3496E+05    3.3000E-04
1.2089E+01  7.9869E+01 5.6751E+02    9.9209E-01    0.0000E+00    0.0000E+00    0.0000E+00    7.0041E+05    3.3000E-04
9.3264E+00  8.8566E+01 5.7480E+02    9.9225E-01    0.0000E+00    0.0000E+00    0.0000E+00    1.1493E+06    3.3000E-04
6.6067E+00  9.7935E+01 5.8205E+02    9.9207E-01    0.0000E+00    0.0000E+00    0.0000E+00    1.9205E+06    3.3000E-04
3.9323E+00  1.0799E+02 5.8926E+02    9.9199E-01    0.0000E+00    0.0000E+00    0.0000E+00    3.2659E+06    3.3000E-04
1.3049E+00  1.1875E+02 5.9642E+02    9.9199E-01    0.0000E+00    0.0000E+00    0.0000E+00    5.6473E+06    3.3000E-04
0.0000E+00  1.2443E+02 6.0000E+02    9.9196E-01    0.0000E+00    0.0000E+00    0.0000E+00    7.4861E+06    3.3000E-04

     ALT          P          T          FH2O           O3           THEAT        TCOOL        PSATCO2        FCO2
3.6214E+02  1.2115E-08 2.0000E+02    9.9884E-01    0.0000E+00    0.0000E+00    0.0000E+00    1.5785E+00    3.3000E-04
3.5818E+02  1.7758E-08 2.0000E+02    9.9884E-01    0.0000E+00    0.0000E+00    0.0000E+00    1.5785E+00    3.3000E-04
3.5425E+02  2.5952E-08 2.0000E+02    9.9884E-01    0.0000E+00    0.0000E+00    0.0000E+00    1.5785E+00    3.3000E-04
3.5036E+02  3.7818E-08 2.0000E+02    9.9884E-01    0.0000E+00    0.0000E+00    0.0000E+00    1.5785E+00    3.3000E-04
3.4650E+02  5.4950E-08 2.0000E+02    9.9884E-01    0.0000E+00    0.0000E+00    0.0000E+00    1.5785E+00    3.3000E-04
3.4268E+02  7.9611E-08 2.0000E+02    9.9884E-01    0.0000E+00    0.0000E+00    0.0000E+00    1.5785E+00    3.3000E-04
3.3889E+02  1.1501E-07 2.0000E+02    9.9884E-01    0.0000E+00    0.0000E+00    0.0000E+00    1.5785E+00    3.3000E-04
3.3513E+02  1.6566E-07 2.0000E+02    9.9884E-01    0.0000E+00    0.0000E+00    0.0000E+00    1.5785E+00    3.3000E-04
3.3141E+02  2.3792E-07 2.0000E+02    9.9884E-01    0.0000E+00    0.0000E+00    0.0000E+00    1.5785E+00    3.3000E-04
3.2772E+02  3.4073E-07 2.0000E+02    9.9884E-01    0.0000E+00    0.0000E+00    0.0000E+00    1.5785E+00    3.3000E-04
3.2407E+02  4.8654E-07 2.0000E+02    9.9884E-01    0.0000E+00    0.0000E+00    0.0000E+00    1.5785E+00    3.3000E-04
3.2045E+02  6.9274E-07 2.0000E+02    9.9884E-01    0.0000E+00    0.0000E+00    0.0000E+00    1.5785E+00    3.3000E-04
3.1686E+02  9.8347E-07 2.0000E+02    9.9884E-01    0.0000E+00    0.0000E+00    0.0000E+00    1.5785E+00    3.3000E-04
3.1331E+02  1.3922E-06 2.0000E+02    9.9884E-01    0.0000E+00    0.0000E+00    0.0000E+00    1.5785E+00    3.3000E-04
3.0978E+02  1.9650E-06 2.0111E+02    9.9884E-01    0.0000E+00    0.0000E+00    0.0000E+00    1.7198E+00    3.3000E-04
3.0625E+02  2.7655E-06 2.0339E+02    9.9887E-01    0.0000E+00    0.0000E+00    0.0000E+00    2.0454E+00    3.3000E-04
3.0272E+02  3.8809E-06 2.0570E+02    9.9890E-01    0.0000E+00    0.0000E+00    0.0000E+00    2.4290E+00    3.3000E-04
2.9918E+02  5.4303E-06 2.0804E+02    9.9893E-01    0.0000E+00    0.0000E+00    0.0000E+00    2.8800E+00    3.3000E-04
2.9563E+02  7.5763E-06 2.1042E+02    9.9895E-01    0.0000E+00    0.0000E+00    0.0000E+00    3.4095E+00    3.3000E-04
2.9208E+02  1.0540E-05 2.1283E+02    9.9898E-01    0.0000E+00    0.0000E+00    0.0000E+00    4.0301E+00    3.3000E-04
2.8852E+02  1.4620E-05 2.1528E+02    9.9901E-01    0.0000E+00    0.0000E+00    0.0000E+00    4.7563E+00    3.3000E-04
2.8496E+02  2.0221E-05 2.1776E+02    9.9904E-01    0.0000E+00    0.0000E+00    0.0000E+00    5.4545E+00    3.3000E-04
2.8140E+02  2.7887E-05 2.2027E+02    9.9907E-01    0.0000E+00    0.0000E+00    0.0000E+00    6.0665E+00    3.3000E-04
2.7782E+02  3.8347E-05 2.2282E+02    9.9909E-01    0.0000E+00    0.0000E+00    0.0000E+00    6.7387E+00    3.3000E-04
2.7425E+02  5.2579E-05 2.2541E+02    9.9912E-01    0.0000E+00    0.0000E+00    0.0000E+00    7.4762E+00    3.3000E-04
2.7066E+02  7.1884E-05 2.2803E+02    9.9915E-01    0.0000E+00    0.0000E+00    0.0000E+00    8.2841E+00    3.3000E-04
2.6708E+02  9.7991E-05 2.3069E+02    9.9917E-01    0.0000E+00    0.0000E+00    0.0000E+00    9.1682E+00    3.3000E-04
2.6349E+02  1.3319E-04 2.3338E+02    9.9920E-01    0.0000E+00    0.0000E+00    0.0000E+00    1.0134E+01    3.3000E-04
2.5989E+02  1.8052E-04 2.3611E+02    9.9922E-01    0.0000E+00    0.0000E+00    0.0000E+00    1.1189E+01    3.3000E-04
2.5630E+02  2.4395E-04 2.3888E+02    9.9925E-01    0.0000E+00    0.0000E+00    0.0000E+00    1.2339E+01    3.3000E-04
2.5269E+02  3.2872E-04 2.4169E+02    9.9927E-01    0.0000E+00    0.0000E+00    0.0000E+00    1.3591E+01    3.3000E-04
2.4909E+02  4.4166E-04 2.4454E+02    9.9930E-01    0.0000E+00    0.0000E+00    0.0000E+00    1.4953E+01    3.3000E-04
2.4548E+02  5.9168E-04 2.4742E+02    9.9932E-01    0.0000E+00    0.0000E+00    0.0000E+00    1.6434E+01    3.3000E-04
2.4187E+02  7.9037E-04 2.5035E+02    9.9934E-01    0.0000E+00    0.0000E+00    0.0000E+00    1.8041E+01    3.3000E-04
2.3826E+02  1.0527E-03 2.5331E+02    9.9937E-01    0.0000E+00    0.0000E+00    0.0000E+00    1.9785E+01    3.3000E-04
2.3464E+02  1.3981E-03 2.5632E+02    9.9939E-01    0.0000E+00    0.0000E+00    0.0000E+00    2.1674E+01    3.3000E-04
2.3103E+02  1.8514E-03 2.5936E+02    9.9941E-01    0.0000E+00    0.0000E+00    0.0000E+00    2.3721E+01    3.3000E-04
2.2741E+02  2.4445E-03 2.6245E+02    9.9943E-01    0.0000E+00    0.0000E+00    0.0000E+00    2.5935E+01    3.3000E-04
2.2379E+02  3.2184E-03 2.6557E+02    9.9946E-01    0.0000E+00    0.0000E+00    0.0000E+00    2.8330E+01    3.3000E-04
2.2017E+02  4.2250E-03 2.6874E+02    9.9948E-01    0.0000E+00    0.0000E+00    0.0000E+00    3.0919E+01    3.3000E-04
2.1655E+02  5.5303E-03 2.7195E+02    9.9950E-01    0.0000E+00    0.0000E+00    0.0000E+00    3.3716E+01    3.3000E-04
2.1292E+02  7.2180E-03 2.7546E+02    1.0000E+00    0.0000E+00    0.0000E+00    0.0000E+00    3.6981E+01    3.3000E-04
2.0930E+02  9.3934E-03 2.7918E+02    9.9706E-01    0.0000E+00    0.0000E+00    0.0000E+00    4.0708E+01    3.3000E-04
2.0567E+02  1.2189E-02 2.8297E+02    9.9709E-01    0.0000E+00    0.0000E+00    0.0000E+00    4.4779E+01    3.3000E-04
2.0204E+02  1.5771E-02 2.8686E+02    1.0000E+00    0.0000E+00    0.0000E+00    0.0000E+00    4.9268E+01    3.3000E-04
1.9840E+02  2.0346E-02 2.9083E+02    1.0000E+00    0.0000E+00    0.0000E+00    0.0000E+00    5.4209E+01    3.3000E-04
1.9475E+02  2.6173E-02 2.9488E+02    9.9952E-01    0.0000E+00    0.0000E+00    0.0000E+00    5.9648E+01    3.3000E-04
1.9110E+02  3.3571E-02 2.9902E+02    9.9952E-01    0.0000E+00    0.0000E+00    0.0000E+00    6.5633E+01    3.3000E-04
1.8745E+02  4.2935E-02 3.0321E+02    9.9259E-01    0.0000E+00    0.0000E+00    0.0000E+00    7.2190E+01    3.3000E-04
1.8381E+02  5.4752E-02 3.0750E+02    9.9492E-01    0.0000E+00    0.0000E+00    0.0000E+00    7.9455E+01    3.3000E-04
1.8015E+02  6.9619E-02 3.1190E+02    9.9702E-01    0.0000E+00    0.0000E+00    0.0000E+00    8.7524E+01    3.3000E-04
1.7649E+02  8.8267E-02 3.1639E+02    9.9825E-01    0.0000E+00    0.0000E+00    0.0000E+00    9.6495E+01    3.3000E-04
1.7282E+02  1.1159E-01 3.2097E+02    9.9885E-01    0.0000E+00    0.0000E+00    0.0000E+00    1.0649E+02    3.3000E-04
1.6915E+02  1.4066E-01 3.2566E+02    9.9907E-01    0.0000E+00    0.0000E+00    0.0000E+00    1.1765E+02    3.3000E-04
1.6547E+02  1.7679E-01 3.3043E+02    9.9909E-01    0.0000E+00    0.0000E+00    0.0000E+00    1.3015E+02    3.3000E-04
1.6179E+02  2.2156E-01 3.3531E+02    9.9904E-01    0.0000E+00    0.0000E+00    0.0000E+00    1.4422E+02    3.3000E-04
1.5811E+02  2.7686E-01 3.4029E+02    9.9901E-01    0.0000E+00    0.0000E+00    0.0000E+00    1.6012E+02    3.3000E-04
1.5443E+02  3.4496E-01 3.4537E+02    9.9901E-01    0.0000E+00    0.0000E+00    0.0000E+00    1.7816E+02    3.3000E-04
1.5074E+02  4.2857E-01 3.5056E+02    9.9901E-01    0.0000E+00    0.0000E+00    0.0000E+00    1.9875E+02    3.3000E-04
1.4706E+02  5.3090E-01 3.5586E+02    9.9891E-01    0.0000E+00    0.0000E+00    0.0000E+00    2.2238E+02    3.3000E-04
1.4337E+02  6.5577E-01 3.6127E+02    9.9857E-01    0.0000E+00    0.0000E+00    0.0000E+00    2.4964E+02    3.3000E-04
1.3968E+02  8.0765E-01 3.6678E+02    9.9783E-01    0.0000E+00    0.0000E+00    0.0000E+00    2.8129E+02    3.3000E-04
1.3600E+02  9.9184E-01 3.7241E+02    9.9653E-01    0.0000E+00    0.0000E+00    0.0000E+00    3.1828E+02    3.3000E-04
1.3231E+02  1.2145E+00 3.7815E+02    9.9450E-01    0.0000E+00    0.0000E+00    0.0000E+00    3.6181E+02    3.3000E-04
1.2863E+02  1.4828E+00 3.8402E+02    9.9614E-01    0.0000E+00    0.0000E+00    0.0000E+00    4.1359E+02    3.3000E-04
1.2495E+02  1.8052E+00 3.9001E+02    9.9711E-01    0.0000E+00    0.0000E+00    0.0000E+00    4.7566E+02    3.3000E-04
1.2127E+02  2.1913E+00 3.9613E+02    9.9707E-01    0.0000E+00    0.0000E+00    0.0000E+00    5.5068E+02    3.3000E-04
1.1759E+02  2.6523E+00 4.0237E+02    9.9581E-01    0.0000E+00    0.0000E+00    0.0000E+00    6.4210E+02    3.3000E-04
1.1391E+02  3.2010E+00 4.0874E+02    9.9548E-01    0.0000E+00    0.0000E+00    0.0000E+00    7.5475E+02    3.3000E-04
1.1024E+02  3.8520E+00 4.1525E+02    9.9661E-01    0.0000E+00    0.0000E+00    0.0000E+00    8.9521E+02    3.3000E-04
1.0657E+02  4.6219E+00 4.2188E+02    9.9606E-01    0.0000E+00    0.0000E+00    0.0000E+00    1.0721E+03    3.3000E-04
1.0290E+02  5.5297E+00 4.2864E+02    9.9525E-01    0.0000E+00    0.0000E+00    0.0000E+00    1.2975E+03    3.3000E-04
9.9242E+01  6.5966E+00 4.3554E+02    9.9629E-01    0.0000E+00    0.0000E+00    0.0000E+00    1.5889E+03    3.3000E-04
9.5588E+01  7.8467E+00 4.4257E+02    9.9524E-01    0.0000E+00    0.0000E+00    0.0000E+00    1.9700E+03    3.3000E-04
9.1942E+01  9.3065E+00 4.4974E+02    9.9590E-01    0.0000E+00    0.0000E+00    0.0000E+00    2.4768E+03    3.3000E-04
8.8302E+01  1.1006E+01 4.5704E+02    9.9557E-01    0.0000E+00    0.0000E+00    0.0000E+00    3.1602E+03    3.3000E-04
8.4672E+01  1.2978E+01 4.6448E+02    9.9567E-01    0.0000E+00    0.0000E+00    0.0000E+00    4.0977E+03    3.3000E-04
8.1051E+01  1.5259E+01 4.7204E+02    9.9549E-01    0.0000E+00    0.0000E+00    0.0000E+00    5.4056E+03    3.3000E-04
7.7440E+01  1.7889E+01 4.7974E+02    9.9567E-01    0.0000E+00    0.0000E+00    0.0000E+00    7.2658E+03    3.3000E-04
7.3842E+01  2.0912E+01 4.8757E+02    9.9513E-01    0.0000E+00    0.0000E+00    0.0000E+00    9.9607E+03    3.3000E-04
7.0257E+01  2.4375E+01 4.9552E+02    9.9566E-01    0.0000E+00    0.0000E+00    0.0000E+00    1.3953E+04    3.3000E-04
6.6685E+01  2.8329E+01 5.0360E+02    9.9502E-01    0.0000E+00    0.0000E+00    0.0000E+00    1.9989E+04    3.3000E-04
6.3130E+01  3.2829E+01 5.1180E+02    9.9534E-01    0.0000E+00    0.0000E+00    0.0000E+00    2.9341E+04    3.3000E-04
5.9590E+01  3.7933E+01 5.2011E+02    9.9545E-01    0.0000E+00    0.0000E+00    0.0000E+00    4.4188E+04    3.3000E-04
5.6070E+01  4.3705E+01 5.2853E+02    9.9491E-01    0.0000E+00    0.0000E+00    0.0000E+00    6.8354E+04    3.3000E-04
5.2550E+01  5.0208E+01 5.4272E+02    9.9638E-01    0.0000E+00    0.0000E+00    0.0000E+00    1.5006E+05    3.3000E-04
4.9005E+01  5.7512E+01 5.5963E+02    9.9638E-01    0.0000E+00    0.0000E+00    0.0000E+00    4.1907E+05    3.3000E-04
4.5432E+01  6.5688E+01 5.7676E+02    9.9638E-01    0.0000E+00    0.0000E+00    0.0000E+00    1.3182E+06    3.3000E-04
4.1835E+01  7.4809E+01 5.9409E+02    9.9638E-01    0.0000E+00    0.0000E+00    0.0000E+00    4.7156E+06    3.3000E-04
3.8216E+01  8.4950E+01 6.1161E+02    9.9636E-01    0.0000E+00    0.0000E+00    0.0000E+00    1.9381E+07    3.3000E-04
3.4581E+01  9.6186E+01 6.2928E+02    9.9635E-01    0.0000E+00    0.0000E+00    0.0000E+00    9.2384E+07    3.3000E-04
3.0932E+01  1.0859E+02 6.4710E+02    9.9635E-01    0.0000E+00    0.0000E+00    0.0000E+00    5.1531E+08    3.3000E-04
2.7274E+01  1.2225E+02 6.6503E+02    9.9635E-01    0.0000E+00    0.0000E+00    0.0000E+00    3.3920E+09    3.3000E-04
2.3611E+01  1.3722E+02 6.8304E+02    9.9634E-01    0.0000E+00    0.0000E+00    0.0000E+00    2.6544E+10    3.3000E-04
1.9948E+01  1.5357E+02 7.0111E+02    9.9633E-01    0.0000E+00    0.0000E+00    0.0000E+00    2.4862E+11    3.3000E-04
1.6290E+01  1.7138E+02 7.1920E+02    9.9633E-01    0.0000E+00    0.0000E+00    0.0000E+00    2.8002E+12    3.3000E-04
1.2640E+01  1.9070E+02 7.3728E+02    9.9632E-01    0.0000E+00    0.0000E+00    0.0000E+00    3.8059E+13    3.3000E-04
9.0050E+00  2.1159E+02 7.5531E+02    9.9632E-01    0.0000E+00    0.0000E+00    0.0000E+00    6.2522E+14    3.3000E-04
5.3891E+00  2.3408E+02 7.7325E+02    9.9633E-01    0.0000E+00    0.0000E+00    0.0000E+00    1.2413E+16    3.3000E-04
1.7979E+00  2.5821E+02 7.9108E+02    9.9632E-01    0.0000E+00    0.0000E+00    0.0000E+00    2.9720E+17    3.3000E-04
0.0000E+00  2.7100E+02 8.0000E+02    9.9631E-01    0.0000E+00    0.0000E+00    0.0000E+00    1.5781E+18    3.3000E-04

     ALT          P          T          FH2O           O3           THEAT        TCOOL        PSATCO2        FCO2
3.8361E+02  1.2115E-08 2.0000E+02    9.9080E-01    0.0000E+00    0.0000E+00    0.0000E+00    1.5785E+00    3.3000E-04
3.7963E+02  1.7758E-08 2.0000E+02    9.9080E-01    0.0000E+00    0.0000E+00    0.0000E+00    1.5785E+00    3.3000E-04
3.7569E+02  2.5952E-08 2.0000E+02    9.9080E-01    0.0000E+00    0.0000E+00    0.0000E+00    1.5785E+00    3.3000E-04
3.7178E+02  3.7818E-08 2.0000E+02    9.9080E-01    0.0000E+00    0.0000E+00    0.0000E+00    1.5785E+00    3.3000E-04
3.6791E+02  5.4950E-08 2.0000E+02    9.9080E-01    0.0000E+00    0.0000E+00    0.0000E+00    1.5785E+00    3.3000E-04
3.6407E+02  7.9611E-08 2.0000E+02    9.9080E-01    0.0000E+00    0.0000E+00    0.0000E+00    1.5785E+00    3.3000E-04
3.6026E+02  1.1501E-07 2.0000E+02    9.9080E-01    0.0000E+00    0.0000E+00    0.0000E+00    1.5785E+00    3.3000E-04
3.5649E+02  1.6566E-07 2.0000E+02    9.9080E-01    0.0000E+00    0.0000E+00    0.0000E+00    1.5785E+00    3.3000E-04
3.5275E+02  2.3792E-07 2.0000E+02    9.9080E-01    0.0000E+00    0.0000E+00    0.0000E+00    1.5785E+00    3.3000E-04
3.4905E+02  3.4073E-07 2.0000E+02    9.9080E-01    0.0000E+00    0.0000E+00    0.0000E+00    1.5785E+00    3.3000E-04
3.4538E+02  4.8654E-07 2.0000E+02    9.9080E-01    0.0000E+00    0.0000E+00    0.0000E+00    1.5785E+00    3.3000E-04
3.4174E+02  6.9274E-07 2.0000E+02    9.9080E-01    0.0000E+00    0.0000E+00    0.0000E+00    1.5785E+00    3.3000E-04
3.3814E+02  9.8347E-07 2.0000E+02    9.9080E-01    0.0000E+00    0.0000E+00    0.0000E+00    1.5785E+00    3.3000E-04
3.3457E+02  1.3922E-06 2.0000E+02    9.9080E-01    0.0000E+00    0.0000E+00    0.0000E+00    1.5785E+00    3.3000E-04
3.3103E+02  1.9650E-06 2.0105E+02    9.9080E-01    0.0000E+00    0.0000E+00    0.0000E+00    1.7128E+00    3.3000E-04
3.2749E+02  2.7655E-06 2.0333E+02    9.9091E-01    0.0000E+00    0.0000E+00    0.0000E+00    2.0372E+00    3.3000E-04
3.2394E+02  3.8809E-06 2.0564E+02    9.9101E-01    0.0000E+00    0.0000E+00    0.0000E+00    2.4192E+00    3.3000E-04
3.2039E+02  5.4303E-06 2.0799E+02    9.9112E-01    0.0000E+00    0.0000E+00    0.0000E+00    2.8685E+00    3.3000E-04
3.1683E+02  7.5763E-06 2.1037E+02    9.9122E-01    0.0000E+00    0.0000E+00    0.0000E+00    3.3961E+00    3.3000E-04
3.1327E+02  1.0540E-05 2.1278E+02    9.9132E-01    0.0000E+00    0.0000E+00    0.0000E+00    4.0144E+00    3.3000E-04
3.0970E+02  1.4620E-05 2.1522E+02    9.9143E-01    0.0000E+00    0.0000E+00    0.0000E+00    4.7380E+00    3.3000E-04
3.0612E+02  2.0221E-05 2.1770E+02    9.9153E-01    0.0000E+00    0.0000E+00    0.0000E+00    5.4409E+00    3.3000E-04
3.0254E+02  2.7887E-05 2.2021E+02    9.9163E-01    0.0000E+00    0.0000E+00    0.0000E+00    6.0515E+00    3.3000E-04
2.9896E+02  3.8347E-05 2.2276E+02    9.9172E-01    0.0000E+00    0.0000E+00    0.0000E+00    6.7223E+00    3.3000E-04
2.9537E+02  5.2579E-05 2.2535E+02    9.9182E-01    0.0000E+00    0.0000E+00    0.0000E+00    7.4582E+00    3.3000E-04
2.9177E+02  7.1884E-05 2.2797E+02    9.9192E-01    0.0000E+00    0.0000E+00    0.0000E+00    8.2644E+00    3.3000E-04
2.8817E+02  9.7991E-05 2.3062E+02    9.9201E-01    0.0000E+00    0.0000E+00    0.0000E+00    9.1466E+00    3.3000E-04
2.8457E+02  1.3319E-04 2.3332E+02    9.9211E-01    0.0000E+00    0.0000E+00    0.0000E+00    1.0111E+01    3.3000E-04
2.8096E+02  1.8052E-04 2.3605E+02    9.9220E-01    0.0000E+00    0.0000E+00    0.0000E+00    1.1163E+01    3.3000E-04
2.7735E+02  2.4395E-04 2.3882E+02    9.9229E-01    0.0000E+00    0.0000E+00    0.0000E+00    1.2311E+01    3.3000E-04
2.7373E+02  3.2872E-04 2.4163E+02    9.9238E-01    0.0000E+00    0.0000E+00    0.0000E+00    1.3561E+01    3.3000E-04
2.7012E+02  4.4166E-04 2.4447E+02    9.9247E-01    0.0000E+00    0.0000E+00    0.0000E+00    1.4920E+01    3.3000E-04
2.6650E+02  5.9168E-04 2.4736E+02    9.9256E-01    0.0000E+00    0.0000E+00    0.0000E+00    1.6398E+01    3.3000E-04
2.6287E+02  7.9037E-04 2.5028E+02    9.9265E-01    0.0000E+00    0.0000E+00    0.0000E+00    1.8002E+01    3.3000E-04
2.5925E+02  1.0527E-03 2.5324E+02    9.9273E-01    0.0000E+00    0.0000E+00    0.0000E+00    1.9742E+01    3.3000E-04
2.5562E+02  1.3981E-03 2.5625E+02    9.9282E-01    0.0000E+00    0.0000E+00    0.0000E+00    2.1629E+01    3.3000E-04
2.5199E+02  1.8514E-03 2.5929E+02    9.9291E-01    0.0000E+00    0.0000E+00    0.0000E+00    2.3671E+01    3.3000E-04
2.4836E+02  2.4445E-03 2.6238E+02    9.9299E-01    0.0000E+00    0.0000E+00    0.0000E+00    2.5881E+01    3.3000E-04
2.4472E+02  3.2184E-03 2.6550E+02    9.9307E-01    0.0000E+00    0.0000E+00    0.0000E+00    2.8272E+01    3.3000E-04
2.4109E+02  4.2250E-03 2.6867E+02    9.9315E-01    0.0000E+00    0.0000E+00    0.0000E+00    3.0856E+01    3.3000E-04
2.3746E+02  5.5303E-03 2.7187E+02    9.9323E-01    0.0000E+00    0.0000E+00    0.0000E+00    3.3648E+01    3.3000E-04
2.3382E+02  7.2180E-03 2.7538E+02    1.0000E+00    0.0000E+00    0.0000E+00    0.0000E+00    3.6911E+01    3.3000E-04
2.3017E+02  9.3934E-03 2.7913E+02    9.9367E-01    0.0000E+00    0.0000E+00    0.0000E+00    4.0648E+01    3.3000E-04
2.2653E+02  1.2189E-02 2.8291E+02    9.9373E-01    0.0000E+00    0.0000E+00    0.0000E+00    4.4715E+01    3.3000E-04
2.2287E+02  1.5771E-02 2.8681E+02    1.0000E+00    0.0000E+00    0.0000E+00    0.0000E+00    4.9213E+01    3.3000E-04
2.1920E+02  2.0346E-02 2.9079E+02    1.0000E+00    0.0000E+00    0.0000E+00    0.0000E+00    5.4163E+01    3.3000E-04
2.1553E+02  2.6173E-02 2.9485E+02    9.9753E-01    0.0000E+00    0.0000E+00    0.0000E+00    5.9607E+01    3.3000E-04
2.1186E+02  3.3571E-02 2.9899E+02    9.9756E-01    0.0000E+00    0.0000E+00    0.0000E+00    6.5587E+01    3.3000E-04
2.0820E+02  4.2935E-02 3.0318E+02    9.9049E-01    0.0000E+00    0.0000E+00    0.0000E+00    7.2137E+01    3.3000E-04
2.0453E+02  5.4752E-02 3.0747E+02    9.9328E-01    0.0000E+00    0.0000E+00    0.0000E+00    7.9398E+01    3.3000E-04
2.0085E+02  6.9619E-02 3.1186E+02    9.9537E-01    0.0000E+00    0.0000E+00    0.0000E+00    8.7462E+01    3.3000E-04
1.9717E+02  8.8267E-02 3.1635E+02    9.9659E-01    0.0000E+00    0.0000E+00    0.0000E+00    9.6426E+01    3.3000E-04
1.9348E+02  1.1159E-01 3.2094E+02    9.9719E-01    0.0000E+00    0.0000E+00    0.0000E+00    1.0641E+02    3.3000E-04
1.8979E+02  1.4066E-01 3.2562E+02    9.9741E-01    0.0000E+00    0.0000E+00    0.0000E+00    1.1756E+02    3.3000E-04
1.8609E+02  1.7679E-01 3.3040E+02    9.9742E-01    0.0000E+00    0.0000E+00    0.0000E+00    1.3006E+02    3.3000E-04
1.8240E+02  2.2156E-01 3.3528E+02    9.9738E-01    0.0000E+00    0.0000E+00    0.0000E+00    1.4411E+02    3.3000E-04
1.7870E+02  2.7686E-01 3.4025E+02    9.9736E-01    0.0000E+00    0.0000E+00    0.0000E+00    1.5999E+02    3.3000E-04
1.7499E+02  3.4496E-01 3.4534E+02    9.9739E-01    0.0000E+00    0.0000E+00    0.0000E+00    1.7802E+02    3.3000E-04
1.7129E+02  4.2857E-01 3.5052E+02    9.9741E-01    0.0000E+00    0.0000E+00    0.0000E+00    1.9859E+02    3.3000E-04
1.6758E+02  5.3090E-01 3.5582E+02    9.9734E-01    0.0000E+00    0.0000E+00    0.0000E+00    2.2219E+02    3.3000E-04
1.6388E+02  6.5577E-01 3.6122E+02    9.9704E-01    0.0000E+00    0.0000E+00    0.0000E+00    2.4942E+02    3.3000E-04
1.6017E+02  8.0765E-01 3.6674E+02    9.9635E-01    0.0000E+00    0.0000E+00    0.0000E+00    2.8104E+02    3.3000E-04
1.5647E+02  9.9184E-01 3.7237E+02    9.9510E-01    0.0000E+00    0.0000E+00    0.0000E+00    3.1799E+02    3.3000E-04
1.5277E+02  1.2145E+00 3.7811E+02    9.9313E-01    0.0000E+00    0.0000E+00    0.0000E+00    3.6146E+02    3.3000E-04
1.4907E+02  1.4828E+00 3.8397E+02    9.9461E-01    0.0000E+00    0.0000E+00    0.0000E+00    4.1317E+02    3.3000E-04
1.4537E+02  1.8052E+00 3.8997E+02    9.9562E-01    0.0000E+00    0.0000E+00    0.0000E+00    4.7515E+02    3.3000E-04
1.4167E+02  2.1913E+00 3.9609E+02    9.9565E-01    0.0000E+00    0.0000E+00    0.0000E+00    5.5005E+02    3.3000E-04
1.3797E+02  2.6523E+00 4.0233E+02    9.9445E-01    0.0000E+00    0.0000E+00    0.0000E+00    6.4133E+02    3.3000E-04
1.3428E+02  3.2010E+00 4.0869E+02    9.9400E-01    0.0000E+00    0.0000E+00    0.0000E+00    7.5380E+02    3.3000E-04
1.3059E+02  3.8520E+00 4.1520E+02    9.9518E-01    0.0000E+00    0.0000E+00    0.0000E+00    8.9400E+02    3.3000E-04
1.2690E+02  4.6219E+00 4.2183E+02    9.9470E-01    0.0000E+00    0.0000E+00    0.0000E+00    1.0705E+03    3.3000E-04
1.2323E+02  5.5297E+00 4.2859E+02    9.9379E-01    0.0000E+00    0.0000E+00    0.0000E+00    1.2955E+03    3.3000E-04
1.1955E+02  6.5966E+00 4.3549E+02    9.9490E-01    0.0000E+00    0.0000E+00    0.0000E+00    1.5862E+03    3.3000E-04
1.1587E+02  7.8467E+00 4.4568E+02    9.9634E-01    0.0000E+00    0.0000E+00    0.0000E+00    2.1728E+03    3.3000E-04
1.1213E+02  9.3065E+00 4.6385E+02    9.9635E-01    0.0000E+00    0.0000E+00    0.0000E+00    4.0079E+03    3.3000E-04
1.0831E+02  1.1006E+01 4.8244E+02    9.9633E-01    0.0000E+00    0.0000E+00    0.0000E+00    8.0868E+03    3.3000E-04
1.0442E+02  1.2978E+01 5.0140E+02    9.9633E-01    0.0000E+00    0.0000E+00    0.0000E+00    1.8097E+04    3.3000E-04
1.0045E+02  1.5259E+01 5.2076E+02    9.9633E-01    0.0000E+00    0.0000E+00    0.0000E+00    4.5658E+04    3.3000E-04
9.6404E+01  1.7889E+01 5.4044E+02    9.9633E-01    0.0000E+00    0.0000E+00    0.0000E+00    1.3167E+05    3.3000E-04
9.2290E+01  2.0912E+01 5.6046E+02    9.9632E-01    0.0000E+00    0.0000E+00    0.0000E+00    4.4173E+05    3.3000E-04
8.8108E+01  2.4375E+01 5.8077E+02    9.9632E-01    0.0000E+00    0.0000E+00    0.0000E+00    1.7510E+06    3.3000E-04
8.3864E+01  2.8329E+01 6.0136E+02    9.9632E-01    0.0000E+00    0.0000E+00    0.0000E+00    8.3431E+06    3.3000E-04
7.9560E+01  3.2829E+01 6.2220E+02    9.9631E-01    0.0000E+00    0.0000E+00    0.0000E+00    4.8600E+07    3.3000E-04
7.5201E+01  3.7933E+01 6.4328E+02    9.9631E-01    0.0000E+00    0.0000E+00    0.0000E+00    3.5196E+08    3.3000E-04
7.0792E+01  4.3705E+01 6.6456E+02    9.9631E-01    0.0000E+00    0.0000E+00    0.0000E+00    3.2228E+09    3.3000E-04
6.6337E+01  5.0208E+01 6.8602E+02    9.9630E-01    0.0000E+00    0.0000E+00    0.0000E+00    3.7930E+10    3.3000E-04
6.1840E+01  5.7512E+01 7.0763E+02    9.9630E-01    0.0000E+00    0.0000E+00    0.0000E+00    5.8287E+11    3.3000E-04
5.7308E+01  6.5688E+01 7.2937E+02    9.9630E-01    0.0000E+00    0.0000E+00    0.0000E+00    1.1874E+13    3.3000E-04
5.2745E+01  7.4809E+01 7.5121E+02    9.9629E-01    0.0000E+00    0.0000E+00    0.0000E+00    3.2524E+14    3.3000E-04
4.8157E+01  8.4950E+01 7.7312E+02    9.9629E-01    0.0000E+00    0.0000E+00    0.0000E+00    1.2133E+16    3.3000E-04
4.3550E+01  9.6186E+01 7.9508E+02    9.9628E-01    0.0000E+00    0.0000E+00    0.0000E+00    6.2370E+17    3.3000E-04
3.8930E+01  1.0859E+02 8.1704E+02    9.9628E-01    0.0000E+00    0.0000E+00    0.0000E+00    4.4608E+19    3.3000E-04
3.4303E+01  1.2225E+02 8.3899E+02    9.9628E-01    0.0000E+00    0.0000E+00    0.0000E+00    4.4750E+21    3.3000E-04
2.9675E+01  1.3722E+02 8.6090E+02    9.9628E-01    0.0000E+00    0.0000E+00    0.0000E+00    6.3338E+23    3.3000E-04
2.5052E+01  1.5357E+02 8.8272E+02    9.9632E-01    0.0000E+00    0.0000E+00    0.0000E+00    1.2690E+26    3.3000E-04
2.0442E+01  1.7138E+02 9.0443E+02    9.9631E-01    0.0000E+00    0.0000E+00    0.0000E+00    3.6030E+28    3.3000E-04
1.5849E+01  1.9070E+02 9.2601E+02    9.9629E-01    0.0000E+00    0.0000E+00    0.0000E+00    1.4483E+31    3.3000E-04
1.1282E+01  2.1159E+02 9.4741E+02    9.9629E-01    0.0000E+00    0.0000E+00    0.0000E+00    8.2074E+33    3.3000E-04
6.7458E+00  2.3408E+02 9.6860E+02    9.9628E-01    0.0000E+00    0.0000E+00    0.0000E+00    6.5092E+36    3.3000E-04
2.2485E+00  2.5821E+02 9.8955E+02    9.9632E-01    0.0000E+00    0.0000E+00    0.0000E+00    7.1086E+39    3.3000E-04
0.0000E+00  2.7100E+02 1.0000E+03    9.9631E-01    0.0000E+00    0.0000E+00    0.0000E+00    2.7189E+41    3.3000E-04
